121.42,-39.943
121.39,-38.1421
121.47,-36.5034
121.58,-34.9938
121.6,-33.59
121.65,-32.2743
121.69,-31.0334
121.72,-29.8569
121.73,-28.7362
121.75,-27.6647
121.76,-26.6365
121.79,-25.6469
121.82,-24.6918
121.86,-23.7679
121.87,-22.8721
121.89,-22.0019
121.9,-21.1548
121.9,-20.329
121.88,-19.5226
121.89,-18.734
121.93,-17.9619
121.94,-17.2048
121.94,-16.4617
121.95,-15.7314
123.97,-15.013
123.98,-14.3056
123.98,-13.6084
123.97,-12.9206
123.97,-12.2415
123.97,-11.5704
123.95,-10.9068
123.93,-10.25
123.93,-9.5995
123.92,-8.95483
123.93,-8.31549
123.92,-7.68101
123.91,-7.05095
123.91,-6.42491
123.9,-5.80247
123.91,-5.18326
123.91,-4.5669
123.92,-3.95303
123.93,-3.3413
123.95,-2.73136
123.94,-2.12289
123.94,-1.51555
123.93,-0.90901
123.92,-0.30295
121.91,0.302949
121.91,0.909006
121.92,1.515545
121.92,2.122888
121.9,2.731362
121.89,3.341297
121.88,3.953028
121.88,4.566898
121.88,5.183259
121.87,5.802471
121.87,6.424907
121.88,7.050952
121.89,7.681006
121.88,8.315488
121.87,8.954834
121.85,9.599501
121.85,10.24997
121.86,10.90676
121.83,11.5704
121.81,12.24148
121.81,12.92059
121.81,13.60841
121.78,14.30563
121.73,15.01303
123.73,15.73141
123.76,16.46168
123.77,17.20481
123.76,17.96188
123.75,18.73404
123.74,19.5226
123.75,20.32899
123.72,21.15481
123.71,22.00185
123.7,22.87213
123.68,23.76793
123.66,24.69184
123.67,25.64687
123.66,26.63647
123.65,27.66467
123.67,28.73624
123.71,29.85687
123.69,31.03341
123.71,32.27427
123.75,33.58996
123.78,34.99383
123.72,36.50335
123.72,38.14207
123.72,39.94304
120.89,-39.943
120.86,-38.1421
120.94,-36.5034
121.05,-34.9938
121.07,-33.59
121.12,-32.2743
121.16,-31.0334
121.19,-29.8569
121.2,-28.7362
121.22,-27.6647
121.23,-26.6365
121.26,-25.6469
121.29,-24.6918
121.33,-23.7679
121.34,-22.8721
121.36,-22.0019
121.37,-21.1548
121.37,-20.329
121.35,-19.5226
121.36,-18.734
121.4,-17.9619
121.41,-17.2048
121.41,-16.4617
121.42,-15.7314
123.44,-15.013
123.45,-14.3056
123.45,-13.6084
123.44,-12.9206
123.44,-12.2415
123.44,-11.5704
123.42,-10.9068
123.4,-10.25
123.4,-9.5995
123.39,-8.95483
123.4,-8.31549
123.39,-7.68101
123.38,-7.05095
123.38,-6.42491
123.37,-5.80247
123.38,-5.18326
123.38,-4.5669
123.39,-3.95303
123.4,-3.3413
123.42,-2.73136
123.41,-2.12289
123.41,-1.51555
123.4,-0.90901
123.39,-0.30295
121.38,0.302949
121.38,0.909006
121.39,1.515545
121.39,2.122888
121.37,2.731362
121.36,3.341297
121.35,3.953028
121.35,4.566898
121.35,5.183259
121.34,5.802471
121.34,6.424907
121.35,7.050952
121.36,7.681006
121.35,8.315488
121.34,8.954834
121.32,9.599501
121.32,10.24997
121.33,10.90676
121.3,11.5704
121.28,12.24148
121.28,12.92059
121.28,13.60841
121.25,14.30563
121.2,15.01303
123.2,15.73141
123.23,16.46168
123.24,17.20481
123.23,17.96188
123.22,18.73404
123.21,19.5226
123.22,20.32899
123.19,21.15481
123.18,22.00185
123.17,22.87213
123.15,23.76793
123.13,24.69184
123.14,25.64687
123.13,26.63647
123.12,27.66467
123.14,28.73624
123.18,29.85687
123.16,31.03341
123.18,32.27427
123.22,33.58996
123.25,34.99383
123.19,36.50335
123.19,38.14207
123.19,39.94304
120.37,-39.943
120.34,-38.1421
120.42,-36.5034
120.53,-34.9938
120.55,-33.59
120.6,-32.2743
120.64,-31.0334
120.67,-29.8569
120.68,-28.7362
120.7,-27.6647
120.71,-26.6365
120.74,-25.6469
120.77,-24.6918
120.81,-23.7679
120.82,-22.8721
120.84,-22.0019
120.85,-21.1548
120.85,-20.329
120.83,-19.5226
120.84,-18.734
120.88,-17.9619
120.89,-17.2048
120.89,-16.4617
120.9,-15.7314
122.92,-15.013
122.93,-14.3056
122.93,-13.6084
122.92,-12.9206
122.92,-12.2415
122.92,-11.5704
122.9,-10.9068
122.88,-10.25
122.88,-9.5995
122.87,-8.95483
122.88,-8.31549
122.87,-7.68101
122.86,-7.05095
122.86,-6.42491
122.85,-5.80247
122.86,-5.18326
122.86,-4.5669
122.87,-3.95303
122.88,-3.3413
122.9,-2.73136
122.89,-2.12289
122.89,-1.51555
122.88,-0.90901
122.87,-0.30295
120.86,0.302949
120.86,0.909006
120.87,1.515545
120.87,2.122888
120.85,2.731362
120.84,3.341297
120.83,3.953028
120.83,4.566898
120.83,5.183259
120.82,5.802471
120.82,6.424907
120.83,7.050952
120.84,7.681006
120.83,8.315488
120.82,8.954834
120.8,9.599501
120.8,10.24997
120.81,10.90676
120.78,11.5704
120.76,12.24148
120.76,12.92059
120.76,13.60841
120.73,14.30563
120.68,15.01303
122.68,15.73141
122.71,16.46168
122.72,17.20481
122.71,17.96188
122.7,18.73404
122.69,19.5226
122.7,20.32899
122.67,21.15481
122.66,22.00185
122.65,22.87213
122.63,23.76793
122.61,24.69184
122.62,25.64687
122.61,26.63647
122.6,27.66467
122.62,28.73624
122.66,29.85687
122.64,31.03341
122.66,32.27427
122.7,33.58996
122.73,34.99383
122.67,36.50335
122.67,38.14207
122.67,39.94304
119.85,-39.943
119.82,-38.1421
119.9,-36.5034
120.01,-34.9938
120.03,-33.59
120.08,-32.2743
120.12,-31.0334
120.15,-29.8569
120.16,-28.7362
120.18,-27.6647
120.19,-26.6365
120.22,-25.6469
120.25,-24.6918
120.29,-23.7679
120.3,-22.8721
120.32,-22.0019
120.33,-21.1548
120.33,-20.329
120.31,-19.5226
120.32,-18.734
120.36,-17.9619
120.37,-17.2048
120.37,-16.4617
120.38,-15.7314
122.4,-15.013
122.41,-14.3056
122.41,-13.6084
122.4,-12.9206
122.4,-12.2415
122.4,-11.5704
122.38,-10.9068
122.36,-10.25
122.36,-9.5995
122.35,-8.95483
122.36,-8.31549
122.35,-7.68101
122.34,-7.05095
122.34,-6.42491
122.33,-5.80247
122.34,-5.18326
122.34,-4.5669
122.35,-3.95303
122.36,-3.3413
122.38,-2.73136
122.37,-2.12289
122.37,-1.51555
122.36,-0.90901
122.35,-0.30295
120.34,0.302949
120.34,0.909006
120.35,1.515545
120.35,2.122888
120.33,2.731362
120.32,3.341297
120.31,3.953028
120.31,4.566898
120.31,5.183259
120.3,5.802471
120.3,6.424907
120.31,7.050952
120.32,7.681006
120.31,8.315488
120.3,8.954834
120.28,9.599501
120.28,10.24997
120.29,10.90676
120.26,11.5704
120.24,12.24148
120.24,12.92059
120.24,13.60841
120.21,14.30563
120.16,15.01303
122.16,15.73141
122.19,16.46168
122.2,17.20481
122.19,17.96188
122.18,18.73404
122.17,19.5226
122.18,20.32899
122.15,21.15481
122.14,22.00185
122.13,22.87213
122.11,23.76793
122.09,24.69184
122.1,25.64687
122.09,26.63647
122.08,27.66467
122.1,28.73624
122.14,29.85687
122.12,31.03341
122.14,32.27427
122.18,33.58996
122.21,34.99383
122.15,36.50335
122.15,38.14207
122.15,39.94304
119.33,-39.943
119.3,-38.1421
119.38,-36.5034
119.49,-34.9938
119.51,-33.59
119.56,-32.2743
119.6,-31.0334
119.63,-29.8569
119.64,-28.7362
119.66,-27.6647
119.67,-26.6365
119.7,-25.6469
119.73,-24.6918
119.77,-23.7679
119.78,-22.8721
119.8,-22.0019
119.81,-21.1548
119.81,-20.329
119.79,-19.5226
119.8,-18.734
119.84,-17.9619
119.85,-17.2048
119.85,-16.4617
119.86,-15.7314
121.88,-15.013
121.89,-14.3056
121.89,-13.6084
121.88,-12.9206
121.88,-12.2415
121.88,-11.5704
121.86,-10.9068
121.84,-10.25
121.84,-9.5995
121.83,-8.95483
121.84,-8.31549
121.83,-7.68101
121.82,-7.05095
121.82,-6.42491
121.81,-5.80247
121.82,-5.18326
121.82,-4.5669
121.83,-3.95303
121.84,-3.3413
121.86,-2.73136
121.85,-2.12289
121.85,-1.51555
121.84,-0.90901
121.83,-0.30295
119.82,0.302949
119.82,0.909006
119.83,1.515545
119.83,2.122888
119.81,2.731362
119.8,3.341297
119.79,3.953028
119.79,4.566898
119.79,5.183259
119.78,5.802471
119.78,6.424907
119.79,7.050952
119.8,7.681006
119.79,8.315488
119.78,8.954834
119.76,9.599501
119.76,10.24997
119.77,10.90676
119.74,11.5704
119.72,12.24148
119.72,12.92059
119.72,13.60841
119.69,14.30563
119.64,15.01303
121.64,15.73141
121.67,16.46168
121.68,17.20481
121.67,17.96188
121.66,18.73404
121.65,19.5226
121.66,20.32899
121.63,21.15481
121.62,22.00185
121.61,22.87213
121.59,23.76793
121.57,24.69184
121.58,25.64687
121.57,26.63647
121.56,27.66467
121.58,28.73624
121.62,29.85687
121.6,31.03341
121.62,32.27427
121.66,33.58996
121.69,34.99383
121.63,36.50335
121.63,38.14207
121.63,39.94304
118.8,-39.943
118.77,-38.1421
118.85,-36.5034
118.96,-34.9938
118.98,-33.59
119.03,-32.2743
119.07,-31.0334
119.1,-29.8569
119.11,-28.7362
119.13,-27.6647
119.14,-26.6365
119.17,-25.6469
119.2,-24.6918
119.24,-23.7679
119.25,-22.8721
119.27,-22.0019
119.28,-21.1548
119.28,-20.329
119.26,-19.5226
119.27,-18.734
119.31,-17.9619
119.32,-17.2048
119.32,-16.4617
119.33,-15.7314
121.35,-15.013
121.36,-14.3056
121.36,-13.6084
121.35,-12.9206
121.35,-12.2415
121.35,-11.5704
121.33,-10.9068
121.31,-10.25
121.31,-9.5995
121.3,-8.95483
121.31,-8.31549
121.3,-7.68101
121.29,-7.05095
121.29,-6.42491
121.28,-5.80247
121.29,-5.18326
121.29,-4.5669
121.3,-3.95303
121.31,-3.3413
121.33,-2.73136
121.32,-2.12289
121.32,-1.51555
121.31,-0.90901
121.3,-0.30295
119.29,0.302949
119.29,0.909006
119.3,1.515545
119.3,2.122888
119.28,2.731362
119.27,3.341297
119.26,3.953028
119.26,4.566898
119.26,5.183259
119.25,5.802471
119.25,6.424907
119.26,7.050952
119.27,7.681006
119.26,8.315488
119.25,8.954834
119.23,9.599501
119.23,10.24997
119.24,10.90676
119.21,11.5704
119.19,12.24148
119.19,12.92059
119.19,13.60841
119.16,14.30563
119.11,15.01303
121.11,15.73141
121.14,16.46168
121.15,17.20481
121.14,17.96188
121.13,18.73404
121.12,19.5226
121.13,20.32899
121.1,21.15481
121.09,22.00185
121.08,22.87213
121.06,23.76793
121.04,24.69184
121.05,25.64687
121.04,26.63647
121.03,27.66467
121.05,28.73624
121.09,29.85687
121.07,31.03341
121.09,32.27427
121.13,33.58996
121.16,34.99383
121.1,36.50335
121.1,38.14207
121.1,39.94304
118.28,-39.943
118.25,-38.1421
118.33,-36.5034
118.44,-34.9938
118.46,-33.59
118.51,-32.2743
118.55,-31.0334
118.58,-29.8569
118.59,-28.7362
118.61,-27.6647
118.62,-26.6365
118.65,-25.6469
118.68,-24.6918
118.72,-23.7679
118.73,-22.8721
118.75,-22.0019
118.76,-21.1548
118.76,-20.329
118.74,-19.5226
118.75,-18.734
118.79,-17.9619
118.8,-17.2048
118.8,-16.4617
118.81,-15.7314
120.83,-15.013
120.84,-14.3056
120.84,-13.6084
120.83,-12.9206
120.83,-12.2415
120.83,-11.5704
120.81,-10.9068
120.79,-10.25
120.79,-9.5995
120.78,-8.95483
120.79,-8.31549
120.78,-7.68101
120.77,-7.05095
120.77,-6.42491
120.76,-5.80247
120.77,-5.18326
120.77,-4.5669
120.78,-3.95303
120.79,-3.3413
120.81,-2.73136
120.8,-2.12289
120.8,-1.51555
120.79,-0.90901
120.78,-0.30295
118.77,0.302949
118.77,0.909006
118.78,1.515545
118.78,2.122888
118.76,2.731362
118.75,3.341297
118.74,3.953028
118.74,4.566898
118.74,5.183259
118.73,5.802471
118.73,6.424907
118.74,7.050952
118.75,7.681006
118.74,8.315488
118.73,8.954834
118.71,9.599501
118.71,10.24997
118.72,10.90676
118.69,11.5704
118.67,12.24148
118.67,12.92059
118.67,13.60841
118.64,14.30563
118.59,15.01303
120.59,15.73141
120.62,16.46168
120.63,17.20481
120.62,17.96188
120.61,18.73404
120.6,19.5226
120.61,20.32899
120.58,21.15481
120.57,22.00185
120.56,22.87213
120.54,23.76793
120.52,24.69184
120.53,25.64687
120.52,26.63647
120.51,27.66467
120.53,28.73624
120.57,29.85687
120.55,31.03341
120.57,32.27427
120.61,33.58996
120.64,34.99383
120.58,36.50335
120.58,38.14207
120.58,39.94304
117.76,-39.943
117.73,-38.1421
117.81,-36.5034
117.92,-34.9938
117.94,-33.59
117.99,-32.2743
118.03,-31.0334
118.06,-29.8569
118.07,-28.7362
118.09,-27.6647
118.1,-26.6365
118.13,-25.6469
118.16,-24.6918
118.2,-23.7679
118.21,-22.8721
118.23,-22.0019
118.24,-21.1548
118.24,-20.329
118.22,-19.5226
118.23,-18.734
118.27,-17.9619
118.28,-17.2048
118.28,-16.4617
118.29,-15.7314
120.31,-15.013
120.32,-14.3056
120.32,-13.6084
120.31,-12.9206
120.31,-12.2415
120.31,-11.5704
120.29,-10.9068
120.27,-10.25
120.27,-9.5995
120.26,-8.95483
120.27,-8.31549
120.26,-7.68101
120.25,-7.05095
120.25,-6.42491
120.24,-5.80247
120.25,-5.18326
120.25,-4.5669
120.26,-3.95303
120.27,-3.3413
120.29,-2.73136
120.28,-2.12289
120.28,-1.51555
120.27,-0.90901
120.26,-0.30295
118.25,0.302949
118.25,0.909006
118.26,1.515545
118.26,2.122888
118.24,2.731362
118.23,3.341297
118.22,3.953028
118.22,4.566898
118.22,5.183259
118.21,5.802471
118.21,6.424907
118.22,7.050952
118.23,7.681006
118.22,8.315488
118.21,8.954834
118.19,9.599501
118.19,10.24997
118.2,10.90676
118.17,11.5704
118.15,12.24148
118.15,12.92059
118.15,13.60841
118.12,14.30563
118.07,15.01303
120.07,15.73141
120.1,16.46168
120.11,17.20481
120.1,17.96188
120.09,18.73404
120.08,19.5226
120.09,20.32899
120.06,21.15481
120.05,22.00185
120.04,22.87213
120.02,23.76793
120.0,24.69184
120.01,25.64687
120.0,26.63647
119.99,27.66467
120.01,28.73624
120.05,29.85687
120.03,31.03341
120.05,32.27427
120.09,33.58996
120.12,34.99383
120.06,36.50335
120.06,38.14207
120.06,39.94304
117.24,-39.943
117.21,-38.1421
117.29,-36.5034
117.4,-34.9938
117.42,-33.59
117.47,-32.2743
117.51,-31.0334
117.54,-29.8569
117.55,-28.7362
117.57,-27.6647
117.58,-26.6365
117.61,-25.6469
117.64,-24.6918
117.68,-23.7679
117.69,-22.8721
117.71,-22.0019
117.72,-21.1548
117.72,-20.329
117.7,-19.5226
117.71,-18.734
117.75,-17.9619
117.76,-17.2048
117.76,-16.4617
117.77,-15.7314
119.79,-15.013
119.8,-14.3056
119.8,-13.6084
119.79,-12.9206
119.79,-12.2415
119.79,-11.5704
119.77,-10.9068
119.75,-10.25
119.75,-9.5995
119.74,-8.95483
119.75,-8.31549
119.74,-7.68101
119.73,-7.05095
119.73,-6.42491
119.72,-5.80247
119.73,-5.18326
119.73,-4.5669
119.74,-3.95303
119.75,-3.3413
119.77,-2.73136
119.76,-2.12289
119.76,-1.51555
119.75,-0.90901
119.74,-0.30295
117.73,0.302949
117.73,0.909006
117.74,1.515545
117.74,2.122888
117.72,2.731362
117.71,3.341297
117.7,3.953028
117.7,4.566898
117.7,5.183259
117.69,5.802471
117.69,6.424907
117.7,7.050952
117.71,7.681006
117.7,8.315488
117.69,8.954834
117.67,9.599501
117.67,10.24997
117.68,10.90676
117.65,11.5704
117.63,12.24148
117.63,12.92059
117.63,13.60841
117.6,14.30563
117.55,15.01303
119.55,15.73141
119.58,16.46168
119.59,17.20481
119.58,17.96188
119.57,18.73404
119.56,19.5226
119.57,20.32899
119.54,21.15481
119.53,22.00185
119.52,22.87213
119.5,23.76793
119.48,24.69184
119.49,25.64687
119.48,26.63647
119.47,27.66467
119.49,28.73624
119.53,29.85687
119.51,31.03341
119.53,32.27427
119.57,33.58996
119.6,34.99383
119.54,36.50335
119.54,38.14207
119.54,39.94304
116.71,-39.943
116.68,-38.1421
116.76,-36.5034
116.87,-34.9938
116.89,-33.59
116.94,-32.2743
116.98,-31.0334
117.01,-29.8569
117.02,-28.7362
117.04,-27.6647
117.05,-26.6365
117.08,-25.6469
117.11,-24.6918
117.15,-23.7679
117.16,-22.8721
117.18,-22.0019
117.19,-21.1548
117.19,-20.329
117.17,-19.5226
117.18,-18.734
117.22,-17.9619
117.23,-17.2048
117.23,-16.4617
117.24,-15.7314
119.26,-15.013
119.27,-14.3056
119.27,-13.6084
119.26,-12.9206
119.26,-12.2415
119.26,-11.5704
119.24,-10.9068
119.22,-10.25
119.22,-9.5995
119.21,-8.95483
119.22,-8.31549
119.21,-7.68101
119.2,-7.05095
119.2,-6.42491
119.19,-5.80247
119.2,-5.18326
119.2,-4.5669
119.21,-3.95303
119.22,-3.3413
119.24,-2.73136
119.23,-2.12289
119.23,-1.51555
119.22,-0.90901
119.21,-0.30295
117.2,0.302949
117.2,0.909006
117.21,1.515545
117.21,2.122888
117.19,2.731362
117.18,3.341297
117.17,3.953028
117.17,4.566898
117.17,5.183259
117.16,5.802471
117.16,6.424907
117.17,7.050952
117.18,7.681006
117.17,8.315488
117.16,8.954834
117.14,9.599501
117.14,10.24997
117.15,10.90676
117.12,11.5704
117.1,12.24148
117.1,12.92059
117.1,13.60841
117.07,14.30563
117.02,15.01303
119.02,15.73141
119.05,16.46168
119.06,17.20481
119.05,17.96188
119.04,18.73404
119.03,19.5226
119.04,20.32899
119.01,21.15481
119.0,22.00185
118.99,22.87213
118.97,23.76793
118.95,24.69184
118.96,25.64687
118.95,26.63647
118.94,27.66467
118.96,28.73624
119.0,29.85687
118.98,31.03341
119.0,32.27427
119.04,33.58996
119.07,34.99383
119.01,36.50335
119.01,38.14207
119.01,39.94304
116.19,-39.943
116.16,-38.1421
116.24,-36.5034
116.35,-34.9938
116.37,-33.59
116.42,-32.2743
116.46,-31.0334
116.49,-29.8569
116.5,-28.7362
116.52,-27.6647
116.53,-26.6365
116.56,-25.6469
116.59,-24.6918
116.63,-23.7679
116.64,-22.8721
116.66,-22.0019
116.67,-21.1548
116.67,-20.329
116.65,-19.5226
116.66,-18.734
116.7,-17.9619
116.71,-17.2048
116.71,-16.4617
116.72,-15.7314
118.74,-15.013
118.75,-14.3056
118.75,-13.6084
118.74,-12.9206
118.74,-12.2415
118.74,-11.5704
118.72,-10.9068
118.7,-10.25
118.7,-9.5995
118.69,-8.95483
118.7,-8.31549
118.69,-7.68101
118.68,-7.05095
118.68,-6.42491
118.67,-5.80247
118.68,-5.18326
118.68,-4.5669
118.69,-3.95303
118.7,-3.3413
118.72,-2.73136
118.71,-2.12289
118.71,-1.51555
118.7,-0.90901
118.69,-0.30295
116.68,0.302949
116.68,0.909006
116.69,1.515545
116.69,2.122888
116.67,2.731362
116.66,3.341297
116.65,3.953028
116.65,4.566898
116.65,5.183259
116.64,5.802471
116.64,6.424907
116.65,7.050952
116.66,7.681006
116.65,8.315488
116.64,8.954834
116.62,9.599501
116.62,10.24997
116.63,10.90676
116.6,11.5704
116.58,12.24148
116.58,12.92059
116.58,13.60841
116.55,14.30563
116.5,15.01303
118.5,15.73141
118.53,16.46168
118.54,17.20481
118.53,17.96188
118.52,18.73404
118.51,19.5226
118.52,20.32899
118.49,21.15481
118.48,22.00185
118.47,22.87213
118.45,23.76793
118.43,24.69184
118.44,25.64687
118.43,26.63647
118.42,27.66467
118.44,28.73624
118.48,29.85687
118.46,31.03341
118.48,32.27427
118.52,33.58996
118.55,34.99383
118.49,36.50335
118.49,38.14207
118.49,39.94304
115.67,-39.943
115.64,-38.1421
115.72,-36.5034
115.83,-34.9938
115.85,-33.59
115.9,-32.2743
115.94,-31.0334
115.97,-29.8569
115.98,-28.7362
116.0,-27.6647
116.01,-26.6365
116.04,-25.6469
116.07,-24.6918
116.11,-23.7679
116.12,-22.8721
116.14,-22.0019
116.15,-21.1548
116.15,-20.329
116.13,-19.5226
116.14,-18.734
116.18,-17.9619
116.19,-17.2048
116.19,-16.4617
116.2,-15.7314
118.22,-15.013
118.23,-14.3056
118.23,-13.6084
118.22,-12.9206
118.22,-12.2415
118.22,-11.5704
118.2,-10.9068
118.18,-10.25
118.18,-9.5995
118.17,-8.95483
118.18,-8.31549
118.17,-7.68101
118.16,-7.05095
118.16,-6.42491
118.15,-5.80247
118.16,-5.18326
118.16,-4.5669
118.17,-3.95303
118.18,-3.3413
118.2,-2.73136
118.19,-2.12289
118.19,-1.51555
118.18,-0.90901
118.17,-0.30295
116.16,0.302949
116.16,0.909006
116.17,1.515545
116.17,2.122888
116.15,2.731362
116.14,3.341297
116.13,3.953028
116.13,4.566898
116.13,5.183259
116.12,5.802471
116.12,6.424907
116.13,7.050952
116.14,7.681006
116.13,8.315488
116.12,8.954834
116.1,9.599501
116.1,10.24997
116.11,10.90676
116.08,11.5704
116.06,12.24148
116.06,12.92059
116.06,13.60841
116.03,14.30563
115.98,15.01303
117.98,15.73141
118.01,16.46168
118.02,17.20481
118.01,17.96188
118.0,18.73404
117.99,19.5226
118.0,20.32899
117.97,21.15481
117.96,22.00185
117.95,22.87213
117.93,23.76793
117.91,24.69184
117.92,25.64687
117.91,26.63647
117.9,27.66467
117.92,28.73624
117.96,29.85687
117.94,31.03341
117.96,32.27427
118.0,33.58996
118.03,34.99383
117.97,36.50335
117.97,38.14207
117.97,39.94304
115.14,-39.943
115.11,-38.1421
115.19,-36.5034
115.3,-34.9938
115.32,-33.59
115.37,-32.2743
115.41,-31.0334
115.44,-29.8569
115.45,-28.7362
115.47,-27.6647
115.48,-26.6365
115.51,-25.6469
115.54,-24.6918
115.58,-23.7679
115.59,-22.8721
115.61,-22.0019
115.62,-21.1548
115.62,-20.329
115.6,-19.5226
115.61,-18.734
115.65,-17.9619
115.66,-17.2048
115.66,-16.4617
115.67,-15.7314
117.69,-15.013
117.7,-14.3056
117.7,-13.6084
117.69,-12.9206
117.69,-12.2415
117.69,-11.5704
117.67,-10.9068
117.65,-10.25
117.65,-9.5995
117.64,-8.95483
117.65,-8.31549
117.64,-7.68101
117.63,-7.05095
117.63,-6.42491
117.62,-5.80247
117.63,-5.18326
117.63,-4.5669
117.64,-3.95303
117.65,-3.3413
117.67,-2.73136
117.66,-2.12289
117.66,-1.51555
117.65,-0.90901
117.64,-0.30295
115.63,0.302949
115.63,0.909006
115.64,1.515545
115.64,2.122888
115.62,2.731362
115.61,3.341297
115.6,3.953028
115.6,4.566898
115.6,5.183259
115.59,5.802471
115.59,6.424907
115.6,7.050952
115.61,7.681006
115.6,8.315488
115.59,8.954834
115.57,9.599501
115.57,10.24997
115.58,10.90676
115.55,11.5704
115.53,12.24148
115.53,12.92059
115.53,13.60841
115.5,14.30563
115.45,15.01303
117.45,15.73141
117.48,16.46168
117.49,17.20481
117.48,17.96188
117.47,18.73404
117.46,19.5226
117.47,20.32899
117.44,21.15481
117.43,22.00185
117.42,22.87213
117.4,23.76793
117.38,24.69184
117.39,25.64687
117.38,26.63647
117.37,27.66467
117.39,28.73624
117.43,29.85687
117.41,31.03341
117.43,32.27427
117.47,33.58996
117.5,34.99383
117.44,36.50335
117.44,38.14207
117.44,39.94304
114.62,-39.943
114.59,-38.1421
114.67,-36.5034
114.78,-34.9938
114.8,-33.59
114.85,-32.2743
114.89,-31.0334
114.92,-29.8569
114.93,-28.7362
114.95,-27.6647
114.96,-26.6365
114.99,-25.6469
115.02,-24.6918
115.06,-23.7679
115.07,-22.8721
115.09,-22.0019
115.1,-21.1548
115.1,-20.329
115.08,-19.5226
115.09,-18.734
115.13,-17.9619
115.14,-17.2048
115.14,-16.4617
115.15,-15.7314
117.17,-15.013
117.18,-14.3056
117.18,-13.6084
117.17,-12.9206
117.17,-12.2415
117.17,-11.5704
117.15,-10.9068
117.13,-10.25
117.13,-9.5995
117.12,-8.95483
117.13,-8.31549
117.12,-7.68101
117.11,-7.05095
117.11,-6.42491
117.1,-5.80247
117.11,-5.18326
117.11,-4.5669
117.12,-3.95303
117.13,-3.3413
117.15,-2.73136
117.14,-2.12289
117.14,-1.51555
117.13,-0.90901
117.12,-0.30295
115.11,0.302949
115.11,0.909006
115.12,1.515545
115.12,2.122888
115.1,2.731362
115.09,3.341297
115.08,3.953028
115.08,4.566898
115.08,5.183259
115.07,5.802471
115.07,6.424907
115.08,7.050952
115.09,7.681006
115.08,8.315488
115.07,8.954834
115.05,9.599501
115.05,10.24997
115.06,10.90676
115.03,11.5704
115.01,12.24148
115.01,12.92059
115.01,13.60841
114.98,14.30563
114.93,15.01303
116.93,15.73141
116.96,16.46168
116.97,17.20481
116.96,17.96188
116.95,18.73404
116.94,19.5226
116.95,20.32899
116.92,21.15481
116.91,22.00185
116.9,22.87213
116.88,23.76793
116.86,24.69184
116.87,25.64687
116.86,26.63647
116.85,27.66467
116.87,28.73624
116.91,29.85687
116.89,31.03341
116.91,32.27427
116.95,33.58996
116.98,34.99383
116.92,36.50335
116.92,38.14207
116.92,39.94304
114.1,-39.943
114.07,-38.1421
114.15,-36.5034
114.26,-34.9938
114.28,-33.59
114.33,-32.2743
114.37,-31.0334
114.4,-29.8569
114.41,-28.7362
114.43,-27.6647
114.44,-26.6365
114.47,-25.6469
114.5,-24.6918
114.54,-23.7679
114.55,-22.8721
114.57,-22.0019
114.58,-21.1548
114.58,-20.329
114.56,-19.5226
114.57,-18.734
114.61,-17.9619
114.62,-17.2048
114.62,-16.4617
114.63,-15.7314
116.65,-15.013
116.66,-14.3056
116.66,-13.6084
116.65,-12.9206
116.65,-12.2415
116.65,-11.5704
116.63,-10.9068
116.61,-10.25
116.61,-9.5995
116.6,-8.95483
116.61,-8.31549
116.6,-7.68101
116.59,-7.05095
116.59,-6.42491
116.58,-5.80247
116.59,-5.18326
116.59,-4.5669
116.6,-3.95303
116.61,-3.3413
116.63,-2.73136
116.62,-2.12289
116.62,-1.51555
116.61,-0.90901
116.6,-0.30295
114.59,0.302949
114.59,0.909006
114.6,1.515545
114.6,2.122888
114.58,2.731362
114.57,3.341297
114.56,3.953028
114.56,4.566898
114.56,5.183259
114.55,5.802471
114.55,6.424907
114.56,7.050952
114.57,7.681006
114.56,8.315488
114.55,8.954834
114.53,9.599501
114.53,10.24997
114.54,10.90676
114.51,11.5704
114.49,12.24148
114.49,12.92059
114.49,13.60841
114.46,14.30563
114.41,15.01303
116.41,15.73141
116.44,16.46168
116.45,17.20481
116.44,17.96188
116.43,18.73404
116.42,19.5226
116.43,20.32899
116.4,21.15481
116.39,22.00185
116.38,22.87213
116.36,23.76793
116.34,24.69184
116.35,25.64687
116.34,26.63647
116.33,27.66467
116.35,28.73624
116.39,29.85687
116.37,31.03341
116.39,32.27427
116.43,33.58996
116.46,34.99383
116.4,36.50335
116.4,38.14207
116.4,39.94304
113.58,-39.943
113.55,-38.1421
113.63,-36.5034
113.74,-34.9938
113.76,-33.59
113.81,-32.2743
113.85,-31.0334
113.88,-29.8569
113.89,-28.7362
113.91,-27.6647
113.92,-26.6365
113.95,-25.6469
113.98,-24.6918
114.02,-23.7679
114.03,-22.8721
114.05,-22.0019
114.06,-21.1548
114.06,-20.329
114.04,-19.5226
114.05,-18.734
114.09,-17.9619
114.1,-17.2048
114.1,-16.4617
114.11,-15.7314
116.13,-15.013
116.14,-14.3056
116.14,-13.6084
116.13,-12.9206
116.13,-12.2415
116.13,-11.5704
116.11,-10.9068
116.09,-10.25
116.09,-9.5995
116.08,-8.95483
116.09,-8.31549
116.08,-7.68101
116.07,-7.05095
116.07,-6.42491
116.06,-5.80247
116.07,-5.18326
116.07,-4.5669
116.08,-3.95303
116.09,-3.3413
116.11,-2.73136
116.1,-2.12289
116.1,-1.51555
116.09,-0.90901
116.08,-0.30295
114.07,0.302949
114.07,0.909006
114.08,1.515545
114.08,2.122888
114.06,2.731362
114.05,3.341297
114.04,3.953028
114.04,4.566898
114.04,5.183259
114.03,5.802471
114.03,6.424907
114.04,7.050952
114.05,7.681006
114.04,8.315488
114.03,8.954834
114.01,9.599501
114.01,10.24997
114.02,10.90676
113.99,11.5704
113.97,12.24148
113.97,12.92059
113.97,13.60841
113.94,14.30563
113.89,15.01303
115.89,15.73141
115.92,16.46168
115.93,17.20481
115.92,17.96188
115.91,18.73404
115.9,19.5226
115.91,20.32899
115.88,21.15481
115.87,22.00185
115.86,22.87213
115.84,23.76793
115.82,24.69184
115.83,25.64687
115.82,26.63647
115.81,27.66467
115.83,28.73624
115.87,29.85687
115.85,31.03341
115.87,32.27427
115.91,33.58996
115.94,34.99383
115.88,36.50335
115.88,38.14207
115.88,39.94304
113.05,-39.943
113.02,-38.1421
113.1,-36.5034
113.21,-34.9938
113.23,-33.59
113.28,-32.2743
113.32,-31.0334
113.35,-29.8569
113.36,-28.7362
113.38,-27.6647
113.39,-26.6365
113.42,-25.6469
113.45,-24.6918
113.49,-23.7679
113.5,-22.8721
113.52,-22.0019
113.53,-21.1548
113.53,-20.329
113.51,-19.5226
113.52,-18.734
113.56,-17.9619
113.57,-17.2048
113.57,-16.4617
113.58,-15.7314
115.6,-15.013
115.61,-14.3056
115.61,-13.6084
115.6,-12.9206
115.6,-12.2415
115.6,-11.5704
115.58,-10.9068
115.56,-10.25
115.56,-9.5995
115.55,-8.95483
115.56,-8.31549
115.55,-7.68101
115.54,-7.05095
115.54,-6.42491
115.53,-5.80247
115.54,-5.18326
115.54,-4.5669
115.55,-3.95303
115.56,-3.3413
115.58,-2.73136
115.57,-2.12289
115.57,-1.51555
115.56,-0.90901
115.55,-0.30295
113.54,0.302949
113.54,0.909006
113.55,1.515545
113.55,2.122888
113.53,2.731362
113.52,3.341297
113.51,3.953028
113.51,4.566898
113.51,5.183259
113.5,5.802471
113.5,6.424907
113.51,7.050952
113.52,7.681006
113.51,8.315488
113.5,8.954834
113.48,9.599501
113.48,10.24997
113.49,10.90676
113.46,11.5704
113.44,12.24148
113.44,12.92059
113.44,13.60841
113.41,14.30563
113.36,15.01303
115.36,15.73141
115.39,16.46168
115.4,17.20481
115.39,17.96188
115.38,18.73404
115.37,19.5226
115.38,20.32899
115.35,21.15481
115.34,22.00185
115.33,22.87213
115.31,23.76793
115.29,24.69184
115.3,25.64687
115.29,26.63647
115.28,27.66467
115.3,28.73624
115.34,29.85687
115.32,31.03341
115.34,32.27427
115.38,33.58996
115.41,34.99383
115.35,36.50335
115.35,38.14207
115.35,39.94304
112.53,-39.943
112.5,-38.1421
112.58,-36.5034
112.69,-34.9938
112.71,-33.59
112.76,-32.2743
112.8,-31.0334
112.83,-29.8569
112.84,-28.7362
112.86,-27.6647
112.87,-26.6365
112.9,-25.6469
112.93,-24.6918
112.97,-23.7679
112.98,-22.8721
113.0,-22.0019
113.01,-21.1548
113.01,-20.329
112.99,-19.5226
113.0,-18.734
113.04,-17.9619
113.05,-17.2048
113.05,-16.4617
113.06,-15.7314
115.08,-15.013
115.09,-14.3056
115.09,-13.6084
115.08,-12.9206
115.08,-12.2415
115.08,-11.5704
115.06,-10.9068
115.04,-10.25
115.04,-9.5995
115.03,-8.95483
115.04,-8.31549
115.03,-7.68101
115.02,-7.05095
115.02,-6.42491
115.01,-5.80247
115.02,-5.18326
115.02,-4.5669
115.03,-3.95303
115.04,-3.3413
115.06,-2.73136
115.05,-2.12289
115.05,-1.51555
115.04,-0.90901
115.03,-0.30295
113.02,0.302949
113.02,0.909006
113.03,1.515545
113.03,2.122888
113.01,2.731362
113.0,3.341297
112.99,3.953028
112.99,4.566898
112.99,5.183259
112.98,5.802471
112.98,6.424907
112.99,7.050952
113.0,7.681006
112.99,8.315488
112.98,8.954834
112.96,9.599501
112.96,10.24997
112.97,10.90676
112.94,11.5704
112.92,12.24148
112.92,12.92059
112.92,13.60841
112.89,14.30563
112.84,15.01303
114.84,15.73141
114.87,16.46168
114.88,17.20481
114.87,17.96188
114.86,18.73404
114.85,19.5226
114.86,20.32899
114.83,21.15481
114.82,22.00185
114.81,22.87213
114.79,23.76793
114.77,24.69184
114.78,25.64687
114.77,26.63647
114.76,27.66467
114.78,28.73624
114.82,29.85687
114.8,31.03341
114.82,32.27427
114.86,33.58996
114.89,34.99383
114.83,36.50335
114.83,38.14207
114.83,39.94304
112.01,-39.943
111.98,-38.1421
112.06,-36.5034
112.17,-34.9938
112.19,-33.59
112.24,-32.2743
112.28,-31.0334
112.31,-29.8569
112.32,-28.7362
112.34,-27.6647
112.35,-26.6365
112.38,-25.6469
112.41,-24.6918
112.45,-23.7679
112.46,-22.8721
112.48,-22.0019
112.49,-21.1548
112.49,-20.329
112.47,-19.5226
112.48,-18.734
112.52,-17.9619
112.53,-17.2048
112.53,-16.4617
112.54,-15.7314
114.56,-15.013
114.57,-14.3056
114.57,-13.6084
114.56,-12.9206
114.56,-12.2415
114.56,-11.5704
114.54,-10.9068
114.52,-10.25
114.52,-9.5995
114.51,-8.95483
114.52,-8.31549
114.51,-7.68101
114.5,-7.05095
114.5,-6.42491
114.49,-5.80247
114.5,-5.18326
114.5,-4.5669
114.51,-3.95303
114.52,-3.3413
114.54,-2.73136
114.53,-2.12289
114.53,-1.51555
114.52,-0.90901
114.51,-0.30295
112.5,0.302949
112.5,0.909006
112.51,1.515545
112.51,2.122888
112.49,2.731362
112.48,3.341297
112.47,3.953028
112.47,4.566898
112.47,5.183259
112.46,5.802471
112.46,6.424907
112.47,7.050952
112.48,7.681006
112.47,8.315488
112.46,8.954834
112.44,9.599501
112.44,10.24997
112.45,10.90676
112.42,11.5704
112.4,12.24148
112.4,12.92059
112.4,13.60841
112.37,14.30563
112.32,15.01303
114.32,15.73141
114.35,16.46168
114.36,17.20481
114.35,17.96188
114.34,18.73404
114.33,19.5226
114.34,20.32899
114.31,21.15481
114.3,22.00185
114.29,22.87213
114.27,23.76793
114.25,24.69184
114.26,25.64687
114.25,26.63647
114.24,27.66467
114.26,28.73624
114.3,29.85687
114.28,31.03341
114.3,32.27427
114.34,33.58996
114.37,34.99383
114.31,36.50335
114.31,38.14207
114.31,39.94304
111.49,-39.943
111.46,-38.1421
111.54,-36.5034
111.65,-34.9938
111.67,-33.59
111.72,-32.2743
111.76,-31.0334
111.79,-29.8569
111.8,-28.7362
111.82,-27.6647
111.83,-26.6365
111.86,-25.6469
111.89,-24.6918
111.93,-23.7679
111.94,-22.8721
111.96,-22.0019
111.97,-21.1548
111.97,-20.329
111.95,-19.5226
111.96,-18.734
112.0,-17.9619
112.01,-17.2048
112.01,-16.4617
112.02,-15.7314
114.04,-15.013
114.05,-14.3056
114.05,-13.6084
114.04,-12.9206
114.04,-12.2415
114.04,-11.5704
114.02,-10.9068
114.0,-10.25
114.0,-9.5995
113.99,-8.95483
114.0,-8.31549
113.99,-7.68101
113.98,-7.05095
113.98,-6.42491
113.97,-5.80247
113.98,-5.18326
113.98,-4.5669
113.99,-3.95303
114.0,-3.3413
114.02,-2.73136
114.01,-2.12289
114.01,-1.51555
114.0,-0.90901
113.99,-0.30295
111.98,0.302949
111.98,0.909006
111.99,1.515545
111.99,2.122888
111.97,2.731362
111.96,3.341297
111.95,3.953028
111.95,4.566898
111.95,5.183259
111.94,5.802471
111.94,6.424907
111.95,7.050952
111.96,7.681006
111.95,8.315488
111.94,8.954834
111.92,9.599501
111.92,10.24997
111.93,10.90676
111.9,11.5704
111.88,12.24148
111.88,12.92059
111.88,13.60841
111.85,14.30563
111.8,15.01303
113.8,15.73141
113.83,16.46168
113.84,17.20481
113.83,17.96188
113.82,18.73404
113.81,19.5226
113.82,20.32899
113.79,21.15481
113.78,22.00185
113.77,22.87213
113.75,23.76793
113.73,24.69184
113.74,25.64687
113.73,26.63647
113.72,27.66467
113.74,28.73624
113.78,29.85687
113.76,31.03341
113.78,32.27427
113.82,33.58996
113.85,34.99383
113.79,36.50335
113.79,38.14207
113.79,39.94304
110.96,-39.943
110.93,-38.1421
111.01,-36.5034
111.12,-34.9938
111.14,-33.59
111.19,-32.2743
111.23,-31.0334
111.26,-29.8569
111.27,-28.7362
111.29,-27.6647
111.3,-26.6365
111.33,-25.6469
111.36,-24.6918
111.4,-23.7679
111.41,-22.8721
111.43,-22.0019
111.44,-21.1548
111.44,-20.329
111.42,-19.5226
111.43,-18.734
111.47,-17.9619
111.48,-17.2048
111.48,-16.4617
111.49,-15.7314
113.51,-15.013
113.52,-14.3056
113.52,-13.6084
113.51,-12.9206
113.51,-12.2415
113.51,-11.5704
113.49,-10.9068
113.47,-10.25
113.47,-9.5995
113.46,-8.95483
113.47,-8.31549
113.46,-7.68101
113.45,-7.05095
113.45,-6.42491
113.44,-5.80247
113.45,-5.18326
113.45,-4.5669
113.46,-3.95303
113.47,-3.3413
113.49,-2.73136
113.48,-2.12289
113.48,-1.51555
113.47,-0.90901
113.46,-0.30295
111.45,0.302949
111.45,0.909006
111.46,1.515545
111.46,2.122888
111.44,2.731362
111.43,3.341297
111.42,3.953028
111.42,4.566898
111.42,5.183259
111.41,5.802471
111.41,6.424907
111.42,7.050952
111.43,7.681006
111.42,8.315488
111.41,8.954834
111.39,9.599501
111.39,10.24997
111.4,10.90676
111.37,11.5704
111.35,12.24148
111.35,12.92059
111.35,13.60841
111.32,14.30563
111.27,15.01303
113.27,15.73141
113.3,16.46168
113.31,17.20481
113.3,17.96188
113.29,18.73404
113.28,19.5226
113.29,20.32899
113.26,21.15481
113.25,22.00185
113.24,22.87213
113.22,23.76793
113.2,24.69184
113.21,25.64687
113.2,26.63647
113.19,27.66467
113.21,28.73624
113.25,29.85687
113.23,31.03341
113.25,32.27427
113.29,33.58996
113.32,34.99383
113.26,36.50335
113.26,38.14207
113.26,39.94304
110.44,-39.943
110.41,-38.1421
110.49,-36.5034
110.6,-34.9938
110.62,-33.59
110.67,-32.2743
110.71,-31.0334
110.74,-29.8569
110.75,-28.7362
110.77,-27.6647
110.78,-26.6365
110.81,-25.6469
110.84,-24.6918
110.88,-23.7679
110.89,-22.8721
110.91,-22.0019
110.92,-21.1548
110.92,-20.329
110.9,-19.5226
110.91,-18.734
110.95,-17.9619
110.96,-17.2048
110.96,-16.4617
110.97,-15.7314
112.99,-15.013
113.0,-14.3056
113.0,-13.6084
112.99,-12.9206
112.99,-12.2415
112.99,-11.5704
112.97,-10.9068
112.95,-10.25
112.95,-9.5995
112.94,-8.95483
112.95,-8.31549
112.94,-7.68101
112.93,-7.05095
112.93,-6.42491
112.92,-5.80247
112.93,-5.18326
112.93,-4.5669
112.94,-3.95303
112.95,-3.3413
112.97,-2.73136
112.96,-2.12289
112.96,-1.51555
112.95,-0.90901
112.94,-0.30295
110.93,0.302949
110.93,0.909006
110.94,1.515545
110.94,2.122888
110.92,2.731362
110.91,3.341297
110.9,3.953028
110.9,4.566898
110.9,5.183259
110.89,5.802471
110.89,6.424907
110.9,7.050952
110.91,7.681006
110.9,8.315488
110.89,8.954834
110.87,9.599501
110.87,10.24997
110.88,10.90676
110.85,11.5704
110.83,12.24148
110.83,12.92059
110.83,13.60841
110.8,14.30563
110.75,15.01303
112.75,15.73141
112.78,16.46168
112.79,17.20481
112.78,17.96188
112.77,18.73404
112.76,19.5226
112.77,20.32899
112.74,21.15481
112.73,22.00185
112.72,22.87213
112.7,23.76793
112.68,24.69184
112.69,25.64687
112.68,26.63647
112.67,27.66467
112.69,28.73624
112.73,29.85687
112.71,31.03341
112.73,32.27427
112.77,33.58996
112.8,34.99383
112.74,36.50335
112.74,38.14207
112.74,39.94304
109.92,-39.943
109.89,-38.1421
109.97,-36.5034
110.08,-34.9938
110.1,-33.59
110.15,-32.2743
110.19,-31.0334
110.22,-29.8569
110.23,-28.7362
110.25,-27.6647
110.26,-26.6365
110.29,-25.6469
110.32,-24.6918
110.36,-23.7679
110.37,-22.8721
110.39,-22.0019
110.4,-21.1548
110.4,-20.329
110.38,-19.5226
110.39,-18.734
110.43,-17.9619
110.44,-17.2048
110.44,-16.4617
110.45,-15.7314
112.47,-15.013
112.48,-14.3056
112.48,-13.6084
112.47,-12.9206
112.47,-12.2415
112.47,-11.5704
112.45,-10.9068
112.43,-10.25
112.43,-9.5995
112.42,-8.95483
112.43,-8.31549
112.42,-7.68101
112.41,-7.05095
112.41,-6.42491
112.4,-5.80247
112.41,-5.18326
112.41,-4.5669
112.42,-3.95303
112.43,-3.3413
112.45,-2.73136
112.44,-2.12289
112.44,-1.51555
112.43,-0.90901
112.42,-0.30295
110.41,0.302949
110.41,0.909006
110.42,1.515545
110.42,2.122888
110.4,2.731362
110.39,3.341297
110.38,3.953028
110.38,4.566898
110.38,5.183259
110.37,5.802471
110.37,6.424907
110.38,7.050952
110.39,7.681006
110.38,8.315488
110.37,8.954834
110.35,9.599501
110.35,10.24997
110.36,10.90676
110.33,11.5704
110.31,12.24148
110.31,12.92059
110.31,13.60841
110.28,14.30563
110.23,15.01303
112.23,15.73141
112.26,16.46168
112.27,17.20481
112.26,17.96188
112.25,18.73404
112.24,19.5226
112.25,20.32899
112.22,21.15481
112.21,22.00185
112.2,22.87213
112.18,23.76793
112.16,24.69184
112.17,25.64687
112.16,26.63647
112.15,27.66467
112.17,28.73624
112.21,29.85687
112.19,31.03341
112.21,32.27427
112.25,33.58996
112.28,34.99383
112.22,36.50335
112.22,38.14207
112.22,39.94304
109.4,-39.943
109.37,-38.1421
109.45,-36.5034
109.56,-34.9938
109.58,-33.59
109.63,-32.2743
109.67,-31.0334
109.7,-29.8569
109.71,-28.7362
109.73,-27.6647
109.74,-26.6365
109.77,-25.6469
109.8,-24.6918
109.84,-23.7679
109.85,-22.8721
109.87,-22.0019
109.88,-21.1548
109.88,-20.329
109.86,-19.5226
109.87,-18.734
109.91,-17.9619
109.92,-17.2048
109.92,-16.4617
109.93,-15.7314
111.95,-15.013
111.96,-14.3056
111.96,-13.6084
111.95,-12.9206
111.95,-12.2415
111.95,-11.5704
111.93,-10.9068
111.91,-10.25
111.91,-9.5995
111.9,-8.95483
111.91,-8.31549
111.9,-7.68101
111.89,-7.05095
111.89,-6.42491
111.88,-5.80247
111.89,-5.18326
111.89,-4.5669
111.9,-3.95303
111.91,-3.3413
111.93,-2.73136
111.92,-2.12289
111.92,-1.51555
111.91,-0.90901
111.9,-0.30295
109.89,0.302949
109.89,0.909006
109.9,1.515545
109.9,2.122888
109.88,2.731362
109.87,3.341297
109.86,3.953028
109.86,4.566898
109.86,5.183259
109.85,5.802471
109.85,6.424907
109.86,7.050952
109.87,7.681006
109.86,8.315488
109.85,8.954834
109.83,9.599501
109.83,10.24997
109.84,10.90676
109.81,11.5704
109.79,12.24148
109.79,12.92059
109.79,13.60841
109.76,14.30563
109.71,15.01303
111.71,15.73141
111.74,16.46168
111.75,17.20481
111.74,17.96188
111.73,18.73404
111.72,19.5226
111.73,20.32899
111.7,21.15481
111.69,22.00185
111.68,22.87213
111.66,23.76793
111.64,24.69184
111.65,25.64687
111.64,26.63647
111.63,27.66467
111.65,28.73624
111.69,29.85687
111.67,31.03341
111.69,32.27427
111.73,33.58996
111.76,34.99383
111.7,36.50335
111.7,38.14207
111.7,39.94304
108.87,-39.943
108.84,-38.1421
108.92,-36.5034
109.03,-34.9938
109.05,-33.59
109.1,-32.2743
109.14,-31.0334
109.17,-29.8569
109.18,-28.7362
109.2,-27.6647
109.21,-26.6365
109.24,-25.6469
109.27,-24.6918
109.31,-23.7679
109.32,-22.8721
109.34,-22.0019
109.35,-21.1548
109.35,-20.329
109.33,-19.5226
109.34,-18.734
109.38,-17.9619
109.39,-17.2048
109.39,-16.4617
109.4,-15.7314
111.42,-15.013
111.43,-14.3056
111.43,-13.6084
111.42,-12.9206
111.42,-12.2415
111.42,-11.5704
111.4,-10.9068
111.38,-10.25
111.38,-9.5995
111.37,-8.95483
111.38,-8.31549
111.37,-7.68101
111.36,-7.05095
111.36,-6.42491
111.35,-5.80247
111.36,-5.18326
111.36,-4.5669
111.37,-3.95303
111.38,-3.3413
111.4,-2.73136
111.39,-2.12289
111.39,-1.51555
111.38,-0.90901
111.37,-0.30295
109.36,0.302949
109.36,0.909006
109.37,1.515545
109.37,2.122888
109.35,2.731362
109.34,3.341297
109.33,3.953028
109.33,4.566898
109.33,5.183259
109.32,5.802471
109.32,6.424907
109.33,7.050952
109.34,7.681006
109.33,8.315488
109.32,8.954834
109.3,9.599501
109.3,10.24997
109.31,10.90676
109.28,11.5704
109.26,12.24148
109.26,12.92059
109.26,13.60841
109.23,14.30563
109.18,15.01303
111.18,15.73141
111.21,16.46168
111.22,17.20481
111.21,17.96188
111.2,18.73404
111.19,19.5226
111.2,20.32899
111.17,21.15481
111.16,22.00185
111.15,22.87213
111.13,23.76793
111.11,24.69184
111.12,25.64687
111.11,26.63647
111.1,27.66467
111.12,28.73624
111.16,29.85687
111.14,31.03341
111.16,32.27427
111.2,33.58996
111.23,34.99383
111.17,36.50335
111.17,38.14207
111.17,39.94304
108.35,-39.943
108.32,-38.1421
108.4,-36.5034
108.51,-34.9938
108.53,-33.59
108.58,-32.2743
108.62,-31.0334
108.65,-29.8569
108.66,-28.7362
108.68,-27.6647
108.69,-26.6365
108.72,-25.6469
108.75,-24.6918
108.79,-23.7679
108.8,-22.8721
108.82,-22.0019
108.83,-21.1548
108.83,-20.329
108.81,-19.5226
108.82,-18.734
108.86,-17.9619
108.87,-17.2048
108.87,-16.4617
108.88,-15.7314
110.9,-15.013
110.91,-14.3056
110.91,-13.6084
110.9,-12.9206
110.9,-12.2415
110.9,-11.5704
110.88,-10.9068
110.86,-10.25
110.86,-9.5995
110.85,-8.95483
110.86,-8.31549
110.85,-7.68101
110.84,-7.05095
110.84,-6.42491
110.83,-5.80247
110.84,-5.18326
110.84,-4.5669
110.85,-3.95303
110.86,-3.3413
110.88,-2.73136
110.87,-2.12289
110.87,-1.51555
110.86,-0.90901
110.85,-0.30295
108.84,0.302949
108.84,0.909006
108.85,1.515545
108.85,2.122888
108.83,2.731362
108.82,3.341297
108.81,3.953028
108.81,4.566898
108.81,5.183259
108.8,5.802471
108.8,6.424907
108.81,7.050952
108.82,7.681006
108.81,8.315488
108.8,8.954834
108.78,9.599501
108.78,10.24997
108.79,10.90676
108.76,11.5704
108.74,12.24148
108.74,12.92059
108.74,13.60841
108.71,14.30563
108.66,15.01303
110.66,15.73141
110.69,16.46168
110.7,17.20481
110.69,17.96188
110.68,18.73404
110.67,19.5226
110.68,20.32899
110.65,21.15481
110.64,22.00185
110.63,22.87213
110.61,23.76793
110.59,24.69184
110.6,25.64687
110.59,26.63647
110.58,27.66467
110.6,28.73624
110.64,29.85687
110.62,31.03341
110.64,32.27427
110.68,33.58996
110.71,34.99383
110.65,36.50335
110.65,38.14207
110.65,39.94304
107.83,-39.943
107.8,-38.1421
107.88,-36.5034
107.99,-34.9938
108.01,-33.59
108.06,-32.2743
108.1,-31.0334
108.13,-29.8569
108.14,-28.7362
108.16,-27.6647
108.17,-26.6365
108.2,-25.6469
108.23,-24.6918
108.27,-23.7679
108.28,-22.8721
108.3,-22.0019
108.31,-21.1548
108.31,-20.329
108.29,-19.5226
108.3,-18.734
108.34,-17.9619
108.35,-17.2048
108.35,-16.4617
108.36,-15.7314
110.38,-15.013
110.39,-14.3056
110.39,-13.6084
110.38,-12.9206
110.38,-12.2415
110.38,-11.5704
110.36,-10.9068
110.34,-10.25
110.34,-9.5995
110.33,-8.95483
110.34,-8.31549
110.33,-7.68101
110.32,-7.05095
110.32,-6.42491
110.31,-5.80247
110.32,-5.18326
110.32,-4.5669
110.33,-3.95303
110.34,-3.3413
110.36,-2.73136
110.35,-2.12289
110.35,-1.51555
110.34,-0.90901
110.33,-0.30295
108.32,0.302949
108.32,0.909006
108.33,1.515545
108.33,2.122888
108.31,2.731362
108.3,3.341297
108.29,3.953028
108.29,4.566898
108.29,5.183259
108.28,5.802471
108.28,6.424907
108.29,7.050952
108.3,7.681006
108.29,8.315488
108.28,8.954834
108.26,9.599501
108.26,10.24997
108.27,10.90676
108.24,11.5704
108.22,12.24148
108.22,12.92059
108.22,13.60841
108.19,14.30563
108.14,15.01303
110.14,15.73141
110.17,16.46168
110.18,17.20481
110.17,17.96188
110.16,18.73404
110.15,19.5226
110.16,20.32899
110.13,21.15481
110.12,22.00185
110.11,22.87213
110.09,23.76793
110.07,24.69184
110.08,25.64687
110.07,26.63647
110.06,27.66467
110.08,28.73624
110.12,29.85687
110.1,31.03341
110.12,32.27427
110.16,33.58996
110.19,34.99383
110.13,36.50335
110.13,38.14207
110.13,39.94304
107.31,-39.943
107.28,-38.1421
107.36,-36.5034
107.47,-34.9938
107.49,-33.59
107.54,-32.2743
107.58,-31.0334
107.61,-29.8569
107.62,-28.7362
107.64,-27.6647
107.65,-26.6365
107.68,-25.6469
107.71,-24.6918
107.75,-23.7679
107.76,-22.8721
107.78,-22.0019
107.79,-21.1548
107.79,-20.329
107.77,-19.5226
107.78,-18.734
107.82,-17.9619
107.83,-17.2048
107.83,-16.4617
107.84,-15.7314
109.86,-15.013
109.87,-14.3056
109.87,-13.6084
109.86,-12.9206
109.86,-12.2415
109.86,-11.5704
109.84,-10.9068
109.82,-10.25
109.82,-9.5995
109.81,-8.95483
109.82,-8.31549
109.81,-7.68101
109.8,-7.05095
109.8,-6.42491
109.79,-5.80247
109.8,-5.18326
109.8,-4.5669
109.81,-3.95303
109.82,-3.3413
109.84,-2.73136
109.83,-2.12289
109.83,-1.51555
109.82,-0.90901
109.81,-0.30295
107.8,0.302949
107.8,0.909006
107.81,1.515545
107.81,2.122888
107.79,2.731362
107.78,3.341297
107.77,3.953028
107.77,4.566898
107.77,5.183259
107.76,5.802471
107.76,6.424907
107.77,7.050952
107.78,7.681006
107.77,8.315488
107.76,8.954834
107.74,9.599501
107.74,10.24997
107.75,10.90676
107.72,11.5704
107.7,12.24148
107.7,12.92059
107.7,13.60841
107.67,14.30563
107.62,15.01303
109.62,15.73141
109.65,16.46168
109.66,17.20481
109.65,17.96188
109.64,18.73404
109.63,19.5226
109.64,20.32899
109.61,21.15481
109.6,22.00185
109.59,22.87213
109.57,23.76793
109.55,24.69184
109.56,25.64687
109.55,26.63647
109.54,27.66467
109.56,28.73624
109.6,29.85687
109.58,31.03341
109.6,32.27427
109.64,33.58996
109.67,34.99383
109.61,36.50335
109.61,38.14207
109.61,39.94304
106.78,-39.943
106.75,-38.1421
106.83,-36.5034
106.94,-34.9938
106.96,-33.59
107.01,-32.2743
107.05,-31.0334
107.08,-29.8569
107.09,-28.7362
107.11,-27.6647
107.12,-26.6365
107.15,-25.6469
107.18,-24.6918
107.22,-23.7679
107.23,-22.8721
107.25,-22.0019
107.26,-21.1548
107.26,-20.329
107.24,-19.5226
107.25,-18.734
107.29,-17.9619
107.3,-17.2048
107.3,-16.4617
107.31,-15.7314
109.33,-15.013
109.34,-14.3056
109.34,-13.6084
109.33,-12.9206
109.33,-12.2415
109.33,-11.5704
109.31,-10.9068
109.29,-10.25
109.29,-9.5995
109.28,-8.95483
109.29,-8.31549
109.28,-7.68101
109.27,-7.05095
109.27,-6.42491
109.26,-5.80247
109.27,-5.18326
109.27,-4.5669
109.28,-3.95303
109.29,-3.3413
109.31,-2.73136
109.3,-2.12289
109.3,-1.51555
109.29,-0.90901
109.28,-0.30295
107.27,0.302949
107.27,0.909006
107.28,1.515545
107.28,2.122888
107.26,2.731362
107.25,3.341297
107.24,3.953028
107.24,4.566898
107.24,5.183259
107.23,5.802471
107.23,6.424907
107.24,7.050952
107.25,7.681006
107.24,8.315488
107.23,8.954834
107.21,9.599501
107.21,10.24997
107.22,10.90676
107.19,11.5704
107.17,12.24148
107.17,12.92059
107.17,13.60841
107.14,14.30563
107.09,15.01303
109.09,15.73141
109.12,16.46168
109.13,17.20481
109.12,17.96188
109.11,18.73404
109.1,19.5226
109.11,20.32899
109.08,21.15481
109.07,22.00185
109.06,22.87213
109.04,23.76793
109.02,24.69184
109.03,25.64687
109.02,26.63647
109.01,27.66467
109.03,28.73624
109.07,29.85687
109.05,31.03341
109.07,32.27427
109.11,33.58996
109.14,34.99383
109.08,36.50335
109.08,38.14207
109.08,39.94304
106.26,-39.943
106.23,-38.1421
106.31,-36.5034
106.42,-34.9938
106.44,-33.59
106.49,-32.2743
106.53,-31.0334
106.56,-29.8569
106.57,-28.7362
106.59,-27.6647
106.6,-26.6365
106.63,-25.6469
106.66,-24.6918
106.7,-23.7679
106.71,-22.8721
106.73,-22.0019
106.74,-21.1548
106.74,-20.329
106.72,-19.5226
106.73,-18.734
106.77,-17.9619
106.78,-17.2048
106.78,-16.4617
106.79,-15.7314
108.81,-15.013
108.82,-14.3056
108.82,-13.6084
108.81,-12.9206
108.81,-12.2415
108.81,-11.5704
108.79,-10.9068
108.77,-10.25
108.77,-9.5995
108.76,-8.95483
108.77,-8.31549
108.76,-7.68101
108.75,-7.05095
108.75,-6.42491
108.74,-5.80247
108.75,-5.18326
108.75,-4.5669
108.76,-3.95303
108.77,-3.3413
108.79,-2.73136
108.78,-2.12289
108.78,-1.51555
108.77,-0.90901
108.76,-0.30295
106.75,0.302949
106.75,0.909006
106.76,1.515545
106.76,2.122888
106.74,2.731362
106.73,3.341297
106.72,3.953028
106.72,4.566898
106.72,5.183259
106.71,5.802471
106.71,6.424907
106.72,7.050952
106.73,7.681006
106.72,8.315488
106.71,8.954834
106.69,9.599501
106.69,10.24997
106.7,10.90676
106.67,11.5704
106.65,12.24148
106.65,12.92059
106.65,13.60841
106.62,14.30563
106.57,15.01303
108.57,15.73141
108.6,16.46168
108.61,17.20481
108.6,17.96188
108.59,18.73404
108.58,19.5226
108.59,20.32899
108.56,21.15481
108.55,22.00185
108.54,22.87213
108.52,23.76793
108.5,24.69184
108.51,25.64687
108.5,26.63647
108.49,27.66467
108.51,28.73624
108.55,29.85687
108.53,31.03341
108.55,32.27427
108.59,33.58996
108.62,34.99383
108.56,36.50335
108.56,38.14207
108.56,39.94304
105.74,-39.943
105.71,-38.1421
105.79,-36.5034
105.9,-34.9938
105.92,-33.59
105.97,-32.2743
106.01,-31.0334
106.04,-29.8569
106.05,-28.7362
106.07,-27.6647
106.08,-26.6365
106.11,-25.6469
106.14,-24.6918
106.18,-23.7679
106.19,-22.8721
106.21,-22.0019
106.22,-21.1548
106.22,-20.329
106.2,-19.5226
106.21,-18.734
106.25,-17.9619
106.26,-17.2048
106.26,-16.4617
106.27,-15.7314
108.29,-15.013
108.3,-14.3056
108.3,-13.6084
108.29,-12.9206
108.29,-12.2415
108.29,-11.5704
108.27,-10.9068
108.25,-10.25
108.25,-9.5995
108.24,-8.95483
108.25,-8.31549
108.24,-7.68101
108.23,-7.05095
108.23,-6.42491
108.22,-5.80247
108.23,-5.18326
108.23,-4.5669
108.24,-3.95303
108.25,-3.3413
108.27,-2.73136
108.26,-2.12289
108.26,-1.51555
108.25,-0.90901
108.24,-0.30295
106.23,0.302949
106.23,0.909006
106.24,1.515545
106.24,2.122888
106.22,2.731362
106.21,3.341297
106.2,3.953028
106.2,4.566898
106.2,5.183259
106.19,5.802471
106.19,6.424907
106.2,7.050952
106.21,7.681006
106.2,8.315488
106.19,8.954834
106.17,9.599501
106.17,10.24997
106.18,10.90676
106.15,11.5704
106.13,12.24148
106.13,12.92059
106.13,13.60841
106.1,14.30563
106.05,15.01303
108.05,15.73141
108.08,16.46168
108.09,17.20481
108.08,17.96188
108.07,18.73404
108.06,19.5226
108.07,20.32899
108.04,21.15481
108.03,22.00185
108.02,22.87213
108.0,23.76793
107.98,24.69184
107.99,25.64687
107.98,26.63647
107.97,27.66467
107.99,28.73624
108.03,29.85687
108.01,31.03341
108.03,32.27427
108.07,33.58996
108.1,34.99383
108.04,36.50335
108.04,38.14207
108.04,39.94304
105.22,-39.943
105.19,-38.1421
105.27,-36.5034
105.38,-34.9938
105.4,-33.59
105.45,-32.2743
105.49,-31.0334
105.52,-29.8569
105.53,-28.7362
105.55,-27.6647
105.56,-26.6365
105.59,-25.6469
105.62,-24.6918
105.66,-23.7679
105.67,-22.8721
105.69,-22.0019
105.7,-21.1548
105.7,-20.329
105.68,-19.5226
105.69,-18.734
105.73,-17.9619
105.74,-17.2048
105.74,-16.4617
105.75,-15.7314
107.77,-15.013
107.78,-14.3056
107.78,-13.6084
107.77,-12.9206
107.77,-12.2415
107.77,-11.5704
107.75,-10.9068
107.73,-10.25
107.73,-9.5995
107.72,-8.95483
107.73,-8.31549
107.72,-7.68101
107.71,-7.05095
107.71,-6.42491
107.7,-5.80247
107.71,-5.18326
107.71,-4.5669
107.72,-3.95303
107.73,-3.3413
107.75,-2.73136
107.74,-2.12289
107.74,-1.51555
107.73,-0.90901
107.72,-0.30295
105.71,0.302949
105.71,0.909006
105.72,1.515545
105.72,2.122888
105.7,2.731362
105.69,3.341297
105.68,3.953028
105.68,4.566898
105.68,5.183259
105.67,5.802471
105.67,6.424907
105.68,7.050952
105.69,7.681006
105.68,8.315488
105.67,8.954834
105.65,9.599501
105.65,10.24997
105.66,10.90676
105.63,11.5704
105.61,12.24148
105.61,12.92059
105.61,13.60841
105.58,14.30563
105.53,15.01303
107.53,15.73141
107.56,16.46168
107.57,17.20481
107.56,17.96188
107.55,18.73404
107.54,19.5226
107.55,20.32899
107.52,21.15481
107.51,22.00185
107.5,22.87213
107.48,23.76793
107.46,24.69184
107.47,25.64687
107.46,26.63647
107.45,27.66467
107.47,28.73624
107.51,29.85687
107.49,31.03341
107.51,32.27427
107.55,33.58996
107.58,34.99383
107.52,36.50335
107.52,38.14207
107.52,39.94304
104.69,-39.943
104.66,-38.1421
104.74,-36.5034
104.85,-34.9938
104.87,-33.59
104.92,-32.2743
104.96,-31.0334
104.99,-29.8569
105.0,-28.7362
105.02,-27.6647
105.03,-26.6365
105.06,-25.6469
105.09,-24.6918
105.13,-23.7679
105.14,-22.8721
105.16,-22.0019
105.17,-21.1548
105.17,-20.329
105.15,-19.5226
105.16,-18.734
105.2,-17.9619
105.21,-17.2048
105.21,-16.4617
105.22,-15.7314
107.24,-15.013
107.25,-14.3056
107.25,-13.6084
107.24,-12.9206
107.24,-12.2415
107.24,-11.5704
107.22,-10.9068
107.2,-10.25
107.2,-9.5995
107.19,-8.95483
107.2,-8.31549
107.19,-7.68101
107.18,-7.05095
107.18,-6.42491
107.17,-5.80247
107.18,-5.18326
107.18,-4.5669
107.19,-3.95303
107.2,-3.3413
107.22,-2.73136
107.21,-2.12289
107.21,-1.51555
107.2,-0.90901
107.19,-0.30295
105.18,0.302949
105.18,0.909006
105.19,1.515545
105.19,2.122888
105.17,2.731362
105.16,3.341297
105.15,3.953028
105.15,4.566898
105.15,5.183259
105.14,5.802471
105.14,6.424907
105.15,7.050952
105.16,7.681006
105.15,8.315488
105.14,8.954834
105.12,9.599501
105.12,10.24997
105.13,10.90676
105.1,11.5704
105.08,12.24148
105.08,12.92059
105.08,13.60841
105.05,14.30563
105.0,15.01303
107.0,15.73141
107.03,16.46168
107.04,17.20481
107.03,17.96188
107.02,18.73404
107.01,19.5226
107.02,20.32899
106.99,21.15481
106.98,22.00185
106.97,22.87213
106.95,23.76793
106.93,24.69184
106.94,25.64687
106.93,26.63647
106.92,27.66467
106.94,28.73624
106.98,29.85687
106.96,31.03341
106.98,32.27427
107.02,33.58996
107.05,34.99383
106.99,36.50335
106.99,38.14207
106.99,39.94304
104.17,-39.943
104.14,-38.1421
104.22,-36.5034
104.33,-34.9938
104.35,-33.59
104.4,-32.2743
104.44,-31.0334
104.47,-29.8569
104.48,-28.7362
104.5,-27.6647
104.51,-26.6365
104.54,-25.6469
104.57,-24.6918
104.61,-23.7679
104.62,-22.8721
104.64,-22.0019
104.65,-21.1548
104.65,-20.329
104.63,-19.5226
104.64,-18.734
104.68,-17.9619
104.69,-17.2048
104.69,-16.4617
104.7,-15.7314
106.72,-15.013
106.73,-14.3056
106.73,-13.6084
106.72,-12.9206
106.72,-12.2415
106.72,-11.5704
106.7,-10.9068
106.68,-10.25
106.68,-9.5995
106.67,-8.95483
106.68,-8.31549
106.67,-7.68101
106.66,-7.05095
106.66,-6.42491
106.65,-5.80247
106.66,-5.18326
106.66,-4.5669
106.67,-3.95303
106.68,-3.3413
106.7,-2.73136
106.69,-2.12289
106.69,-1.51555
106.68,-0.90901
106.67,-0.30295
104.66,0.302949
104.66,0.909006
104.67,1.515545
104.67,2.122888
104.65,2.731362
104.64,3.341297
104.63,3.953028
104.63,4.566898
104.63,5.183259
104.62,5.802471
104.62,6.424907
104.63,7.050952
104.64,7.681006
104.63,8.315488
104.62,8.954834
104.6,9.599501
104.6,10.24997
104.61,10.90676
104.58,11.5704
104.56,12.24148
104.56,12.92059
104.56,13.60841
104.53,14.30563
104.48,15.01303
106.48,15.73141
106.51,16.46168
106.52,17.20481
106.51,17.96188
106.5,18.73404
106.49,19.5226
106.5,20.32899
106.47,21.15481
106.46,22.00185
106.45,22.87213
106.43,23.76793
106.41,24.69184
106.42,25.64687
106.41,26.63647
106.4,27.66467
106.42,28.73624
106.46,29.85687
106.44,31.03341
106.46,32.27427
106.5,33.58996
106.53,34.99383
106.47,36.50335
106.47,38.14207
106.47,39.94304
103.65,-39.943
103.62,-38.1421
103.7,-36.5034
103.81,-34.9938
103.83,-33.59
103.88,-32.2743
103.92,-31.0334
103.95,-29.8569
103.96,-28.7362
103.98,-27.6647
103.99,-26.6365
104.02,-25.6469
104.05,-24.6918
104.09,-23.7679
104.1,-22.8721
104.12,-22.0019
104.13,-21.1548
104.13,-20.329
104.11,-19.5226
104.12,-18.734
104.16,-17.9619
104.17,-17.2048
104.17,-16.4617
104.18,-15.7314
106.2,-15.013
106.21,-14.3056
106.21,-13.6084
106.2,-12.9206
106.2,-12.2415
106.2,-11.5704
106.18,-10.9068
106.16,-10.25
106.16,-9.5995
106.15,-8.95483
106.16,-8.31549
106.15,-7.68101
106.14,-7.05095
106.14,-6.42491
106.13,-5.80247
106.14,-5.18326
106.14,-4.5669
106.15,-3.95303
106.16,-3.3413
106.18,-2.73136
106.17,-2.12289
106.17,-1.51555
106.16,-0.90901
106.15,-0.30295
104.14,0.302949
104.14,0.909006
104.15,1.515545
104.15,2.122888
104.13,2.731362
104.12,3.341297
104.11,3.953028
104.11,4.566898
104.11,5.183259
104.1,5.802471
104.1,6.424907
104.11,7.050952
104.12,7.681006
104.11,8.315488
104.1,8.954834
104.08,9.599501
104.08,10.24997
104.09,10.90676
104.06,11.5704
104.04,12.24148
104.04,12.92059
104.04,13.60841
104.01,14.30563
103.96,15.01303
105.96,15.73141
105.99,16.46168
106.0,17.20481
105.99,17.96188
105.98,18.73404
105.97,19.5226
105.98,20.32899
105.95,21.15481
105.94,22.00185
105.93,22.87213
105.91,23.76793
105.89,24.69184
105.9,25.64687
105.89,26.63647
105.88,27.66467
105.9,28.73624
105.94,29.85687
105.92,31.03341
105.94,32.27427
105.98,33.58996
106.01,34.99383
105.95,36.50335
105.95,38.14207
105.95,39.94304
103.13,-39.943
103.1,-38.1421
103.18,-36.5034
103.29,-34.9938
103.31,-33.59
103.36,-32.2743
103.4,-31.0334
103.43,-29.8569
103.44,-28.7362
103.46,-27.6647
103.47,-26.6365
103.5,-25.6469
103.53,-24.6918
103.57,-23.7679
103.58,-22.8721
103.6,-22.0019
103.61,-21.1548
103.61,-20.329
103.59,-19.5226
103.6,-18.734
103.64,-17.9619
103.65,-17.2048
103.65,-16.4617
103.66,-15.7314
105.68,-15.013
105.69,-14.3056
105.69,-13.6084
105.68,-12.9206
105.68,-12.2415
105.68,-11.5704
105.66,-10.9068
105.64,-10.25
105.64,-9.5995
105.63,-8.95483
105.64,-8.31549
105.63,-7.68101
105.62,-7.05095
105.62,-6.42491
105.61,-5.80247
105.62,-5.18326
105.62,-4.5669
105.63,-3.95303
105.64,-3.3413
105.66,-2.73136
105.65,-2.12289
105.65,-1.51555
105.64,-0.90901
105.63,-0.30295
103.62,0.302949
103.62,0.909006
103.63,1.515545
103.63,2.122888
103.61,2.731362
103.6,3.341297
103.59,3.953028
103.59,4.566898
103.59,5.183259
103.58,5.802471
103.58,6.424907
103.59,7.050952
103.6,7.681006
103.59,8.315488
103.58,8.954834
103.56,9.599501
103.56,10.24997
103.57,10.90676
103.54,11.5704
103.52,12.24148
103.52,12.92059
103.52,13.60841
103.49,14.30563
103.44,15.01303
105.44,15.73141
105.47,16.46168
105.48,17.20481
105.47,17.96188
105.46,18.73404
105.45,19.5226
105.46,20.32899
105.43,21.15481
105.42,22.00185
105.41,22.87213
105.39,23.76793
105.37,24.69184
105.38,25.64687
105.37,26.63647
105.36,27.66467
105.38,28.73624
105.42,29.85687
105.4,31.03341
105.42,32.27427
105.46,33.58996
105.49,34.99383
105.43,36.50335
105.43,38.14207
105.43,39.94304
102.6,-39.943
102.57,-38.1421
102.65,-36.5034
102.76,-34.9938
102.78,-33.59
102.83,-32.2743
102.87,-31.0334
102.9,-29.8569
102.91,-28.7362
102.93,-27.6647
102.94,-26.6365
102.97,-25.6469
103.0,-24.6918
103.04,-23.7679
103.05,-22.8721
103.07,-22.0019
103.08,-21.1548
103.08,-20.329
103.06,-19.5226
103.07,-18.734
103.11,-17.9619
103.12,-17.2048
103.12,-16.4617
103.13,-15.7314
105.15,-15.013
105.16,-14.3056
105.16,-13.6084
105.15,-12.9206
105.15,-12.2415
105.15,-11.5704
105.13,-10.9068
105.11,-10.25
105.11,-9.5995
105.1,-8.95483
105.11,-8.31549
105.1,-7.68101
105.09,-7.05095
105.09,-6.42491
105.08,-5.80247
105.09,-5.18326
105.09,-4.5669
105.1,-3.95303
105.11,-3.3413
105.13,-2.73136
105.12,-2.12289
105.12,-1.51555
105.11,-0.90901
105.1,-0.30295
103.09,0.302949
103.09,0.909006
103.1,1.515545
103.1,2.122888
103.08,2.731362
103.07,3.341297
103.06,3.953028
103.06,4.566898
103.06,5.183259
103.05,5.802471
103.05,6.424907
103.06,7.050952
103.07,7.681006
103.06,8.315488
103.05,8.954834
103.03,9.599501
103.03,10.24997
103.04,10.90676
103.01,11.5704
102.99,12.24148
102.99,12.92059
102.99,13.60841
102.96,14.30563
102.91,15.01303
104.91,15.73141
104.94,16.46168
104.95,17.20481
104.94,17.96188
104.93,18.73404
104.92,19.5226
104.93,20.32899
104.9,21.15481
104.89,22.00185
104.88,22.87213
104.86,23.76793
104.84,24.69184
104.85,25.64687
104.84,26.63647
104.83,27.66467
104.85,28.73624
104.89,29.85687
104.87,31.03341
104.89,32.27427
104.93,33.58996
104.96,34.99383
104.9,36.50335
104.9,38.14207
104.9,39.94304
102.08,-39.943
102.05,-38.1421
102.13,-36.5034
102.24,-34.9938
102.26,-33.59
102.31,-32.2743
102.35,-31.0334
102.38,-29.8569
102.39,-28.7362
102.41,-27.6647
102.42,-26.6365
102.45,-25.6469
102.48,-24.6918
102.52,-23.7679
102.53,-22.8721
102.55,-22.0019
102.56,-21.1548
102.56,-20.329
102.54,-19.5226
102.55,-18.734
102.59,-17.9619
102.6,-17.2048
102.6,-16.4617
102.61,-15.7314
104.63,-15.013
104.64,-14.3056
104.64,-13.6084
104.63,-12.9206
104.63,-12.2415
104.63,-11.5704
104.61,-10.9068
104.59,-10.25
104.59,-9.5995
104.58,-8.95483
104.59,-8.31549
104.58,-7.68101
104.57,-7.05095
104.57,-6.42491
104.56,-5.80247
104.57,-5.18326
104.57,-4.5669
104.58,-3.95303
104.59,-3.3413
104.61,-2.73136
104.6,-2.12289
104.6,-1.51555
104.59,-0.90901
104.58,-0.30295
102.57,0.302949
102.57,0.909006
102.58,1.515545
102.58,2.122888
102.56,2.731362
102.55,3.341297
102.54,3.953028
102.54,4.566898
102.54,5.183259
102.53,5.802471
102.53,6.424907
102.54,7.050952
102.55,7.681006
102.54,8.315488
102.53,8.954834
102.51,9.599501
102.51,10.24997
102.52,10.90676
102.49,11.5704
102.47,12.24148
102.47,12.92059
102.47,13.60841
102.44,14.30563
102.39,15.01303
104.39,15.73141
104.42,16.46168
104.43,17.20481
104.42,17.96188
104.41,18.73404
104.4,19.5226
104.41,20.32899
104.38,21.15481
104.37,22.00185
104.36,22.87213
104.34,23.76793
104.32,24.69184
104.33,25.64687
104.32,26.63647
104.31,27.66467
104.33,28.73624
104.37,29.85687
104.35,31.03341
104.37,32.27427
104.41,33.58996
104.44,34.99383
104.38,36.50335
104.38,38.14207
104.38,39.94304
101.56,-39.943
101.53,-38.1421
101.61,-36.5034
101.72,-34.9938
101.74,-33.59
101.79,-32.2743
101.83,-31.0334
101.86,-29.8569
101.87,-28.7362
101.89,-27.6647
101.9,-26.6365
101.93,-25.6469
101.96,-24.6918
102.0,-23.7679
102.01,-22.8721
102.03,-22.0019
102.04,-21.1548
102.04,-20.329
102.02,-19.5226
102.03,-18.734
102.07,-17.9619
102.08,-17.2048
102.08,-16.4617
102.09,-15.7314
104.11,-15.013
104.12,-14.3056
104.12,-13.6084
104.11,-12.9206
104.11,-12.2415
104.11,-11.5704
104.09,-10.9068
104.07,-10.25
104.07,-9.5995
104.06,-8.95483
104.07,-8.31549
104.06,-7.68101
104.05,-7.05095
104.05,-6.42491
104.04,-5.80247
104.05,-5.18326
104.05,-4.5669
104.06,-3.95303
104.07,-3.3413
104.09,-2.73136
104.08,-2.12289
104.08,-1.51555
104.07,-0.90901
104.06,-0.30295
102.05,0.302949
102.05,0.909006
102.06,1.515545
102.06,2.122888
102.04,2.731362
102.03,3.341297
102.02,3.953028
102.02,4.566898
102.02,5.183259
102.01,5.802471
102.01,6.424907
102.02,7.050952
102.03,7.681006
102.02,8.315488
102.01,8.954834
101.99,9.599501
101.99,10.24997
102.0,10.90676
101.97,11.5704
101.95,12.24148
101.95,12.92059
101.95,13.60841
101.92,14.30563
101.87,15.01303
103.87,15.73141
103.9,16.46168
103.91,17.20481
103.9,17.96188
103.89,18.73404
103.88,19.5226
103.89,20.32899
103.86,21.15481
103.85,22.00185
103.84,22.87213
103.82,23.76793
103.8,24.69184
103.81,25.64687
103.8,26.63647
103.79,27.66467
103.81,28.73624
103.85,29.85687
103.83,31.03341
103.85,32.27427
103.89,33.58996
103.92,34.99383
103.86,36.50335
103.86,38.14207
103.86,39.94304
101.04,-39.943
101.01,-38.1421
101.09,-36.5034
101.2,-34.9938
101.22,-33.59
101.27,-32.2743
101.31,-31.0334
101.34,-29.8569
101.35,-28.7362
101.37,-27.6647
101.38,-26.6365
101.41,-25.6469
101.44,-24.6918
101.48,-23.7679
101.49,-22.8721
101.51,-22.0019
101.52,-21.1548
101.52,-20.329
101.5,-19.5226
101.51,-18.734
101.55,-17.9619
101.56,-17.2048
101.56,-16.4617
101.57,-15.7314
103.59,-15.013
103.6,-14.3056
103.6,-13.6084
103.59,-12.9206
103.59,-12.2415
103.59,-11.5704
103.57,-10.9068
103.55,-10.25
103.55,-9.5995
103.54,-8.95483
103.55,-8.31549
103.54,-7.68101
103.53,-7.05095
103.53,-6.42491
103.52,-5.80247
103.53,-5.18326
103.53,-4.5669
103.54,-3.95303
103.55,-3.3413
103.57,-2.73136
103.56,-2.12289
103.56,-1.51555
103.55,-0.90901
103.54,-0.30295
101.53,0.302949
101.53,0.909006
101.54,1.515545
101.54,2.122888
101.52,2.731362
101.51,3.341297
101.5,3.953028
101.5,4.566898
101.5,5.183259
101.49,5.802471
101.49,6.424907
101.5,7.050952
101.51,7.681006
101.5,8.315488
101.49,8.954834
101.47,9.599501
101.47,10.24997
101.48,10.90676
101.45,11.5704
101.43,12.24148
101.43,12.92059
101.43,13.60841
101.4,14.30563
101.35,15.01303
103.35,15.73141
103.38,16.46168
103.39,17.20481
103.38,17.96188
103.37,18.73404
103.36,19.5226
103.37,20.32899
103.34,21.15481
103.33,22.00185
103.32,22.87213
103.3,23.76793
103.28,24.69184
103.29,25.64687
103.28,26.63647
103.27,27.66467
103.29,28.73624
103.33,29.85687
103.31,31.03341
103.33,32.27427
103.37,33.58996
103.4,34.99383
103.34,36.50335
103.34,38.14207
103.34,39.94304
100.51,-39.943
100.48,-38.1421
100.56,-36.5034
100.67,-34.9938
100.69,-33.59
100.74,-32.2743
100.78,-31.0334
100.81,-29.8569
100.82,-28.7362
100.84,-27.6647
100.85,-26.6365
100.88,-25.6469
100.91,-24.6918
100.95,-23.7679
100.96,-22.8721
100.98,-22.0019
100.99,-21.1548
100.99,-20.329
100.97,-19.5226
100.98,-18.734
101.02,-17.9619
101.03,-17.2048
101.03,-16.4617
101.04,-15.7314
103.06,-15.013
103.07,-14.3056
103.07,-13.6084
103.06,-12.9206
103.06,-12.2415
103.06,-11.5704
103.04,-10.9068
103.02,-10.25
103.02,-9.5995
103.01,-8.95483
103.02,-8.31549
103.01,-7.68101
103.0,-7.05095
103.0,-6.42491
102.99,-5.80247
103.0,-5.18326
103.0,-4.5669
103.01,-3.95303
103.02,-3.3413
103.04,-2.73136
103.03,-2.12289
103.03,-1.51555
103.02,-0.90901
103.01,-0.30295
101.0,0.302949
101.0,0.909006
101.01,1.515545
101.01,2.122888
100.99,2.731362
100.98,3.341297
100.97,3.953028
100.97,4.566898
100.97,5.183259
100.96,5.802471
100.96,6.424907
100.97,7.050952
100.98,7.681006
100.97,8.315488
100.96,8.954834
100.94,9.599501
100.94,10.24997
100.95,10.90676
100.92,11.5704
100.9,12.24148
100.9,12.92059
100.9,13.60841
100.87,14.30563
100.82,15.01303
102.82,15.73141
102.85,16.46168
102.86,17.20481
102.85,17.96188
102.84,18.73404
102.83,19.5226
102.84,20.32899
102.81,21.15481
102.8,22.00185
102.79,22.87213
102.77,23.76793
102.75,24.69184
102.76,25.64687
102.75,26.63647
102.74,27.66467
102.76,28.73624
102.8,29.85687
102.78,31.03341
102.8,32.27427
102.84,33.58996
102.87,34.99383
102.81,36.50335
102.81,38.14207
102.81,39.94304
99.99,-39.943
99.96,-38.1421
100.04,-36.5034
100.15,-34.9938
100.17,-33.59
100.22,-32.2743
100.26,-31.0334
100.29,-29.8569
100.3,-28.7362
100.32,-27.6647
100.33,-26.6365
100.36,-25.6469
100.39,-24.6918
100.43,-23.7679
100.44,-22.8721
100.46,-22.0019
100.47,-21.1548
100.47,-20.329
100.45,-19.5226
100.46,-18.734
100.5,-17.9619
100.51,-17.2048
100.51,-16.4617
100.52,-15.7314
102.54,-15.013
102.55,-14.3056
102.55,-13.6084
102.54,-12.9206
102.54,-12.2415
102.54,-11.5704
102.52,-10.9068
102.5,-10.25
102.5,-9.5995
102.49,-8.95483
102.5,-8.31549
102.49,-7.68101
102.48,-7.05095
102.48,-6.42491
102.47,-5.80247
102.48,-5.18326
102.48,-4.5669
102.49,-3.95303
102.5,-3.3413
102.52,-2.73136
102.51,-2.12289
102.51,-1.51555
102.5,-0.90901
102.49,-0.30295
100.48,0.302949
100.48,0.909006
100.49,1.515545
100.49,2.122888
100.47,2.731362
100.46,3.341297
100.45,3.953028
100.45,4.566898
100.45,5.183259
100.44,5.802471
100.44,6.424907
100.45,7.050952
100.46,7.681006
100.45,8.315488
100.44,8.954834
100.42,9.599501
100.42,10.24997
100.43,10.90676
100.4,11.5704
100.38,12.24148
100.38,12.92059
100.38,13.60841
100.35,14.30563
100.3,15.01303
102.3,15.73141
102.33,16.46168
102.34,17.20481
102.33,17.96188
102.32,18.73404
102.31,19.5226
102.32,20.32899
102.29,21.15481
102.28,22.00185
102.27,22.87213
102.25,23.76793
102.23,24.69184
102.24,25.64687
102.23,26.63647
102.22,27.66467
102.24,28.73624
102.28,29.85687
102.26,31.03341
102.28,32.27427
102.32,33.58996
102.35,34.99383
102.29,36.50335
102.29,38.14207
102.29,39.94304
99.47,-39.943
99.44,-38.1421
99.52,-36.5034
99.63,-34.9938
99.65,-33.59
99.7,-32.2743
99.74,-31.0334
99.77,-29.8569
99.78,-28.7362
99.8,-27.6647
99.81,-26.6365
99.84,-25.6469
99.87,-24.6918
99.91,-23.7679
99.92,-22.8721
99.94,-22.0019
99.95,-21.1548
99.95,-20.329
99.93,-19.5226
99.94,-18.734
99.98,-17.9619
99.99,-17.2048
99.99,-16.4617
100.0,-15.7314
102.02,-15.013
102.03,-14.3056
102.03,-13.6084
102.02,-12.9206
102.02,-12.2415
102.02,-11.5704
102.0,-10.9068
101.98,-10.25
101.98,-9.5995
101.97,-8.95483
101.98,-8.31549
101.97,-7.68101
101.96,-7.05095
101.96,-6.42491
101.95,-5.80247
101.96,-5.18326
101.96,-4.5669
101.97,-3.95303
101.98,-3.3413
102.0,-2.73136
101.99,-2.12289
101.99,-1.51555
101.98,-0.90901
101.97,-0.30295
99.96,0.302949
99.96,0.909006
99.97,1.515545
99.97,2.122888
99.95,2.731362
99.94,3.341297
99.93,3.953028
99.93,4.566898
99.93,5.183259
99.92,5.802471
99.92,6.424907
99.93,7.050952
99.94,7.681006
99.93,8.315488
99.92,8.954834
99.9,9.599501
99.9,10.24997
99.91,10.90676
99.88,11.5704
99.86,12.24148
99.86,12.92059
99.86,13.60841
99.83,14.30563
99.78,15.01303
101.78,15.73141
101.81,16.46168
101.82,17.20481
101.81,17.96188
101.8,18.73404
101.79,19.5226
101.8,20.32899
101.77,21.15481
101.76,22.00185
101.75,22.87213
101.73,23.76793
101.71,24.69184
101.72,25.64687
101.71,26.63647
101.7,27.66467
101.72,28.73624
101.76,29.85687
101.74,31.03341
101.76,32.27427
101.8,33.58996
101.83,34.99383
101.77,36.50335
101.77,38.14207
101.77,39.94304
98.95,-39.943
98.92,-38.1421
99.0,-36.5034
99.11,-34.9938
99.13,-33.59
99.18,-32.2743
99.22,-31.0334
99.25,-29.8569
99.26,-28.7362
99.28,-27.6647
99.29,-26.6365
99.32,-25.6469
99.35,-24.6918
99.39,-23.7679
99.4,-22.8721
99.42,-22.0019
99.43,-21.1548
99.43,-20.329
99.41,-19.5226
99.42,-18.734
99.46,-17.9619
99.47,-17.2048
99.47,-16.4617
99.48,-15.7314
101.5,-15.013
101.51,-14.3056
101.51,-13.6084
101.5,-12.9206
101.5,-12.2415
101.5,-11.5704
101.48,-10.9068
101.46,-10.25
101.46,-9.5995
101.45,-8.95483
101.46,-8.31549
101.45,-7.68101
101.44,-7.05095
101.44,-6.42491
101.43,-5.80247
101.44,-5.18326
101.44,-4.5669
101.45,-3.95303
101.46,-3.3413
101.48,-2.73136
101.47,-2.12289
101.47,-1.51555
101.46,-0.90901
101.45,-0.30295
99.44,0.302949
99.44,0.909006
99.45,1.515545
99.45,2.122888
99.43,2.731362
99.42,3.341297
99.41,3.953028
99.41,4.566898
99.41,5.183259
99.4,5.802471
99.4,6.424907
99.41,7.050952
99.42,7.681006
99.41,8.315488
99.4,8.954834
99.38,9.599501
99.38,10.24997
99.39,10.90676
99.36,11.5704
99.34,12.24148
99.34,12.92059
99.34,13.60841
99.31,14.30563
99.26,15.01303
101.26,15.73141
101.29,16.46168
101.3,17.20481
101.29,17.96188
101.28,18.73404
101.27,19.5226
101.28,20.32899
101.25,21.15481
101.24,22.00185
101.23,22.87213
101.21,23.76793
101.19,24.69184
101.2,25.64687
101.19,26.63647
101.18,27.66467
101.2,28.73624
101.24,29.85687
101.22,31.03341
101.24,32.27427
101.28,33.58996
101.31,34.99383
101.25,36.50335
101.25,38.14207
101.25,39.94304
98.42,-39.943
98.39,-38.1421
98.47,-36.5034
98.58,-34.9938
98.6,-33.59
98.65,-32.2743
98.69,-31.0334
98.72,-29.8569
98.73,-28.7362
98.75,-27.6647
98.76,-26.6365
98.79,-25.6469
98.82,-24.6918
98.86,-23.7679
98.87,-22.8721
98.89,-22.0019
98.9,-21.1548
98.9,-20.329
98.88,-19.5226
98.89,-18.734
98.93,-17.9619
98.94,-17.2048
98.94,-16.4617
98.95,-15.7314
100.97,-15.013
100.98,-14.3056
100.98,-13.6084
100.97,-12.9206
100.97,-12.2415
100.97,-11.5704
100.95,-10.9068
100.93,-10.25
100.93,-9.5995
100.92,-8.95483
100.93,-8.31549
100.92,-7.68101
100.91,-7.05095
100.91,-6.42491
100.9,-5.80247
100.91,-5.18326
100.91,-4.5669
100.92,-3.95303
100.93,-3.3413
100.95,-2.73136
100.94,-2.12289
100.94,-1.51555
100.93,-0.90901
100.92,-0.30295
98.91,0.302949
98.91,0.909006
98.92,1.515545
98.92,2.122888
98.9,2.731362
98.89,3.341297
98.88,3.953028
98.88,4.566898
98.88,5.183259
98.87,5.802471
98.87,6.424907
98.88,7.050952
98.89,7.681006
98.88,8.315488
98.87,8.954834
98.85,9.599501
98.85,10.24997
98.86,10.90676
98.83,11.5704
98.81,12.24148
98.81,12.92059
98.81,13.60841
98.78,14.30563
98.73,15.01303
100.73,15.73141
100.76,16.46168
100.77,17.20481
100.76,17.96188
100.75,18.73404
100.74,19.5226
100.75,20.32899
100.72,21.15481
100.71,22.00185
100.7,22.87213
100.68,23.76793
100.66,24.69184
100.67,25.64687
100.66,26.63647
100.65,27.66467
100.67,28.73624
100.71,29.85687
100.69,31.03341
100.71,32.27427
100.75,33.58996
100.78,34.99383
100.72,36.50335
100.72,38.14207
100.72,39.94304
97.9,-39.943
97.87,-38.1421
97.95,-36.5034
98.06,-34.9938
98.08,-33.59
98.13,-32.2743
98.17,-31.0334
98.2,-29.8569
98.21,-28.7362
98.23,-27.6647
98.24,-26.6365
98.27,-25.6469
98.3,-24.6918
98.34,-23.7679
98.35,-22.8721
98.37,-22.0019
98.38,-21.1548
98.38,-20.329
98.36,-19.5226
98.37,-18.734
98.41,-17.9619
98.42,-17.2048
98.42,-16.4617
98.43,-15.7314
100.45,-15.013
100.46,-14.3056
100.46,-13.6084
100.45,-12.9206
100.45,-12.2415
100.45,-11.5704
100.43,-10.9068
100.41,-10.25
100.41,-9.5995
100.4,-8.95483
100.41,-8.31549
100.4,-7.68101
100.39,-7.05095
100.39,-6.42491
100.38,-5.80247
100.39,-5.18326
100.39,-4.5669
100.4,-3.95303
100.41,-3.3413
100.43,-2.73136
100.42,-2.12289
100.42,-1.51555
100.41,-0.90901
100.4,-0.30295
98.39,0.302949
98.39,0.909006
98.4,1.515545
98.4,2.122888
98.38,2.731362
98.37,3.341297
98.36,3.953028
98.36,4.566898
98.36,5.183259
98.35,5.802471
98.35,6.424907
98.36,7.050952
98.37,7.681006
98.36,8.315488
98.35,8.954834
98.33,9.599501
98.33,10.24997
98.34,10.90676
98.31,11.5704
98.29,12.24148
98.29,12.92059
98.29,13.60841
98.26,14.30563
98.21,15.01303
100.21,15.73141
100.24,16.46168
100.25,17.20481
100.24,17.96188
100.23,18.73404
100.22,19.5226
100.23,20.32899
100.2,21.15481
100.19,22.00185
100.18,22.87213
100.16,23.76793
100.14,24.69184
100.15,25.64687
100.14,26.63647
100.13,27.66467
100.15,28.73624
100.19,29.85687
100.17,31.03341
100.19,32.27427
100.23,33.58996
100.26,34.99383
100.2,36.50335
100.2,38.14207
100.2,39.94304
97.38,-39.943
97.35,-38.1421
97.43,-36.5034
97.54,-34.9938
97.56,-33.59
97.61,-32.2743
97.65,-31.0334
97.68,-29.8569
97.69,-28.7362
97.71,-27.6647
97.72,-26.6365
97.75,-25.6469
97.78,-24.6918
97.82,-23.7679
97.83,-22.8721
97.85,-22.0019
97.86,-21.1548
97.86,-20.329
97.84,-19.5226
97.85,-18.734
97.89,-17.9619
97.9,-17.2048
97.9,-16.4617
97.91,-15.7314
99.93,-15.013
99.94,-14.3056
99.94,-13.6084
99.93,-12.9206
99.93,-12.2415
99.93,-11.5704
99.91,-10.9068
99.89,-10.25
99.89,-9.5995
99.88,-8.95483
99.89,-8.31549
99.88,-7.68101
99.87,-7.05095
99.87,-6.42491
99.86,-5.80247
99.87,-5.18326
99.87,-4.5669
99.88,-3.95303
99.89,-3.3413
99.91,-2.73136
99.9,-2.12289
99.9,-1.51555
99.89,-0.90901
99.88,-0.30295
97.87,0.302949
97.87,0.909006
97.88,1.515545
97.88,2.122888
97.86,2.731362
97.85,3.341297
97.84,3.953028
97.84,4.566898
97.84,5.183259
97.83,5.802471
97.83,6.424907
97.84,7.050952
97.85,7.681006
97.84,8.315488
97.83,8.954834
97.81,9.599501
97.81,10.24997
97.82,10.90676
97.79,11.5704
97.77,12.24148
97.77,12.92059
97.77,13.60841
97.74,14.30563
97.69,15.01303
99.69,15.73141
99.72,16.46168
99.73,17.20481
99.72,17.96188
99.71,18.73404
99.7,19.5226
99.71,20.32899
99.68,21.15481
99.67,22.00185
99.66,22.87213
99.64,23.76793
99.62,24.69184
99.63,25.64687
99.62,26.63647
99.61,27.66467
99.63,28.73624
99.67,29.85687
99.65,31.03341
99.67,32.27427
99.71,33.58996
99.74,34.99383
99.68,36.50335
99.68,38.14207
99.68,39.94304
96.86,-39.943
96.83,-38.1421
96.91,-36.5034
97.02,-34.9938
97.04,-33.59
97.09,-32.2743
97.13,-31.0334
97.16,-29.8569
97.17,-28.7362
97.19,-27.6647
97.2,-26.6365
97.23,-25.6469
97.26,-24.6918
97.3,-23.7679
97.31,-22.8721
97.33,-22.0019
97.34,-21.1548
97.34,-20.329
97.32,-19.5226
97.33,-18.734
97.37,-17.9619
97.38,-17.2048
97.38,-16.4617
97.39,-15.7314
99.41,-15.013
99.42,-14.3056
99.42,-13.6084
99.41,-12.9206
99.41,-12.2415
99.41,-11.5704
99.39,-10.9068
99.37,-10.25
99.37,-9.5995
99.36,-8.95483
99.37,-8.31549
99.36,-7.68101
99.35,-7.05095
99.35,-6.42491
99.34,-5.80247
99.35,-5.18326
99.35,-4.5669
99.36,-3.95303
99.37,-3.3413
99.39,-2.73136
99.38,-2.12289
99.38,-1.51555
99.37,-0.90901
99.36,-0.30295
97.35,0.302949
97.35,0.909006
97.36,1.515545
97.36,2.122888
97.34,2.731362
97.33,3.341297
97.32,3.953028
97.32,4.566898
97.32,5.183259
97.31,5.802471
97.31,6.424907
97.32,7.050952
97.33,7.681006
97.32,8.315488
97.31,8.954834
97.29,9.599501
97.29,10.24997
97.3,10.90676
97.27,11.5704
97.25,12.24148
97.25,12.92059
97.25,13.60841
97.22,14.30563
97.17,15.01303
99.17,15.73141
99.2,16.46168
99.21,17.20481
99.2,17.96188
99.19,18.73404
99.18,19.5226
99.19,20.32899
99.16,21.15481
99.15,22.00185
99.14,22.87213
99.12,23.76793
99.1,24.69184
99.11,25.64687
99.1,26.63647
99.09,27.66467
99.11,28.73624
99.15,29.85687
99.13,31.03341
99.15,32.27427
99.19,33.58996
99.22,34.99383
99.16,36.50335
99.16,38.14207
99.16,39.94304
96.33,-39.943
96.3,-38.1421
96.38,-36.5034
96.49,-34.9938
96.51,-33.59
96.56,-32.2743
96.6,-31.0334
96.63,-29.8569
96.64,-28.7362
96.66,-27.6647
96.67,-26.6365
96.7,-25.6469
96.73,-24.6918
96.77,-23.7679
96.78,-22.8721
96.8,-22.0019
96.81,-21.1548
96.81,-20.329
96.79,-19.5226
96.8,-18.734
96.84,-17.9619
96.85,-17.2048
96.85,-16.4617
96.86,-15.7314
98.88,-15.013
98.89,-14.3056
98.89,-13.6084
98.88,-12.9206
98.88,-12.2415
98.88,-11.5704
98.86,-10.9068
98.84,-10.25
98.84,-9.5995
98.83,-8.95483
98.84,-8.31549
98.83,-7.68101
98.82,-7.05095
98.82,-6.42491
98.81,-5.80247
98.82,-5.18326
98.82,-4.5669
98.83,-3.95303
98.84,-3.3413
98.86,-2.73136
98.85,-2.12289
98.85,-1.51555
98.84,-0.90901
98.83,-0.30295
96.82,0.302949
96.82,0.909006
96.83,1.515545
96.83,2.122888
96.81,2.731362
96.8,3.341297
96.79,3.953028
96.79,4.566898
96.79,5.183259
96.78,5.802471
96.78,6.424907
96.79,7.050952
96.8,7.681006
96.79,8.315488
96.78,8.954834
96.76,9.599501
96.76,10.24997
96.77,10.90676
96.74,11.5704
96.72,12.24148
96.72,12.92059
96.72,13.60841
96.69,14.30563
96.64,15.01303
98.64,15.73141
98.67,16.46168
98.68,17.20481
98.67,17.96188
98.66,18.73404
98.65,19.5226
98.66,20.32899
98.63,21.15481
98.62,22.00185
98.61,22.87213
98.59,23.76793
98.57,24.69184
98.58,25.64687
98.57,26.63647
98.56,27.66467
98.58,28.73624
98.62,29.85687
98.6,31.03341
98.62,32.27427
98.66,33.58996
98.69,34.99383
98.63,36.50335
98.63,38.14207
98.63,39.94304
95.81,-39.943
95.78,-38.1421
95.86,-36.5034
95.97,-34.9938
95.99,-33.59
96.04,-32.2743
96.08,-31.0334
96.11,-29.8569
96.12,-28.7362
96.14,-27.6647
96.15,-26.6365
96.18,-25.6469
96.21,-24.6918
96.25,-23.7679
96.26,-22.8721
96.28,-22.0019
96.29,-21.1548
96.29,-20.329
96.27,-19.5226
96.28,-18.734
96.32,-17.9619
96.33,-17.2048
96.33,-16.4617
96.34,-15.7314
98.36,-15.013
98.37,-14.3056
98.37,-13.6084
98.36,-12.9206
98.36,-12.2415
98.36,-11.5704
98.34,-10.9068
98.32,-10.25
98.32,-9.5995
98.31,-8.95483
98.32,-8.31549
98.31,-7.68101
98.3,-7.05095
98.3,-6.42491
98.29,-5.80247
98.3,-5.18326
98.3,-4.5669
98.31,-3.95303
98.32,-3.3413
98.34,-2.73136
98.33,-2.12289
98.33,-1.51555
98.32,-0.90901
98.31,-0.30295
96.3,0.302949
96.3,0.909006
96.31,1.515545
96.31,2.122888
96.29,2.731362
96.28,3.341297
96.27,3.953028
96.27,4.566898
96.27,5.183259
96.26,5.802471
96.26,6.424907
96.27,7.050952
96.28,7.681006
96.27,8.315488
96.26,8.954834
96.24,9.599501
96.24,10.24997
96.25,10.90676
96.22,11.5704
96.2,12.24148
96.2,12.92059
96.2,13.60841
96.17,14.30563
96.12,15.01303
98.12,15.73141
98.15,16.46168
98.16,17.20481
98.15,17.96188
98.14,18.73404
98.13,19.5226
98.14,20.32899
98.11,21.15481
98.1,22.00185
98.09,22.87213
98.07,23.76793
98.05,24.69184
98.06,25.64687
98.05,26.63647
98.04,27.66467
98.06,28.73624
98.1,29.85687
98.08,31.03341
98.1,32.27427
98.14,33.58996
98.17,34.99383
98.11,36.50335
98.11,38.14207
98.11,39.94304
95.29,-39.943
95.26,-38.1421
95.34,-36.5034
95.45,-34.9938
95.47,-33.59
95.52,-32.2743
95.56,-31.0334
95.59,-29.8569
95.6,-28.7362
95.62,-27.6647
95.63,-26.6365
95.66,-25.6469
95.69,-24.6918
95.73,-23.7679
95.74,-22.8721
95.76,-22.0019
95.77,-21.1548
95.77,-20.329
95.75,-19.5226
95.76,-18.734
95.8,-17.9619
95.81,-17.2048
95.81,-16.4617
95.82,-15.7314
97.84,-15.013
97.85,-14.3056
97.85,-13.6084
97.84,-12.9206
97.84,-12.2415
97.84,-11.5704
97.82,-10.9068
97.8,-10.25
97.8,-9.5995
97.79,-8.95483
97.8,-8.31549
97.79,-7.68101
97.78,-7.05095
97.78,-6.42491
97.77,-5.80247
97.78,-5.18326
97.78,-4.5669
97.79,-3.95303
97.8,-3.3413
97.82,-2.73136
97.81,-2.12289
97.81,-1.51555
97.8,-0.90901
97.79,-0.30295
95.78,0.302949
95.78,0.909006
95.79,1.515545
95.79,2.122888
95.77,2.731362
95.76,3.341297
95.75,3.953028
95.75,4.566898
95.75,5.183259
95.74,5.802471
95.74,6.424907
95.75,7.050952
95.76,7.681006
95.75,8.315488
95.74,8.954834
95.72,9.599501
95.72,10.24997
95.73,10.90676
95.7,11.5704
95.68,12.24148
95.68,12.92059
95.68,13.60841
95.65,14.30563
95.6,15.01303
97.6,15.73141
97.63,16.46168
97.64,17.20481
97.63,17.96188
97.62,18.73404
97.61,19.5226
97.62,20.32899
97.59,21.15481
97.58,22.00185
97.57,22.87213
97.55,23.76793
97.53,24.69184
97.54,25.64687
97.53,26.63647
97.52,27.66467
97.54,28.73624
97.58,29.85687
97.56,31.03341
97.58,32.27427
97.62,33.58996
97.65,34.99383
97.59,36.50335
97.59,38.14207
97.59,39.94304
94.77,-39.943
94.74,-38.1421
94.82,-36.5034
94.93,-34.9938
94.95,-33.59
95.0,-32.2743
95.04,-31.0334
95.07,-29.8569
95.08,-28.7362
95.1,-27.6647
95.11,-26.6365
95.14,-25.6469
95.17,-24.6918
95.21,-23.7679
95.22,-22.8721
95.24,-22.0019
95.25,-21.1548
95.25,-20.329
95.23,-19.5226
95.24,-18.734
95.28,-17.9619
95.29,-17.2048
95.29,-16.4617
95.3,-15.7314
97.32,-15.013
97.33,-14.3056
97.33,-13.6084
97.32,-12.9206
97.32,-12.2415
97.32,-11.5704
97.3,-10.9068
97.28,-10.25
97.28,-9.5995
97.27,-8.95483
97.28,-8.31549
97.27,-7.68101
97.26,-7.05095
97.26,-6.42491
97.25,-5.80247
97.26,-5.18326
97.26,-4.5669
97.27,-3.95303
97.28,-3.3413
97.3,-2.73136
97.29,-2.12289
97.29,-1.51555
97.28,-0.90901
97.27,-0.30295
95.26,0.302949
95.26,0.909006
95.27,1.515545
95.27,2.122888
95.25,2.731362
95.24,3.341297
95.23,3.953028
95.23,4.566898
95.23,5.183259
95.22,5.802471
95.22,6.424907
95.23,7.050952
95.24,7.681006
95.23,8.315488
95.22,8.954834
95.2,9.599501
95.2,10.24997
95.21,10.90676
95.18,11.5704
95.16,12.24148
95.16,12.92059
95.16,13.60841
95.13,14.30563
95.08,15.01303
97.08,15.73141
97.11,16.46168
97.12,17.20481
97.11,17.96188
97.1,18.73404
97.09,19.5226
97.1,20.32899
97.07,21.15481
97.06,22.00185
97.05,22.87213
97.03,23.76793
97.01,24.69184
97.02,25.64687
97.01,26.63647
97.0,27.66467
97.02,28.73624
97.06,29.85687
97.04,31.03341
97.06,32.27427
97.1,33.58996
97.13,34.99383
97.07,36.50335
97.07,38.14207
97.07,39.94304
94.24,-39.943
94.21,-38.1421
94.29,-36.5034
94.4,-34.9938
94.42,-33.59
94.47,-32.2743
94.51,-31.0334
94.54,-29.8569
94.55,-28.7362
94.57,-27.6647
94.58,-26.6365
94.61,-25.6469
94.64,-24.6918
94.68,-23.7679
94.69,-22.8721
94.71,-22.0019
94.72,-21.1548
94.72,-20.329
94.7,-19.5226
94.71,-18.734
94.75,-17.9619
94.76,-17.2048
94.76,-16.4617
94.77,-15.7314
96.79,-15.013
96.8,-14.3056
96.8,-13.6084
96.79,-12.9206
96.79,-12.2415
96.79,-11.5704
96.77,-10.9068
96.75,-10.25
96.75,-9.5995
96.74,-8.95483
96.75,-8.31549
96.74,-7.68101
96.73,-7.05095
96.73,-6.42491
96.72,-5.80247
96.73,-5.18326
96.73,-4.5669
96.74,-3.95303
96.75,-3.3413
96.77,-2.73136
96.76,-2.12289
96.76,-1.51555
96.75,-0.90901
96.74,-0.30295
94.73,0.302949
94.73,0.909006
94.74,1.515545
94.74,2.122888
94.72,2.731362
94.71,3.341297
94.7,3.953028
94.7,4.566898
94.7,5.183259
94.69,5.802471
94.69,6.424907
94.7,7.050952
94.71,7.681006
94.7,8.315488
94.69,8.954834
94.67,9.599501
94.67,10.24997
94.68,10.90676
94.65,11.5704
94.63,12.24148
94.63,12.92059
94.63,13.60841
94.6,14.30563
94.55,15.01303
96.55,15.73141
96.58,16.46168
96.59,17.20481
96.58,17.96188
96.57,18.73404
96.56,19.5226
96.57,20.32899
96.54,21.15481
96.53,22.00185
96.52,22.87213
96.5,23.76793
96.48,24.69184
96.49,25.64687
96.48,26.63647
96.47,27.66467
96.49,28.73624
96.53,29.85687
96.51,31.03341
96.53,32.27427
96.57,33.58996
96.6,34.99383
96.54,36.50335
96.54,38.14207
96.54,39.94304
93.72,-39.943
93.69,-38.1421
93.77,-36.5034
93.88,-34.9938
93.9,-33.59
93.95,-32.2743
93.99,-31.0334
94.02,-29.8569
94.03,-28.7362
94.05,-27.6647
94.06,-26.6365
94.09,-25.6469
94.12,-24.6918
94.16,-23.7679
94.17,-22.8721
94.19,-22.0019
94.2,-21.1548
94.2,-20.329
94.18,-19.5226
94.19,-18.734
94.23,-17.9619
94.24,-17.2048
94.24,-16.4617
94.25,-15.7314
96.27,-15.013
96.28,-14.3056
96.28,-13.6084
96.27,-12.9206
96.27,-12.2415
96.27,-11.5704
96.25,-10.9068
96.23,-10.25
96.23,-9.5995
96.22,-8.95483
96.23,-8.31549
96.22,-7.68101
96.21,-7.05095
96.21,-6.42491
96.2,-5.80247
96.21,-5.18326
96.21,-4.5669
96.22,-3.95303
96.23,-3.3413
96.25,-2.73136
96.24,-2.12289
96.24,-1.51555
96.23,-0.90901
96.22,-0.30295
94.21,0.302949
94.21,0.909006
94.22,1.515545
94.22,2.122888
94.2,2.731362
94.19,3.341297
94.18,3.953028
94.18,4.566898
94.18,5.183259
94.17,5.802471
94.17,6.424907
94.18,7.050952
94.19,7.681006
94.18,8.315488
94.17,8.954834
94.15,9.599501
94.15,10.24997
94.16,10.90676
94.13,11.5704
94.11,12.24148
94.11,12.92059
94.11,13.60841
94.08,14.30563
94.03,15.01303
96.03,15.73141
96.06,16.46168
96.07,17.20481
96.06,17.96188
96.05,18.73404
96.04,19.5226
96.05,20.32899
96.02,21.15481
96.01,22.00185
96.0,22.87213
95.98,23.76793
95.96,24.69184
95.97,25.64687
95.96,26.63647
95.95,27.66467
95.97,28.73624
96.01,29.85687
95.99,31.03341
96.01,32.27427
96.05,33.58996
96.08,34.99383
96.02,36.50335
96.02,38.14207
96.02,39.94304
93.2,-39.943
93.17,-38.1421
93.25,-36.5034
93.36,-34.9938
93.38,-33.59
93.43,-32.2743
93.47,-31.0334
93.5,-29.8569
93.51,-28.7362
93.53,-27.6647
93.54,-26.6365
93.57,-25.6469
93.6,-24.6918
93.64,-23.7679
93.65,-22.8721
93.67,-22.0019
93.68,-21.1548
93.68,-20.329
93.66,-19.5226
93.67,-18.734
93.71,-17.9619
93.72,-17.2048
93.72,-16.4617
93.73,-15.7314
95.75,-15.013
95.76,-14.3056
95.76,-13.6084
95.75,-12.9206
95.75,-12.2415
95.75,-11.5704
95.73,-10.9068
95.71,-10.25
95.71,-9.5995
95.7,-8.95483
95.71,-8.31549
95.7,-7.68101
95.69,-7.05095
95.69,-6.42491
95.68,-5.80247
95.69,-5.18326
95.69,-4.5669
95.7,-3.95303
95.71,-3.3413
95.73,-2.73136
95.72,-2.12289
95.72,-1.51555
95.71,-0.90901
95.7,-0.30295
93.69,0.302949
93.69,0.909006
93.7,1.515545
93.7,2.122888
93.68,2.731362
93.67,3.341297
93.66,3.953028
93.66,4.566898
93.66,5.183259
93.65,5.802471
93.65,6.424907
93.66,7.050952
93.67,7.681006
93.66,8.315488
93.65,8.954834
93.63,9.599501
93.63,10.24997
93.64,10.90676
93.61,11.5704
93.59,12.24148
93.59,12.92059
93.59,13.60841
93.56,14.30563
93.51,15.01303
95.51,15.73141
95.54,16.46168
95.55,17.20481
95.54,17.96188
95.53,18.73404
95.52,19.5226
95.53,20.32899
95.5,21.15481
95.49,22.00185
95.48,22.87213
95.46,23.76793
95.44,24.69184
95.45,25.64687
95.44,26.63647
95.43,27.66467
95.45,28.73624
95.49,29.85687
95.47,31.03341
95.49,32.27427
95.53,33.58996
95.56,34.99383
95.5,36.50335
95.5,38.14207
95.5,39.94304
92.68,-39.943
92.65,-38.1421
92.73,-36.5034
92.84,-34.9938
92.86,-33.59
92.91,-32.2743
92.95,-31.0334
92.98,-29.8569
92.99,-28.7362
93.01,-27.6647
93.02,-26.6365
93.05,-25.6469
93.08,-24.6918
93.12,-23.7679
93.13,-22.8721
93.15,-22.0019
93.16,-21.1548
93.16,-20.329
93.14,-19.5226
93.15,-18.734
93.19,-17.9619
93.2,-17.2048
93.2,-16.4617
93.21,-15.7314
95.23,-15.013
95.24,-14.3056
95.24,-13.6084
95.23,-12.9206
95.23,-12.2415
95.23,-11.5704
95.21,-10.9068
95.19,-10.25
95.19,-9.5995
95.18,-8.95483
95.19,-8.31549
95.18,-7.68101
95.17,-7.05095
95.17,-6.42491
95.16,-5.80247
95.17,-5.18326
95.17,-4.5669
95.18,-3.95303
95.19,-3.3413
95.21,-2.73136
95.2,-2.12289
95.2,-1.51555
95.19,-0.90901
95.18,-0.30295
93.17,0.302949
93.17,0.909006
93.18,1.515545
93.18,2.122888
93.16,2.731362
93.15,3.341297
93.14,3.953028
93.14,4.566898
93.14,5.183259
93.13,5.802471
93.13,6.424907
93.14,7.050952
93.15,7.681006
93.14,8.315488
93.13,8.954834
93.11,9.599501
93.11,10.24997
93.12,10.90676
93.09,11.5704
93.07,12.24148
93.07,12.92059
93.07,13.60841
93.04,14.30563
92.99,15.01303
94.99,15.73141
95.02,16.46168
95.03,17.20481
95.02,17.96188
95.01,18.73404
95.0,19.5226
95.01,20.32899
94.98,21.15481
94.97,22.00185
94.96,22.87213
94.94,23.76793
94.92,24.69184
94.93,25.64687
94.92,26.63647
94.91,27.66467
94.93,28.73624
94.97,29.85687
94.95,31.03341
94.97,32.27427
95.01,33.58996
95.04,34.99383
94.98,36.50335
94.98,38.14207
94.98,39.94304
92.15,-39.943
92.12,-38.1421
92.2,-36.5034
92.31,-34.9938
92.33,-33.59
92.38,-32.2743
92.42,-31.0334
92.45,-29.8569
92.46,-28.7362
92.48,-27.6647
92.49,-26.6365
92.52,-25.6469
92.55,-24.6918
92.59,-23.7679
92.6,-22.8721
92.62,-22.0019
92.63,-21.1548
92.63,-20.329
92.61,-19.5226
92.62,-18.734
92.66,-17.9619
92.67,-17.2048
92.67,-16.4617
92.68,-15.7314
94.7,-15.013
94.71,-14.3056
94.71,-13.6084
94.7,-12.9206
94.7,-12.2415
94.7,-11.5704
94.68,-10.9068
94.66,-10.25
94.66,-9.5995
94.65,-8.95483
94.66,-8.31549
94.65,-7.68101
94.64,-7.05095
94.64,-6.42491
94.63,-5.80247
94.64,-5.18326
94.64,-4.5669
94.65,-3.95303
94.66,-3.3413
94.68,-2.73136
94.67,-2.12289
94.67,-1.51555
94.66,-0.90901
94.65,-0.30295
92.64,0.302949
92.64,0.909006
92.65,1.515545
92.65,2.122888
92.63,2.731362
92.62,3.341297
92.61,3.953028
92.61,4.566898
92.61,5.183259
92.6,5.802471
92.6,6.424907
92.61,7.050952
92.62,7.681006
92.61,8.315488
92.6,8.954834
92.58,9.599501
92.58,10.24997
92.59,10.90676
92.56,11.5704
92.54,12.24148
92.54,12.92059
92.54,13.60841
92.51,14.30563
92.46,15.01303
94.46,15.73141
94.49,16.46168
94.5,17.20481
94.49,17.96188
94.48,18.73404
94.47,19.5226
94.48,20.32899
94.45,21.15481
94.44,22.00185
94.43,22.87213
94.41,23.76793
94.39,24.69184
94.4,25.64687
94.39,26.63647
94.38,27.66467
94.4,28.73624
94.44,29.85687
94.42,31.03341
94.44,32.27427
94.48,33.58996
94.51,34.99383
94.45,36.50335
94.45,38.14207
94.45,39.94304
91.63,-39.943
91.6,-38.1421
91.68,-36.5034
91.79,-34.9938
91.81,-33.59
91.86,-32.2743
91.9,-31.0334
91.93,-29.8569
91.94,-28.7362
91.96,-27.6647
91.97,-26.6365
92.0,-25.6469
92.03,-24.6918
92.07,-23.7679
92.08,-22.8721
92.1,-22.0019
92.11,-21.1548
92.11,-20.329
92.09,-19.5226
92.1,-18.734
92.14,-17.9619
92.15,-17.2048
92.15,-16.4617
92.16,-15.7314
94.18,-15.013
94.19,-14.3056
94.19,-13.6084
94.18,-12.9206
94.18,-12.2415
94.18,-11.5704
94.16,-10.9068
94.14,-10.25
94.14,-9.5995
94.13,-8.95483
94.14,-8.31549
94.13,-7.68101
94.12,-7.05095
94.12,-6.42491
94.11,-5.80247
94.12,-5.18326
94.12,-4.5669
94.13,-3.95303
94.14,-3.3413
94.16,-2.73136
94.15,-2.12289
94.15,-1.51555
94.14,-0.90901
94.13,-0.30295
92.12,0.302949
92.12,0.909006
92.13,1.515545
92.13,2.122888
92.11,2.731362
92.1,3.341297
92.09,3.953028
92.09,4.566898
92.09,5.183259
92.08,5.802471
92.08,6.424907
92.09,7.050952
92.1,7.681006
92.09,8.315488
92.08,8.954834
92.06,9.599501
92.06,10.24997
92.07,10.90676
92.04,11.5704
92.02,12.24148
92.02,12.92059
92.02,13.60841
91.99,14.30563
91.94,15.01303
93.94,15.73141
93.97,16.46168
93.98,17.20481
93.97,17.96188
93.96,18.73404
93.95,19.5226
93.96,20.32899
93.93,21.15481
93.92,22.00185
93.91,22.87213
93.89,23.76793
93.87,24.69184
93.88,25.64687
93.87,26.63647
93.86,27.66467
93.88,28.73624
93.92,29.85687
93.9,31.03341
93.92,32.27427
93.96,33.58996
93.99,34.99383
93.93,36.50335
93.93,38.14207
93.93,39.94304
91.11,-39.943
91.08,-38.1421
91.16,-36.5034
91.27,-34.9938
91.29,-33.59
91.34,-32.2743
91.38,-31.0334
91.41,-29.8569
91.42,-28.7362
91.44,-27.6647
91.45,-26.6365
91.48,-25.6469
91.51,-24.6918
91.55,-23.7679
91.56,-22.8721
91.58,-22.0019
91.59,-21.1548
91.59,-20.329
91.57,-19.5226
91.58,-18.734
91.62,-17.9619
91.63,-17.2048
91.63,-16.4617
91.64,-15.7314
93.66,-15.013
93.67,-14.3056
93.67,-13.6084
93.66,-12.9206
93.66,-12.2415
93.66,-11.5704
93.64,-10.9068
93.62,-10.25
93.62,-9.5995
93.61,-8.95483
93.62,-8.31549
93.61,-7.68101
93.6,-7.05095
93.6,-6.42491
93.59,-5.80247
93.6,-5.18326
93.6,-4.5669
93.61,-3.95303
93.62,-3.3413
93.64,-2.73136
93.63,-2.12289
93.63,-1.51555
93.62,-0.90901
93.61,-0.30295
91.6,0.302949
91.6,0.909006
91.61,1.515545
91.61,2.122888
91.59,2.731362
91.58,3.341297
91.57,3.953028
91.57,4.566898
91.57,5.183259
91.56,5.802471
91.56,6.424907
91.57,7.050952
91.58,7.681006
91.57,8.315488
91.56,8.954834
91.54,9.599501
91.54,10.24997
91.55,10.90676
91.52,11.5704
91.5,12.24148
91.5,12.92059
91.5,13.60841
91.47,14.30563
91.42,15.01303
93.42,15.73141
93.45,16.46168
93.46,17.20481
93.45,17.96188
93.44,18.73404
93.43,19.5226
93.44,20.32899
93.41,21.15481
93.4,22.00185
93.39,22.87213
93.37,23.76793
93.35,24.69184
93.36,25.64687
93.35,26.63647
93.34,27.66467
93.36,28.73624
93.4,29.85687
93.38,31.03341
93.4,32.27427
93.44,33.58996
93.47,34.99383
93.41,36.50335
93.41,38.14207
93.41,39.94304
90.59,-39.943
90.56,-38.1421
90.64,-36.5034
90.75,-34.9938
90.77,-33.59
90.82,-32.2743
90.86,-31.0334
90.89,-29.8569
90.9,-28.7362
90.92,-27.6647
90.93,-26.6365
90.96,-25.6469
90.99,-24.6918
91.03,-23.7679
91.04,-22.8721
91.06,-22.0019
91.07,-21.1548
91.07,-20.329
91.05,-19.5226
91.06,-18.734
91.1,-17.9619
91.11,-17.2048
91.11,-16.4617
91.12,-15.7314
93.14,-15.013
93.15,-14.3056
93.15,-13.6084
93.14,-12.9206
93.14,-12.2415
93.14,-11.5704
93.12,-10.9068
93.1,-10.25
93.1,-9.5995
93.09,-8.95483
93.1,-8.31549
93.09,-7.68101
93.08,-7.05095
93.08,-6.42491
93.07,-5.80247
93.08,-5.18326
93.08,-4.5669
93.09,-3.95303
93.1,-3.3413
93.12,-2.73136
93.11,-2.12289
93.11,-1.51555
93.1,-0.90901
93.09,-0.30295
91.08,0.302949
91.08,0.909006
91.09,1.515545
91.09,2.122888
91.07,2.731362
91.06,3.341297
91.05,3.953028
91.05,4.566898
91.05,5.183259
91.04,5.802471
91.04,6.424907
91.05,7.050952
91.06,7.681006
91.05,8.315488
91.04,8.954834
91.02,9.599501
91.02,10.24997
91.03,10.90676
91.0,11.5704
90.98,12.24148
90.98,12.92059
90.98,13.60841
90.95,14.30563
90.9,15.01303
92.9,15.73141
92.93,16.46168
92.94,17.20481
92.93,17.96188
92.92,18.73404
92.91,19.5226
92.92,20.32899
92.89,21.15481
92.88,22.00185
92.87,22.87213
92.85,23.76793
92.83,24.69184
92.84,25.64687
92.83,26.63647
92.82,27.66467
92.84,28.73624
92.88,29.85687
92.86,31.03341
92.88,32.27427
92.92,33.58996
92.95,34.99383
92.89,36.50335
92.89,38.14207
92.89,39.94304
90.06,-39.943
90.03,-38.1421
90.11,-36.5034
90.22,-34.9938
90.24,-33.59
90.29,-32.2743
90.33,-31.0334
90.36,-29.8569
90.37,-28.7362
90.39,-27.6647
90.4,-26.6365
90.43,-25.6469
90.46,-24.6918
90.5,-23.7679
90.51,-22.8721
90.53,-22.0019
90.54,-21.1548
90.54,-20.329
90.52,-19.5226
90.53,-18.734
90.57,-17.9619
90.58,-17.2048
90.58,-16.4617
90.59,-15.7314
92.61,-15.013
92.62,-14.3056
92.62,-13.6084
92.61,-12.9206
92.61,-12.2415
92.61,-11.5704
92.59,-10.9068
92.57,-10.25
92.57,-9.5995
92.56,-8.95483
92.57,-8.31549
92.56,-7.68101
92.55,-7.05095
92.55,-6.42491
92.54,-5.80247
92.55,-5.18326
92.55,-4.5669
92.56,-3.95303
92.57,-3.3413
92.59,-2.73136
92.58,-2.12289
92.58,-1.51555
92.57,-0.90901
92.56,-0.30295
90.55,0.302949
90.55,0.909006
90.56,1.515545
90.56,2.122888
90.54,2.731362
90.53,3.341297
90.52,3.953028
90.52,4.566898
90.52,5.183259
90.51,5.802471
90.51,6.424907
90.52,7.050952
90.53,7.681006
90.52,8.315488
90.51,8.954834
90.49,9.599501
90.49,10.24997
90.5,10.90676
90.47,11.5704
90.45,12.24148
90.45,12.92059
90.45,13.60841
90.42,14.30563
90.37,15.01303
92.37,15.73141
92.4,16.46168
92.41,17.20481
92.4,17.96188
92.39,18.73404
92.38,19.5226
92.39,20.32899
92.36,21.15481
92.35,22.00185
92.34,22.87213
92.32,23.76793
92.3,24.69184
92.31,25.64687
92.3,26.63647
92.29,27.66467
92.31,28.73624
92.35,29.85687
92.33,31.03341
92.35,32.27427
92.39,33.58996
92.42,34.99383
92.36,36.50335
92.36,38.14207
92.36,39.94304
89.54,-39.943
89.51,-38.1421
89.59,-36.5034
89.7,-34.9938
89.72,-33.59
89.77,-32.2743
89.81,-31.0334
89.84,-29.8569
89.85,-28.7362
89.87,-27.6647
89.88,-26.6365
89.91,-25.6469
89.94,-24.6918
89.98,-23.7679
89.99,-22.8721
90.01,-22.0019
90.02,-21.1548
90.02,-20.329
90.0,-19.5226
90.01,-18.734
90.05,-17.9619
90.06,-17.2048
90.06,-16.4617
90.07,-15.7314
92.09,-15.013
92.1,-14.3056
92.1,-13.6084
92.09,-12.9206
92.09,-12.2415
92.09,-11.5704
92.07,-10.9068
92.05,-10.25
92.05,-9.5995
92.04,-8.95483
92.05,-8.31549
92.04,-7.68101
92.03,-7.05095
92.03,-6.42491
92.02,-5.80247
92.03,-5.18326
92.03,-4.5669
92.04,-3.95303
92.05,-3.3413
92.07,-2.73136
92.06,-2.12289
92.06,-1.51555
92.05,-0.90901
92.04,-0.30295
90.03,0.302949
90.03,0.909006
90.04,1.515545
90.04,2.122888
90.02,2.731362
90.01,3.341297
90.0,3.953028
90.0,4.566898
90.0,5.183259
89.99,5.802471
89.99,6.424907
90.0,7.050952
90.01,7.681006
90.0,8.315488
89.99,8.954834
89.97,9.599501
89.97,10.24997
89.98,10.90676
89.95,11.5704
89.93,12.24148
89.93,12.92059
89.93,13.60841
89.9,14.30563
89.85,15.01303
91.85,15.73141
91.88,16.46168
91.89,17.20481
91.88,17.96188
91.87,18.73404
91.86,19.5226
91.87,20.32899
91.84,21.15481
91.83,22.00185
91.82,22.87213
91.8,23.76793
91.78,24.69184
91.79,25.64687
91.78,26.63647
91.77,27.66467
91.79,28.73624
91.83,29.85687
91.81,31.03341
91.83,32.27427
91.87,33.58996
91.9,34.99383
91.84,36.50335
91.84,38.14207
91.84,39.94304
89.02,-39.943
88.99,-38.1421
89.07,-36.5034
89.18,-34.9938
89.2,-33.59
89.25,-32.2743
89.29,-31.0334
89.32,-29.8569
89.33,-28.7362
89.35,-27.6647
89.36,-26.6365
89.39,-25.6469
89.42,-24.6918
89.46,-23.7679
89.47,-22.8721
89.49,-22.0019
89.5,-21.1548
89.5,-20.329
89.48,-19.5226
89.49,-18.734
89.53,-17.9619
89.54,-17.2048
89.54,-16.4617
89.55,-15.7314
91.57,-15.013
91.58,-14.3056
91.58,-13.6084
91.57,-12.9206
91.57,-12.2415
91.57,-11.5704
91.55,-10.9068
91.53,-10.25
91.53,-9.5995
91.52,-8.95483
91.53,-8.31549
91.52,-7.68101
91.51,-7.05095
91.51,-6.42491
91.5,-5.80247
91.51,-5.18326
91.51,-4.5669
91.52,-3.95303
91.53,-3.3413
91.55,-2.73136
91.54,-2.12289
91.54,-1.51555
91.53,-0.90901
91.52,-0.30295
89.51,0.302949
89.51,0.909006
89.52,1.515545
89.52,2.122888
89.5,2.731362
89.49,3.341297
89.48,3.953028
89.48,4.566898
89.48,5.183259
89.47,5.802471
89.47,6.424907
89.48,7.050952
89.49,7.681006
89.48,8.315488
89.47,8.954834
89.45,9.599501
89.45,10.24997
89.46,10.90676
89.43,11.5704
89.41,12.24148
89.41,12.92059
89.41,13.60841
89.38,14.30563
89.33,15.01303
91.33,15.73141
91.36,16.46168
91.37,17.20481
91.36,17.96188
91.35,18.73404
91.34,19.5226
91.35,20.32899
91.32,21.15481
91.31,22.00185
91.3,22.87213
91.28,23.76793
91.26,24.69184
91.27,25.64687
91.26,26.63647
91.25,27.66467
91.27,28.73624
91.31,29.85687
91.29,31.03341
91.31,32.27427
91.35,33.58996
91.38,34.99383
91.32,36.50335
91.32,38.14207
91.32,39.94304
88.5,-39.943
88.47,-38.1421
88.55,-36.5034
88.66,-34.9938
88.68,-33.59
88.73,-32.2743
88.77,-31.0334
88.8,-29.8569
88.81,-28.7362
88.83,-27.6647
88.84,-26.6365
88.87,-25.6469
88.9,-24.6918
88.94,-23.7679
88.95,-22.8721
88.97,-22.0019
88.98,-21.1548
88.98,-20.329
88.96,-19.5226
88.97,-18.734
89.01,-17.9619
89.02,-17.2048
89.02,-16.4617
89.03,-15.7314
91.05,-15.013
91.06,-14.3056
91.06,-13.6084
91.05,-12.9206
91.05,-12.2415
91.05,-11.5704
91.03,-10.9068
91.01,-10.25
91.01,-9.5995
91.0,-8.95483
91.01,-8.31549
91.0,-7.68101
90.99,-7.05095
90.99,-6.42491
90.98,-5.80247
90.99,-5.18326
90.99,-4.5669
91.0,-3.95303
91.01,-3.3413
91.03,-2.73136
91.02,-2.12289
91.02,-1.51555
91.01,-0.90901
91.0,-0.30295
88.99,0.302949
88.99,0.909006
89.0,1.515545
89.0,2.122888
88.98,2.731362
88.97,3.341297
88.96,3.953028
88.96,4.566898
88.96,5.183259
88.95,5.802471
88.95,6.424907
88.96,7.050952
88.97,7.681006
88.96,8.315488
88.95,8.954834
88.93,9.599501
88.93,10.24997
88.94,10.90676
88.91,11.5704
88.89,12.24148
88.89,12.92059
88.89,13.60841
88.86,14.30563
88.81,15.01303
90.81,15.73141
90.84,16.46168
90.85,17.20481
90.84,17.96188
90.83,18.73404
90.82,19.5226
90.83,20.32899
90.8,21.15481
90.79,22.00185
90.78,22.87213
90.76,23.76793
90.74,24.69184
90.75,25.64687
90.74,26.63647
90.73,27.66467
90.75,28.73624
90.79,29.85687
90.77,31.03341
90.79,32.27427
90.83,33.58996
90.86,34.99383
90.8,36.50335
90.8,38.14207
90.8,39.94304
87.97,-39.943
87.94,-38.1421
88.02,-36.5034
88.13,-34.9938
88.15,-33.59
88.2,-32.2743
88.24,-31.0334
88.27,-29.8569
88.28,-28.7362
88.3,-27.6647
88.31,-26.6365
88.34,-25.6469
88.37,-24.6918
88.41,-23.7679
88.42,-22.8721
88.44,-22.0019
88.45,-21.1548
88.45,-20.329
88.43,-19.5226
88.44,-18.734
88.48,-17.9619
88.49,-17.2048
88.49,-16.4617
88.5,-15.7314
90.52,-15.013
90.53,-14.3056
90.53,-13.6084
90.52,-12.9206
90.52,-12.2415
90.52,-11.5704
90.5,-10.9068
90.48,-10.25
90.48,-9.5995
90.47,-8.95483
90.48,-8.31549
90.47,-7.68101
90.46,-7.05095
90.46,-6.42491
90.45,-5.80247
90.46,-5.18326
90.46,-4.5669
90.47,-3.95303
90.48,-3.3413
90.5,-2.73136
90.49,-2.12289
90.49,-1.51555
90.48,-0.90901
90.47,-0.30295
88.46,0.302949
88.46,0.909006
88.47,1.515545
88.47,2.122888
88.45,2.731362
88.44,3.341297
88.43,3.953028
88.43,4.566898
88.43,5.183259
88.42,5.802471
88.42,6.424907
88.43,7.050952
88.44,7.681006
88.43,8.315488
88.42,8.954834
88.4,9.599501
88.4,10.24997
88.41,10.90676
88.38,11.5704
88.36,12.24148
88.36,12.92059
88.36,13.60841
88.33,14.30563
88.28,15.01303
90.28,15.73141
90.31,16.46168
90.32,17.20481
90.31,17.96188
90.3,18.73404
90.29,19.5226
90.3,20.32899
90.27,21.15481
90.26,22.00185
90.25,22.87213
90.23,23.76793
90.21,24.69184
90.22,25.64687
90.21,26.63647
90.2,27.66467
90.22,28.73624
90.26,29.85687
90.24,31.03341
90.26,32.27427
90.3,33.58996
90.33,34.99383
90.27,36.50335
90.27,38.14207
90.27,39.94304
87.45,-39.943
87.42,-38.1421
87.5,-36.5034
87.61,-34.9938
87.63,-33.59
87.68,-32.2743
87.72,-31.0334
87.75,-29.8569
87.76,-28.7362
87.78,-27.6647
87.79,-26.6365
87.82,-25.6469
87.85,-24.6918
87.89,-23.7679
87.9,-22.8721
87.92,-22.0019
87.93,-21.1548
87.93,-20.329
87.91,-19.5226
87.92,-18.734
87.96,-17.9619
87.97,-17.2048
87.97,-16.4617
87.98,-15.7314
90.0,-15.013
90.01,-14.3056
90.01,-13.6084
90.0,-12.9206
90.0,-12.2415
90.0,-11.5704
89.98,-10.9068
89.96,-10.25
89.96,-9.5995
89.95,-8.95483
89.96,-8.31549
89.95,-7.68101
89.94,-7.05095
89.94,-6.42491
89.93,-5.80247
89.94,-5.18326
89.94,-4.5669
89.95,-3.95303
89.96,-3.3413
89.98,-2.73136
89.97,-2.12289
89.97,-1.51555
89.96,-0.90901
89.95,-0.30295
87.94,0.302949
87.94,0.909006
87.95,1.515545
87.95,2.122888
87.93,2.731362
87.92,3.341297
87.91,3.953028
87.91,4.566898
87.91,5.183259
87.9,5.802471
87.9,6.424907
87.91,7.050952
87.92,7.681006
87.91,8.315488
87.9,8.954834
87.88,9.599501
87.88,10.24997
87.89,10.90676
87.86,11.5704
87.84,12.24148
87.84,12.92059
87.84,13.60841
87.81,14.30563
87.76,15.01303
89.76,15.73141
89.79,16.46168
89.8,17.20481
89.79,17.96188
89.78,18.73404
89.77,19.5226
89.78,20.32899
89.75,21.15481
89.74,22.00185
89.73,22.87213
89.71,23.76793
89.69,24.69184
89.7,25.64687
89.69,26.63647
89.68,27.66467
89.7,28.73624
89.74,29.85687
89.72,31.03341
89.74,32.27427
89.78,33.58996
89.81,34.99383
89.75,36.50335
89.75,38.14207
89.75,39.94304
86.93,-39.943
86.9,-38.1421
86.98,-36.5034
87.09,-34.9938
87.11,-33.59
87.16,-32.2743
87.2,-31.0334
87.23,-29.8569
87.24,-28.7362
87.26,-27.6647
87.27,-26.6365
87.3,-25.6469
87.33,-24.6918
87.37,-23.7679
87.38,-22.8721
87.4,-22.0019
87.41,-21.1548
87.41,-20.329
87.39,-19.5226
87.4,-18.734
87.44,-17.9619
87.45,-17.2048
87.45,-16.4617
87.46,-15.7314
89.48,-15.013
89.49,-14.3056
89.49,-13.6084
89.48,-12.9206
89.48,-12.2415
89.48,-11.5704
89.46,-10.9068
89.44,-10.25
89.44,-9.5995
89.43,-8.95483
89.44,-8.31549
89.43,-7.68101
89.42,-7.05095
89.42,-6.42491
89.41,-5.80247
89.42,-5.18326
89.42,-4.5669
89.43,-3.95303
89.44,-3.3413
89.46,-2.73136
89.45,-2.12289
89.45,-1.51555
89.44,-0.90901
89.43,-0.30295
87.42,0.302949
87.42,0.909006
87.43,1.515545
87.43,2.122888
87.41,2.731362
87.4,3.341297
87.39,3.953028
87.39,4.566898
87.39,5.183259
87.38,5.802471
87.38,6.424907
87.39,7.050952
87.4,7.681006
87.39,8.315488
87.38,8.954834
87.36,9.599501
87.36,10.24997
87.37,10.90676
87.34,11.5704
87.32,12.24148
87.32,12.92059
87.32,13.60841
87.29,14.30563
87.24,15.01303
89.24,15.73141
89.27,16.46168
89.28,17.20481
89.27,17.96188
89.26,18.73404
89.25,19.5226
89.26,20.32899
89.23,21.15481
89.22,22.00185
89.21,22.87213
89.19,23.76793
89.17,24.69184
89.18,25.64687
89.17,26.63647
89.16,27.66467
89.18,28.73624
89.22,29.85687
89.2,31.03341
89.22,32.27427
89.26,33.58996
89.29,34.99383
89.23,36.50335
89.23,38.14207
89.23,39.94304
86.41,-39.943
86.38,-38.1421
86.46,-36.5034
86.57,-34.9938
86.59,-33.59
86.64,-32.2743
86.68,-31.0334
86.71,-29.8569
86.72,-28.7362
86.74,-27.6647
86.75,-26.6365
86.78,-25.6469
86.81,-24.6918
86.85,-23.7679
86.86,-22.8721
86.88,-22.0019
86.89,-21.1548
86.89,-20.329
86.87,-19.5226
86.88,-18.734
86.92,-17.9619
86.93,-17.2048
86.93,-16.4617
86.94,-15.7314
88.96,-15.013
88.97,-14.3056
88.97,-13.6084
88.96,-12.9206
88.96,-12.2415
88.96,-11.5704
88.94,-10.9068
88.92,-10.25
88.92,-9.5995
88.91,-8.95483
88.92,-8.31549
88.91,-7.68101
88.9,-7.05095
88.9,-6.42491
88.89,-5.80247
88.9,-5.18326
88.9,-4.5669
88.91,-3.95303
88.92,-3.3413
88.94,-2.73136
88.93,-2.12289
88.93,-1.51555
88.92,-0.90901
88.91,-0.30295
86.9,0.302949
86.9,0.909006
86.91,1.515545
86.91,2.122888
86.89,2.731362
86.88,3.341297
86.87,3.953028
86.87,4.566898
86.87,5.183259
86.86,5.802471
86.86,6.424907
86.87,7.050952
86.88,7.681006
86.87,8.315488
86.86,8.954834
86.84,9.599501
86.84,10.24997
86.85,10.90676
86.82,11.5704
86.8,12.24148
86.8,12.92059
86.8,13.60841
86.77,14.30563
86.72,15.01303
88.72,15.73141
88.75,16.46168
88.76,17.20481
88.75,17.96188
88.74,18.73404
88.73,19.5226
88.74,20.32899
88.71,21.15481
88.7,22.00185
88.69,22.87213
88.67,23.76793
88.65,24.69184
88.66,25.64687
88.65,26.63647
88.64,27.66467
88.66,28.73624
88.7,29.85687
88.68,31.03341
88.7,32.27427
88.74,33.58996
88.77,34.99383
88.71,36.50335
88.71,38.14207
88.71,39.94304
85.88,-39.943
85.85,-38.1421
85.93,-36.5034
86.04,-34.9938
86.06,-33.59
86.11,-32.2743
86.15,-31.0334
86.18,-29.8569
86.19,-28.7362
86.21,-27.6647
86.22,-26.6365
86.25,-25.6469
86.28,-24.6918
86.32,-23.7679
86.33,-22.8721
86.35,-22.0019
86.36,-21.1548
86.36,-20.329
86.34,-19.5226
86.35,-18.734
86.39,-17.9619
86.4,-17.2048
86.4,-16.4617
86.41,-15.7314
88.43,-15.013
88.44,-14.3056
88.44,-13.6084
88.43,-12.9206
88.43,-12.2415
88.43,-11.5704
88.41,-10.9068
88.39,-10.25
88.39,-9.5995
88.38,-8.95483
88.39,-8.31549
88.38,-7.68101
88.37,-7.05095
88.37,-6.42491
88.36,-5.80247
88.37,-5.18326
88.37,-4.5669
88.38,-3.95303
88.39,-3.3413
88.41,-2.73136
88.4,-2.12289
88.4,-1.51555
88.39,-0.90901
88.38,-0.30295
86.37,0.302949
86.37,0.909006
86.38,1.515545
86.38,2.122888
86.36,2.731362
86.35,3.341297
86.34,3.953028
86.34,4.566898
86.34,5.183259
86.33,5.802471
86.33,6.424907
86.34,7.050952
86.35,7.681006
86.34,8.315488
86.33,8.954834
86.31,9.599501
86.31,10.24997
86.32,10.90676
86.29,11.5704
86.27,12.24148
86.27,12.92059
86.27,13.60841
86.24,14.30563
86.19,15.01303
88.19,15.73141
88.22,16.46168
88.23,17.20481
88.22,17.96188
88.21,18.73404
88.2,19.5226
88.21,20.32899
88.18,21.15481
88.17,22.00185
88.16,22.87213
88.14,23.76793
88.12,24.69184
88.13,25.64687
88.12,26.63647
88.11,27.66467
88.13,28.73624
88.17,29.85687
88.15,31.03341
88.17,32.27427
88.21,33.58996
88.24,34.99383
88.18,36.50335
88.18,38.14207
88.18,39.94304
85.36,-39.943
85.33,-38.1421
85.41,-36.5034
85.52,-34.9938
85.54,-33.59
85.59,-32.2743
85.63,-31.0334
85.66,-29.8569
85.67,-28.7362
85.69,-27.6647
85.7,-26.6365
85.73,-25.6469
85.76,-24.6918
85.8,-23.7679
85.81,-22.8721
85.83,-22.0019
85.84,-21.1548
85.84,-20.329
85.82,-19.5226
85.83,-18.734
85.87,-17.9619
85.88,-17.2048
85.88,-16.4617
85.89,-15.7314
87.91,-15.013
87.92,-14.3056
87.92,-13.6084
87.91,-12.9206
87.91,-12.2415
87.91,-11.5704
87.89,-10.9068
87.87,-10.25
87.87,-9.5995
87.86,-8.95483
87.87,-8.31549
87.86,-7.68101
87.85,-7.05095
87.85,-6.42491
87.84,-5.80247
87.85,-5.18326
87.85,-4.5669
87.86,-3.95303
87.87,-3.3413
87.89,-2.73136
87.88,-2.12289
87.88,-1.51555
87.87,-0.90901
87.86,-0.30295
85.85,0.302949
85.85,0.909006
85.86,1.515545
85.86,2.122888
85.84,2.731362
85.83,3.341297
85.82,3.953028
85.82,4.566898
85.82,5.183259
85.81,5.802471
85.81,6.424907
85.82,7.050952
85.83,7.681006
85.82,8.315488
85.81,8.954834
85.79,9.599501
85.79,10.24997
85.8,10.90676
85.77,11.5704
85.75,12.24148
85.75,12.92059
85.75,13.60841
85.72,14.30563
85.67,15.01303
87.67,15.73141
87.7,16.46168
87.71,17.20481
87.7,17.96188
87.69,18.73404
87.68,19.5226
87.69,20.32899
87.66,21.15481
87.65,22.00185
87.64,22.87213
87.62,23.76793
87.6,24.69184
87.61,25.64687
87.6,26.63647
87.59,27.66467
87.61,28.73624
87.65,29.85687
87.63,31.03341
87.65,32.27427
87.69,33.58996
87.72,34.99383
87.66,36.50335
87.66,38.14207
87.66,39.94304
84.84,-39.943
84.81,-38.1421
84.89,-36.5034
85.0,-34.9938
85.02,-33.59
85.07,-32.2743
85.11,-31.0334
85.14,-29.8569
85.15,-28.7362
85.17,-27.6647
85.18,-26.6365
85.21,-25.6469
85.24,-24.6918
85.28,-23.7679
85.29,-22.8721
85.31,-22.0019
85.32,-21.1548
85.32,-20.329
85.3,-19.5226
85.31,-18.734
85.35,-17.9619
85.36,-17.2048
85.36,-16.4617
85.37,-15.7314
87.39,-15.013
87.4,-14.3056
87.4,-13.6084
87.39,-12.9206
87.39,-12.2415
87.39,-11.5704
87.37,-10.9068
87.35,-10.25
87.35,-9.5995
87.34,-8.95483
87.35,-8.31549
87.34,-7.68101
87.33,-7.05095
87.33,-6.42491
87.32,-5.80247
87.33,-5.18326
87.33,-4.5669
87.34,-3.95303
87.35,-3.3413
87.37,-2.73136
87.36,-2.12289
87.36,-1.51555
87.35,-0.90901
87.34,-0.30295
85.33,0.302949
85.33,0.909006
85.34,1.515545
85.34,2.122888
85.32,2.731362
85.31,3.341297
85.3,3.953028
85.3,4.566898
85.3,5.183259
85.29,5.802471
85.29,6.424907
85.3,7.050952
85.31,7.681006
85.3,8.315488
85.29,8.954834
85.27,9.599501
85.27,10.24997
85.28,10.90676
85.25,11.5704
85.23,12.24148
85.23,12.92059
85.23,13.60841
85.2,14.30563
85.15,15.01303
87.15,15.73141
87.18,16.46168
87.19,17.20481
87.18,17.96188
87.17,18.73404
87.16,19.5226
87.17,20.32899
87.14,21.15481
87.13,22.00185
87.12,22.87213
87.1,23.76793
87.08,24.69184
87.09,25.64687
87.08,26.63647
87.07,27.66467
87.09,28.73624
87.13,29.85687
87.11,31.03341
87.13,32.27427
87.17,33.58996
87.2,34.99383
87.14,36.50335
87.14,38.14207
87.14,39.94304
84.32,-39.943
84.29,-38.1421
84.37,-36.5034
84.48,-34.9938
84.5,-33.59
84.55,-32.2743
84.59,-31.0334
84.62,-29.8569
84.63,-28.7362
84.65,-27.6647
84.66,-26.6365
84.69,-25.6469
84.72,-24.6918
84.76,-23.7679
84.77,-22.8721
84.79,-22.0019
84.8,-21.1548
84.8,-20.329
84.78,-19.5226
84.79,-18.734
84.83,-17.9619
84.84,-17.2048
84.84,-16.4617
84.85,-15.7314
86.87,-15.013
86.88,-14.3056
86.88,-13.6084
86.87,-12.9206
86.87,-12.2415
86.87,-11.5704
86.85,-10.9068
86.83,-10.25
86.83,-9.5995
86.82,-8.95483
86.83,-8.31549
86.82,-7.68101
86.81,-7.05095
86.81,-6.42491
86.8,-5.80247
86.81,-5.18326
86.81,-4.5669
86.82,-3.95303
86.83,-3.3413
86.85,-2.73136
86.84,-2.12289
86.84,-1.51555
86.83,-0.90901
86.82,-0.30295
84.81,0.302949
84.81,0.909006
84.82,1.515545
84.82,2.122888
84.8,2.731362
84.79,3.341297
84.78,3.953028
84.78,4.566898
84.78,5.183259
84.77,5.802471
84.77,6.424907
84.78,7.050952
84.79,7.681006
84.78,8.315488
84.77,8.954834
84.75,9.599501
84.75,10.24997
84.76,10.90676
84.73,11.5704
84.71,12.24148
84.71,12.92059
84.71,13.60841
84.68,14.30563
84.63,15.01303
86.63,15.73141
86.66,16.46168
86.67,17.20481
86.66,17.96188
86.65,18.73404
86.64,19.5226
86.65,20.32899
86.62,21.15481
86.61,22.00185
86.6,22.87213
86.58,23.76793
86.56,24.69184
86.57,25.64687
86.56,26.63647
86.55,27.66467
86.57,28.73624
86.61,29.85687
86.59,31.03341
86.61,32.27427
86.65,33.58996
86.68,34.99383
86.62,36.50335
86.62,38.14207
86.62,39.94304
83.79,-39.943
83.76,-38.1421
83.84,-36.5034
83.95,-34.9938
83.97,-33.59
84.02,-32.2743
84.06,-31.0334
84.09,-29.8569
84.1,-28.7362
84.12,-27.6647
84.13,-26.6365
84.16,-25.6469
84.19,-24.6918
84.23,-23.7679
84.24,-22.8721
84.26,-22.0019
84.27,-21.1548
84.27,-20.329
84.25,-19.5226
84.26,-18.734
84.3,-17.9619
84.31,-17.2048
84.31,-16.4617
84.32,-15.7314
86.34,-15.013
86.35,-14.3056
86.35,-13.6084
86.34,-12.9206
86.34,-12.2415
86.34,-11.5704
86.32,-10.9068
86.3,-10.25
86.3,-9.5995
86.29,-8.95483
86.3,-8.31549
86.29,-7.68101
86.28,-7.05095
86.28,-6.42491
86.27,-5.80247
86.28,-5.18326
86.28,-4.5669
86.29,-3.95303
86.3,-3.3413
86.32,-2.73136
86.31,-2.12289
86.31,-1.51555
86.3,-0.90901
86.29,-0.30295
84.28,0.302949
84.28,0.909006
84.29,1.515545
84.29,2.122888
84.27,2.731362
84.26,3.341297
84.25,3.953028
84.25,4.566898
84.25,5.183259
84.24,5.802471
84.24,6.424907
84.25,7.050952
84.26,7.681006
84.25,8.315488
84.24,8.954834
84.22,9.599501
84.22,10.24997
84.23,10.90676
84.2,11.5704
84.18,12.24148
84.18,12.92059
84.18,13.60841
84.15,14.30563
84.1,15.01303
86.1,15.73141
86.13,16.46168
86.14,17.20481
86.13,17.96188
86.12,18.73404
86.11,19.5226
86.12,20.32899
86.09,21.15481
86.08,22.00185
86.07,22.87213
86.05,23.76793
86.03,24.69184
86.04,25.64687
86.03,26.63647
86.02,27.66467
86.04,28.73624
86.08,29.85687
86.06,31.03341
86.08,32.27427
86.12,33.58996
86.15,34.99383
86.09,36.50335
86.09,38.14207
86.09,39.94304
83.27,-39.943
83.24,-38.1421
83.32,-36.5034
83.43,-34.9938
83.45,-33.59
83.5,-32.2743
83.54,-31.0334
83.57,-29.8569
83.58,-28.7362
83.6,-27.6647
83.61,-26.6365
83.64,-25.6469
83.67,-24.6918
83.71,-23.7679
83.72,-22.8721
83.74,-22.0019
83.75,-21.1548
83.75,-20.329
83.73,-19.5226
83.74,-18.734
83.78,-17.9619
83.79,-17.2048
83.79,-16.4617
83.8,-15.7314
85.82,-15.013
85.83,-14.3056
85.83,-13.6084
85.82,-12.9206
85.82,-12.2415
85.82,-11.5704
85.8,-10.9068
85.78,-10.25
85.78,-9.5995
85.77,-8.95483
85.78,-8.31549
85.77,-7.68101
85.76,-7.05095
85.76,-6.42491
85.75,-5.80247
85.76,-5.18326
85.76,-4.5669
85.77,-3.95303
85.78,-3.3413
85.8,-2.73136
85.79,-2.12289
85.79,-1.51555
85.78,-0.90901
85.77,-0.30295
83.76,0.302949
83.76,0.909006
83.77,1.515545
83.77,2.122888
83.75,2.731362
83.74,3.341297
83.73,3.953028
83.73,4.566898
83.73,5.183259
83.72,5.802471
83.72,6.424907
83.73,7.050952
83.74,7.681006
83.73,8.315488
83.72,8.954834
83.7,9.599501
83.7,10.24997
83.71,10.90676
83.68,11.5704
83.66,12.24148
83.66,12.92059
83.66,13.60841
83.63,14.30563
83.58,15.01303
85.58,15.73141
85.61,16.46168
85.62,17.20481
85.61,17.96188
85.6,18.73404
85.59,19.5226
85.6,20.32899
85.57,21.15481
85.56,22.00185
85.55,22.87213
85.53,23.76793
85.51,24.69184
85.52,25.64687
85.51,26.63647
85.5,27.66467
85.52,28.73624
85.56,29.85687
85.54,31.03341
85.56,32.27427
85.6,33.58996
85.63,34.99383
85.57,36.50335
85.57,38.14207
85.57,39.94304
82.75,-39.943
82.72,-38.1421
82.8,-36.5034
82.91,-34.9938
82.93,-33.59
82.98,-32.2743
83.02,-31.0334
83.05,-29.8569
83.06,-28.7362
83.08,-27.6647
83.09,-26.6365
83.12,-25.6469
83.15,-24.6918
83.19,-23.7679
83.2,-22.8721
83.22,-22.0019
83.23,-21.1548
83.23,-20.329
83.21,-19.5226
83.22,-18.734
83.26,-17.9619
83.27,-17.2048
83.27,-16.4617
83.28,-15.7314
85.3,-15.013
85.31,-14.3056
85.31,-13.6084
85.3,-12.9206
85.3,-12.2415
85.3,-11.5704
85.28,-10.9068
85.26,-10.25
85.26,-9.5995
85.25,-8.95483
85.26,-8.31549
85.25,-7.68101
85.24,-7.05095
85.24,-6.42491
85.23,-5.80247
85.24,-5.18326
85.24,-4.5669
85.25,-3.95303
85.26,-3.3413
85.28,-2.73136
85.27,-2.12289
85.27,-1.51555
85.26,-0.90901
85.25,-0.30295
83.24,0.302949
83.24,0.909006
83.25,1.515545
83.25,2.122888
83.23,2.731362
83.22,3.341297
83.21,3.953028
83.21,4.566898
83.21,5.183259
83.2,5.802471
83.2,6.424907
83.21,7.050952
83.22,7.681006
83.21,8.315488
83.2,8.954834
83.18,9.599501
83.18,10.24997
83.19,10.90676
83.16,11.5704
83.14,12.24148
83.14,12.92059
83.14,13.60841
83.11,14.30563
83.06,15.01303
85.06,15.73141
85.09,16.46168
85.1,17.20481
85.09,17.96188
85.08,18.73404
85.07,19.5226
85.08,20.32899
85.05,21.15481
85.04,22.00185
85.03,22.87213
85.01,23.76793
84.99,24.69184
85.0,25.64687
84.99,26.63647
84.98,27.66467
85.0,28.73624
85.04,29.85687
85.02,31.03341
85.04,32.27427
85.08,33.58996
85.11,34.99383
85.05,36.50335
85.05,38.14207
85.05,39.94304
82.23,-39.943
82.2,-38.1421
82.28,-36.5034
82.39,-34.9938
82.41,-33.59
82.46,-32.2743
82.5,-31.0334
82.53,-29.8569
82.54,-28.7362
82.56,-27.6647
82.57,-26.6365
82.6,-25.6469
82.63,-24.6918
82.67,-23.7679
82.68,-22.8721
82.7,-22.0019
82.71,-21.1548
82.71,-20.329
82.69,-19.5226
82.7,-18.734
82.74,-17.9619
82.75,-17.2048
82.75,-16.4617
82.76,-15.7314
84.78,-15.013
84.79,-14.3056
84.79,-13.6084
84.78,-12.9206
84.78,-12.2415
84.78,-11.5704
84.76,-10.9068
84.74,-10.25
84.74,-9.5995
84.73,-8.95483
84.74,-8.31549
84.73,-7.68101
84.72,-7.05095
84.72,-6.42491
84.71,-5.80247
84.72,-5.18326
84.72,-4.5669
84.73,-3.95303
84.74,-3.3413
84.76,-2.73136
84.75,-2.12289
84.75,-1.51555
84.74,-0.90901
84.73,-0.30295
82.72,0.302949
82.72,0.909006
82.73,1.515545
82.73,2.122888
82.71,2.731362
82.7,3.341297
82.69,3.953028
82.69,4.566898
82.69,5.183259
82.68,5.802471
82.68,6.424907
82.69,7.050952
82.7,7.681006
82.69,8.315488
82.68,8.954834
82.66,9.599501
82.66,10.24997
82.67,10.90676
82.64,11.5704
82.62,12.24148
82.62,12.92059
82.62,13.60841
82.59,14.30563
82.54,15.01303
84.54,15.73141
84.57,16.46168
84.58,17.20481
84.57,17.96188
84.56,18.73404
84.55,19.5226
84.56,20.32899
84.53,21.15481
84.52,22.00185
84.51,22.87213
84.49,23.76793
84.47,24.69184
84.48,25.64687
84.47,26.63647
84.46,27.66467
84.48,28.73624
84.52,29.85687
84.5,31.03341
84.52,32.27427
84.56,33.58996
84.59,34.99383
84.53,36.50335
84.53,38.14207
84.53,39.94304
81.7,-39.943
81.67,-38.1421
81.75,-36.5034
81.86,-34.9938
81.88,-33.59
81.93,-32.2743
81.97,-31.0334
82.0,-29.8569
82.01,-28.7362
82.03,-27.6647
82.04,-26.6365
82.07,-25.6469
82.1,-24.6918
82.14,-23.7679
82.15,-22.8721
82.17,-22.0019
82.18,-21.1548
82.18,-20.329
82.16,-19.5226
82.17,-18.734
82.21,-17.9619
82.22,-17.2048
82.22,-16.4617
82.23,-15.7314
84.25,-15.013
84.26,-14.3056
84.26,-13.6084
84.25,-12.9206
84.25,-12.2415
84.25,-11.5704
84.23,-10.9068
84.21,-10.25
84.21,-9.5995
84.2,-8.95483
84.21,-8.31549
84.2,-7.68101
84.19,-7.05095
84.19,-6.42491
84.18,-5.80247
84.19,-5.18326
84.19,-4.5669
84.2,-3.95303
84.21,-3.3413
84.23,-2.73136
84.22,-2.12289
84.22,-1.51555
84.21,-0.90901
84.2,-0.30295
82.19,0.302949
82.19,0.909006
82.2,1.515545
82.2,2.122888
82.18,2.731362
82.17,3.341297
82.16,3.953028
82.16,4.566898
82.16,5.183259
82.15,5.802471
82.15,6.424907
82.16,7.050952
82.17,7.681006
82.16,8.315488
82.15,8.954834
82.13,9.599501
82.13,10.24997
82.14,10.90676
82.11,11.5704
82.09,12.24148
82.09,12.92059
82.09,13.60841
82.06,14.30563
82.01,15.01303
84.01,15.73141
84.04,16.46168
84.05,17.20481
84.04,17.96188
84.03,18.73404
84.02,19.5226
84.03,20.32899
84.0,21.15481
83.99,22.00185
83.98,22.87213
83.96,23.76793
83.94,24.69184
83.95,25.64687
83.94,26.63647
83.93,27.66467
83.95,28.73624
83.99,29.85687
83.97,31.03341
83.99,32.27427
84.03,33.58996
84.06,34.99383
84.0,36.50335
84.0,38.14207
84.0,39.94304
81.18,-39.943
81.15,-38.1421
81.23,-36.5034
81.34,-34.9938
81.36,-33.59
81.41,-32.2743
81.45,-31.0334
81.48,-29.8569
81.49,-28.7362
81.51,-27.6647
81.52,-26.6365
81.55,-25.6469
81.58,-24.6918
81.62,-23.7679
81.63,-22.8721
81.65,-22.0019
81.66,-21.1548
81.66,-20.329
81.64,-19.5226
81.65,-18.734
81.69,-17.9619
81.7,-17.2048
81.7,-16.4617
81.71,-15.7314
83.73,-15.013
83.74,-14.3056
83.74,-13.6084
83.73,-12.9206
83.73,-12.2415
83.73,-11.5704
83.71,-10.9068
83.69,-10.25
83.69,-9.5995
83.68,-8.95483
83.69,-8.31549
83.68,-7.68101
83.67,-7.05095
83.67,-6.42491
83.66,-5.80247
83.67,-5.18326
83.67,-4.5669
83.68,-3.95303
83.69,-3.3413
83.71,-2.73136
83.7,-2.12289
83.7,-1.51555
83.69,-0.90901
83.68,-0.30295
81.67,0.302949
81.67,0.909006
81.68,1.515545
81.68,2.122888
81.66,2.731362
81.65,3.341297
81.64,3.953028
81.64,4.566898
81.64,5.183259
81.63,5.802471
81.63,6.424907
81.64,7.050952
81.65,7.681006
81.64,8.315488
81.63,8.954834
81.61,9.599501
81.61,10.24997
81.62,10.90676
81.59,11.5704
81.57,12.24148
81.57,12.92059
81.57,13.60841
81.54,14.30563
81.49,15.01303
83.49,15.73141
83.52,16.46168
83.53,17.20481
83.52,17.96188
83.51,18.73404
83.5,19.5226
83.51,20.32899
83.48,21.15481
83.47,22.00185
83.46,22.87213
83.44,23.76793
83.42,24.69184
83.43,25.64687
83.42,26.63647
83.41,27.66467
83.43,28.73624
83.47,29.85687
83.45,31.03341
83.47,32.27427
83.51,33.58996
83.54,34.99383
83.48,36.50335
83.48,38.14207
83.48,39.94304
80.66,-39.943
80.63,-38.1421
80.71,-36.5034
80.82,-34.9938
80.84,-33.59
80.89,-32.2743
80.93,-31.0334
80.96,-29.8569
80.97,-28.7362
80.99,-27.6647
81.0,-26.6365
81.03,-25.6469
81.06,-24.6918
81.1,-23.7679
81.11,-22.8721
81.13,-22.0019
81.14,-21.1548
81.14,-20.329
81.12,-19.5226
81.13,-18.734
81.17,-17.9619
81.18,-17.2048
81.18,-16.4617
81.19,-15.7314
83.21,-15.013
83.22,-14.3056
83.22,-13.6084
83.21,-12.9206
83.21,-12.2415
83.21,-11.5704
83.19,-10.9068
83.17,-10.25
83.17,-9.5995
83.16,-8.95483
83.17,-8.31549
83.16,-7.68101
83.15,-7.05095
83.15,-6.42491
83.14,-5.80247
83.15,-5.18326
83.15,-4.5669
83.16,-3.95303
83.17,-3.3413
83.19,-2.73136
83.18,-2.12289
83.18,-1.51555
83.17,-0.90901
83.16,-0.30295
81.15,0.302949
81.15,0.909006
81.16,1.515545
81.16,2.122888
81.14,2.731362
81.13,3.341297
81.12,3.953028
81.12,4.566898
81.12,5.183259
81.11,5.802471
81.11,6.424907
81.12,7.050952
81.13,7.681006
81.12,8.315488
81.11,8.954834
81.09,9.599501
81.09,10.24997
81.1,10.90676
81.07,11.5704
81.05,12.24148
81.05,12.92059
81.05,13.60841
81.02,14.30563
80.97,15.01303
82.97,15.73141
83.0,16.46168
83.01,17.20481
83.0,17.96188
82.99,18.73404
82.98,19.5226
82.99,20.32899
82.96,21.15481
82.95,22.00185
82.94,22.87213
82.92,23.76793
82.9,24.69184
82.91,25.64687
82.9,26.63647
82.89,27.66467
82.91,28.73624
82.95,29.85687
82.93,31.03341
82.95,32.27427
82.99,33.58996
83.02,34.99383
82.96,36.50335
82.96,38.14207
82.96,39.94304
80.14,-39.943
80.11,-38.1421
80.19,-36.5034
80.3,-34.9938
80.32,-33.59
80.37,-32.2743
80.41,-31.0334
80.44,-29.8569
80.45,-28.7362
80.47,-27.6647
80.48,-26.6365
80.51,-25.6469
80.54,-24.6918
80.58,-23.7679
80.59,-22.8721
80.61,-22.0019
80.62,-21.1548
80.62,-20.329
80.6,-19.5226
80.61,-18.734
80.65,-17.9619
80.66,-17.2048
80.66,-16.4617
80.67,-15.7314
82.69,-15.013
82.7,-14.3056
82.7,-13.6084
82.69,-12.9206
82.69,-12.2415
82.69,-11.5704
82.67,-10.9068
82.65,-10.25
82.65,-9.5995
82.64,-8.95483
82.65,-8.31549
82.64,-7.68101
82.63,-7.05095
82.63,-6.42491
82.62,-5.80247
82.63,-5.18326
82.63,-4.5669
82.64,-3.95303
82.65,-3.3413
82.67,-2.73136
82.66,-2.12289
82.66,-1.51555
82.65,-0.90901
82.64,-0.30295
80.63,0.302949
80.63,0.909006
80.64,1.515545
80.64,2.122888
80.62,2.731362
80.61,3.341297
80.6,3.953028
80.6,4.566898
80.6,5.183259
80.59,5.802471
80.59,6.424907
80.6,7.050952
80.61,7.681006
80.6,8.315488
80.59,8.954834
80.57,9.599501
80.57,10.24997
80.58,10.90676
80.55,11.5704
80.53,12.24148
80.53,12.92059
80.53,13.60841
80.5,14.30563
80.45,15.01303
82.45,15.73141
82.48,16.46168
82.49,17.20481
82.48,17.96188
82.47,18.73404
82.46,19.5226
82.47,20.32899
82.44,21.15481
82.43,22.00185
82.42,22.87213
82.4,23.76793
82.38,24.69184
82.39,25.64687
82.38,26.63647
82.37,27.66467
82.39,28.73624
82.43,29.85687
82.41,31.03341
82.43,32.27427
82.47,33.58996
82.5,34.99383
82.44,36.50335
82.44,38.14207
82.44,39.94304
79.61,-39.943
79.58,-38.1421
79.66,-36.5034
79.77,-34.9938
79.79,-33.59
79.84,-32.2743
79.88,-31.0334
79.91,-29.8569
79.92,-28.7362
79.94,-27.6647
79.95,-26.6365
79.98,-25.6469
80.01,-24.6918
80.05,-23.7679
80.06,-22.8721
80.08,-22.0019
80.09,-21.1548
80.09,-20.329
80.07,-19.5226
80.08,-18.734
80.12,-17.9619
80.13,-17.2048
80.13,-16.4617
80.14,-15.7314
82.16,-15.013
82.17,-14.3056
82.17,-13.6084
82.16,-12.9206
82.16,-12.2415
82.16,-11.5704
82.14,-10.9068
82.12,-10.25
82.12,-9.5995
82.11,-8.95483
82.12,-8.31549
82.11,-7.68101
82.1,-7.05095
82.1,-6.42491
82.09,-5.80247
82.1,-5.18326
82.1,-4.5669
82.11,-3.95303
82.12,-3.3413
82.14,-2.73136
82.13,-2.12289
82.13,-1.51555
82.12,-0.90901
82.11,-0.30295
80.1,0.302949
80.1,0.909006
80.11,1.515545
80.11,2.122888
80.09,2.731362
80.08,3.341297
80.07,3.953028
80.07,4.566898
80.07,5.183259
80.06,5.802471
80.06,6.424907
80.07,7.050952
80.08,7.681006
80.07,8.315488
80.06,8.954834
80.04,9.599501
80.04,10.24997
80.05,10.90676
80.02,11.5704
80.0,12.24148
80.0,12.92059
80.0,13.60841
79.97,14.30563
79.92,15.01303
81.92,15.73141
81.95,16.46168
81.96,17.20481
81.95,17.96188
81.94,18.73404
81.93,19.5226
81.94,20.32899
81.91,21.15481
81.9,22.00185
81.89,22.87213
81.87,23.76793
81.85,24.69184
81.86,25.64687
81.85,26.63647
81.84,27.66467
81.86,28.73624
81.9,29.85687
81.88,31.03341
81.9,32.27427
81.94,33.58996
81.97,34.99383
81.91,36.50335
81.91,38.14207
81.91,39.94304
79.09,-39.943
79.06,-38.1421
79.14,-36.5034
79.25,-34.9938
79.27,-33.59
79.32,-32.2743
79.36,-31.0334
79.39,-29.8569
79.4,-28.7362
79.42,-27.6647
79.43,-26.6365
79.46,-25.6469
79.49,-24.6918
79.53,-23.7679
79.54,-22.8721
79.56,-22.0019
79.57,-21.1548
79.57,-20.329
79.55,-19.5226
79.56,-18.734
79.6,-17.9619
79.61,-17.2048
79.61,-16.4617
79.62,-15.7314
81.64,-15.013
81.65,-14.3056
81.65,-13.6084
81.64,-12.9206
81.64,-12.2415
81.64,-11.5704
81.62,-10.9068
81.6,-10.25
81.6,-9.5995
81.59,-8.95483
81.6,-8.31549
81.59,-7.68101
81.58,-7.05095
81.58,-6.42491
81.57,-5.80247
81.58,-5.18326
81.58,-4.5669
81.59,-3.95303
81.6,-3.3413
81.62,-2.73136
81.61,-2.12289
81.61,-1.51555
81.6,-0.90901
81.59,-0.30295
79.58,0.302949
79.58,0.909006
79.59,1.515545
79.59,2.122888
79.57,2.731362
79.56,3.341297
79.55,3.953028
79.55,4.566898
79.55,5.183259
79.54,5.802471
79.54,6.424907
79.55,7.050952
79.56,7.681006
79.55,8.315488
79.54,8.954834
79.52,9.599501
79.52,10.24997
79.53,10.90676
79.5,11.5704
79.48,12.24148
79.48,12.92059
79.48,13.60841
79.45,14.30563
79.4,15.01303
81.4,15.73141
81.43,16.46168
81.44,17.20481
81.43,17.96188
81.42,18.73404
81.41,19.5226
81.42,20.32899
81.39,21.15481
81.38,22.00185
81.37,22.87213
81.35,23.76793
81.33,24.69184
81.34,25.64687
81.33,26.63647
81.32,27.66467
81.34,28.73624
81.38,29.85687
81.36,31.03341
81.38,32.27427
81.42,33.58996
81.45,34.99383
81.39,36.50335
81.39,38.14207
81.39,39.94304
78.57,-39.943
78.54,-38.1421
78.62,-36.5034
78.73,-34.9938
78.75,-33.59
78.8,-32.2743
78.84,-31.0334
78.87,-29.8569
78.88,-28.7362
78.9,-27.6647
78.91,-26.6365
78.94,-25.6469
78.97,-24.6918
79.01,-23.7679
79.02,-22.8721
79.04,-22.0019
79.05,-21.1548
79.05,-20.329
79.03,-19.5226
79.04,-18.734
79.08,-17.9619
79.09,-17.2048
79.09,-16.4617
79.1,-15.7314
81.12,-15.013
81.13,-14.3056
81.13,-13.6084
81.12,-12.9206
81.12,-12.2415
81.12,-11.5704
81.1,-10.9068
81.08,-10.25
81.08,-9.5995
81.07,-8.95483
81.08,-8.31549
81.07,-7.68101
81.06,-7.05095
81.06,-6.42491
81.05,-5.80247
81.06,-5.18326
81.06,-4.5669
81.07,-3.95303
81.08,-3.3413
81.1,-2.73136
81.09,-2.12289
81.09,-1.51555
81.08,-0.90901
81.07,-0.30295
79.06,0.302949
79.06,0.909006
79.07,1.515545
79.07,2.122888
79.05,2.731362
79.04,3.341297
79.03,3.953028
79.03,4.566898
79.03,5.183259
79.02,5.802471
79.02,6.424907
79.03,7.050952
79.04,7.681006
79.03,8.315488
79.02,8.954834
79.0,9.599501
79.0,10.24997
79.01,10.90676
78.98,11.5704
78.96,12.24148
78.96,12.92059
78.96,13.60841
78.93,14.30563
78.88,15.01303
80.88,15.73141
80.91,16.46168
80.92,17.20481
80.91,17.96188
80.9,18.73404
80.89,19.5226
80.9,20.32899
80.87,21.15481
80.86,22.00185
80.85,22.87213
80.83,23.76793
80.81,24.69184
80.82,25.64687
80.81,26.63647
80.8,27.66467
80.82,28.73624
80.86,29.85687
80.84,31.03341
80.86,32.27427
80.9,33.58996
80.93,34.99383
80.87,36.50335
80.87,38.14207
80.87,39.94304
78.05,-39.943
78.02,-38.1421
78.1,-36.5034
78.21,-34.9938
78.23,-33.59
78.28,-32.2743
78.32,-31.0334
78.35,-29.8569
78.36,-28.7362
78.38,-27.6647
78.39,-26.6365
78.42,-25.6469
78.45,-24.6918
78.49,-23.7679
78.5,-22.8721
78.52,-22.0019
78.53,-21.1548
78.53,-20.329
78.51,-19.5226
78.52,-18.734
78.56,-17.9619
78.57,-17.2048
78.57,-16.4617
78.58,-15.7314
80.6,-15.013
80.61,-14.3056
80.61,-13.6084
80.6,-12.9206
80.6,-12.2415
80.6,-11.5704
80.58,-10.9068
80.56,-10.25
80.56,-9.5995
80.55,-8.95483
80.56,-8.31549
80.55,-7.68101
80.54,-7.05095
80.54,-6.42491
80.53,-5.80247
80.54,-5.18326
80.54,-4.5669
80.55,-3.95303
80.56,-3.3413
80.58,-2.73136
80.57,-2.12289
80.57,-1.51555
80.56,-0.90901
80.55,-0.30295
78.54,0.302949
78.54,0.909006
78.55,1.515545
78.55,2.122888
78.53,2.731362
78.52,3.341297
78.51,3.953028
78.51,4.566898
78.51,5.183259
78.5,5.802471
78.5,6.424907
78.51,7.050952
78.52,7.681006
78.51,8.315488
78.5,8.954834
78.48,9.599501
78.48,10.24997
78.49,10.90676
78.46,11.5704
78.44,12.24148
78.44,12.92059
78.44,13.60841
78.41,14.30563
78.36,15.01303
80.36,15.73141
80.39,16.46168
80.4,17.20481
80.39,17.96188
80.38,18.73404
80.37,19.5226
80.38,20.32899
80.35,21.15481
80.34,22.00185
80.33,22.87213
80.31,23.76793
80.29,24.69184
80.3,25.64687
80.29,26.63647
80.28,27.66467
80.3,28.73624
80.34,29.85687
80.32,31.03341
80.34,32.27427
80.38,33.58996
80.41,34.99383
80.35,36.50335
80.35,38.14207
80.35,39.94304
77.52,-39.943
77.49,-38.1421
77.57,-36.5034
77.68,-34.9938
77.7,-33.59
77.75,-32.2743
77.79,-31.0334
77.82,-29.8569
77.83,-28.7362
77.85,-27.6647
77.86,-26.6365
77.89,-25.6469
77.92,-24.6918
77.96,-23.7679
77.97,-22.8721
77.99,-22.0019
78.0,-21.1548
78.0,-20.329
77.98,-19.5226
77.99,-18.734
78.03,-17.9619
78.04,-17.2048
78.04,-16.4617
78.05,-15.7314
80.07,-15.013
80.08,-14.3056
80.08,-13.6084
80.07,-12.9206
80.07,-12.2415
80.07,-11.5704
80.05,-10.9068
80.03,-10.25
80.03,-9.5995
80.02,-8.95483
80.03,-8.31549
80.02,-7.68101
80.01,-7.05095
80.01,-6.42491
80.0,-5.80247
80.01,-5.18326
80.01,-4.5669
80.02,-3.95303
80.03,-3.3413
80.05,-2.73136
80.04,-2.12289
80.04,-1.51555
80.03,-0.90901
80.02,-0.30295
78.01,0.302949
78.01,0.909006
78.02,1.515545
78.02,2.122888
78.0,2.731362
77.99,3.341297
77.98,3.953028
77.98,4.566898
77.98,5.183259
77.97,5.802471
77.97,6.424907
77.98,7.050952
77.99,7.681006
77.98,8.315488
77.97,8.954834
77.95,9.599501
77.95,10.24997
77.96,10.90676
77.93,11.5704
77.91,12.24148
77.91,12.92059
77.91,13.60841
77.88,14.30563
77.83,15.01303
79.83,15.73141
79.86,16.46168
79.87,17.20481
79.86,17.96188
79.85,18.73404
79.84,19.5226
79.85,20.32899
79.82,21.15481
79.81,22.00185
79.8,22.87213
79.78,23.76793
79.76,24.69184
79.77,25.64687
79.76,26.63647
79.75,27.66467
79.77,28.73624
79.81,29.85687
79.79,31.03341
79.81,32.27427
79.85,33.58996
79.88,34.99383
79.82,36.50335
79.82,38.14207
79.82,39.94304
77.0,-39.943
76.97,-38.1421
77.05,-36.5034
77.16,-34.9938
77.18,-33.59
77.23,-32.2743
77.27,-31.0334
77.3,-29.8569
77.31,-28.7362
77.33,-27.6647
77.34,-26.6365
77.37,-25.6469
77.4,-24.6918
77.44,-23.7679
77.45,-22.8721
77.47,-22.0019
77.48,-21.1548
77.48,-20.329
77.46,-19.5226
77.47,-18.734
77.51,-17.9619
77.52,-17.2048
77.52,-16.4617
77.53,-15.7314
79.55,-15.013
79.56,-14.3056
79.56,-13.6084
79.55,-12.9206
79.55,-12.2415
79.55,-11.5704
79.53,-10.9068
79.51,-10.25
79.51,-9.5995
79.5,-8.95483
79.51,-8.31549
79.5,-7.68101
79.49,-7.05095
79.49,-6.42491
79.48,-5.80247
79.49,-5.18326
79.49,-4.5669
79.5,-3.95303
79.51,-3.3413
79.53,-2.73136
79.52,-2.12289
79.52,-1.51555
79.51,-0.90901
79.5,-0.30295
77.49,0.302949
77.49,0.909006
77.5,1.515545
77.5,2.122888
77.48,2.731362
77.47,3.341297
77.46,3.953028
77.46,4.566898
77.46,5.183259
77.45,5.802471
77.45,6.424907
77.46,7.050952
77.47,7.681006
77.46,8.315488
77.45,8.954834
77.43,9.599501
77.43,10.24997
77.44,10.90676
77.41,11.5704
77.39,12.24148
77.39,12.92059
77.39,13.60841
77.36,14.30563
77.31,15.01303
79.31,15.73141
79.34,16.46168
79.35,17.20481
79.34,17.96188
79.33,18.73404
79.32,19.5226
79.33,20.32899
79.3,21.15481
79.29,22.00185
79.28,22.87213
79.26,23.76793
79.24,24.69184
79.25,25.64687
79.24,26.63647
79.23,27.66467
79.25,28.73624
79.29,29.85687
79.27,31.03341
79.29,32.27427
79.33,33.58996
79.36,34.99383
79.3,36.50335
79.3,38.14207
79.3,39.94304
76.48,-39.943
76.45,-38.1421
76.53,-36.5034
76.64,-34.9938
76.66,-33.59
76.71,-32.2743
76.75,-31.0334
76.78,-29.8569
76.79,-28.7362
76.81,-27.6647
76.82,-26.6365
76.85,-25.6469
76.88,-24.6918
76.92,-23.7679
76.93,-22.8721
76.95,-22.0019
76.96,-21.1548
76.96,-20.329
76.94,-19.5226
76.95,-18.734
76.99,-17.9619
77.0,-17.2048
77.0,-16.4617
77.01,-15.7314
79.03,-15.013
79.04,-14.3056
79.04,-13.6084
79.03,-12.9206
79.03,-12.2415
79.03,-11.5704
79.01,-10.9068
78.99,-10.25
78.99,-9.5995
78.98,-8.95483
78.99,-8.31549
78.98,-7.68101
78.97,-7.05095
78.97,-6.42491
78.96,-5.80247
78.97,-5.18326
78.97,-4.5669
78.98,-3.95303
78.99,-3.3413
79.01,-2.73136
79.0,-2.12289
79.0,-1.51555
78.99,-0.90901
78.98,-0.30295
76.97,0.302949
76.97,0.909006
76.98,1.515545
76.98,2.122888
76.96,2.731362
76.95,3.341297
76.94,3.953028
76.94,4.566898
76.94,5.183259
76.93,5.802471
76.93,6.424907
76.94,7.050952
76.95,7.681006
76.94,8.315488
76.93,8.954834
76.91,9.599501
76.91,10.24997
76.92,10.90676
76.89,11.5704
76.87,12.24148
76.87,12.92059
76.87,13.60841
76.84,14.30563
76.79,15.01303
78.79,15.73141
78.82,16.46168
78.83,17.20481
78.82,17.96188
78.81,18.73404
78.8,19.5226
78.81,20.32899
78.78,21.15481
78.77,22.00185
78.76,22.87213
78.74,23.76793
78.72,24.69184
78.73,25.64687
78.72,26.63647
78.71,27.66467
78.73,28.73624
78.77,29.85687
78.75,31.03341
78.77,32.27427
78.81,33.58996
78.84,34.99383
78.78,36.50335
78.78,38.14207
78.78,39.94304
75.96,-39.943
75.93,-38.1421
76.01,-36.5034
76.12,-34.9938
76.14,-33.59
76.19,-32.2743
76.23,-31.0334
76.26,-29.8569
76.27,-28.7362
76.29,-27.6647
76.3,-26.6365
76.33,-25.6469
76.36,-24.6918
76.4,-23.7679
76.41,-22.8721
76.43,-22.0019
76.44,-21.1548
76.44,-20.329
76.42,-19.5226
76.43,-18.734
76.47,-17.9619
76.48,-17.2048
76.48,-16.4617
76.49,-15.7314
78.51,-15.013
78.52,-14.3056
78.52,-13.6084
78.51,-12.9206
78.51,-12.2415
78.51,-11.5704
78.49,-10.9068
78.47,-10.25
78.47,-9.5995
78.46,-8.95483
78.47,-8.31549
78.46,-7.68101
78.45,-7.05095
78.45,-6.42491
78.44,-5.80247
78.45,-5.18326
78.45,-4.5669
78.46,-3.95303
78.47,-3.3413
78.49,-2.73136
78.48,-2.12289
78.48,-1.51555
78.47,-0.90901
78.46,-0.30295
76.45,0.302949
76.45,0.909006
76.46,1.515545
76.46,2.122888
76.44,2.731362
76.43,3.341297
76.42,3.953028
76.42,4.566898
76.42,5.183259
76.41,5.802471
76.41,6.424907
76.42,7.050952
76.43,7.681006
76.42,8.315488
76.41,8.954834
76.39,9.599501
76.39,10.24997
76.4,10.90676
76.37,11.5704
76.35,12.24148
76.35,12.92059
76.35,13.60841
76.32,14.30563
76.27,15.01303
78.27,15.73141
78.3,16.46168
78.31,17.20481
78.3,17.96188
78.29,18.73404
78.28,19.5226
78.29,20.32899
78.26,21.15481
78.25,22.00185
78.24,22.87213
78.22,23.76793
78.2,24.69184
78.21,25.64687
78.2,26.63647
78.19,27.66467
78.21,28.73624
78.25,29.85687
78.23,31.03341
78.25,32.27427
78.29,33.58996
78.32,34.99383
78.26,36.50335
78.26,38.14207
78.26,39.94304
75.43,-39.943
75.4,-38.1421
75.48,-36.5034
75.59,-34.9938
75.61,-33.59
75.66,-32.2743
75.7,-31.0334
75.73,-29.8569
75.74,-28.7362
75.76,-27.6647
75.77,-26.6365
75.8,-25.6469
75.83,-24.6918
75.87,-23.7679
75.88,-22.8721
75.9,-22.0019
75.91,-21.1548
75.91,-20.329
75.89,-19.5226
75.9,-18.734
75.94,-17.9619
75.95,-17.2048
75.95,-16.4617
75.96,-15.7314
77.98,-15.013
77.99,-14.3056
77.99,-13.6084
77.98,-12.9206
77.98,-12.2415
77.98,-11.5704
77.96,-10.9068
77.94,-10.25
77.94,-9.5995
77.93,-8.95483
77.94,-8.31549
77.93,-7.68101
77.92,-7.05095
77.92,-6.42491
77.91,-5.80247
77.92,-5.18326
77.92,-4.5669
77.93,-3.95303
77.94,-3.3413
77.96,-2.73136
77.95,-2.12289
77.95,-1.51555
77.94,-0.90901
77.93,-0.30295
75.92,0.302949
75.92,0.909006
75.93,1.515545
75.93,2.122888
75.91,2.731362
75.9,3.341297
75.89,3.953028
75.89,4.566898
75.89,5.183259
75.88,5.802471
75.88,6.424907
75.89,7.050952
75.9,7.681006
75.89,8.315488
75.88,8.954834
75.86,9.599501
75.86,10.24997
75.87,10.90676
75.84,11.5704
75.82,12.24148
75.82,12.92059
75.82,13.60841
75.79,14.30563
75.74,15.01303
77.74,15.73141
77.77,16.46168
77.78,17.20481
77.77,17.96188
77.76,18.73404
77.75,19.5226
77.76,20.32899
77.73,21.15481
77.72,22.00185
77.71,22.87213
77.69,23.76793
77.67,24.69184
77.68,25.64687
77.67,26.63647
77.66,27.66467
77.68,28.73624
77.72,29.85687
77.7,31.03341
77.72,32.27427
77.76,33.58996
77.79,34.99383
77.73,36.50335
77.73,38.14207
77.73,39.94304
74.91,-39.943
74.88,-38.1421
74.96,-36.5034
75.07,-34.9938
75.09,-33.59
75.14,-32.2743
75.18,-31.0334
75.21,-29.8569
75.22,-28.7362
75.24,-27.6647
75.25,-26.6365
75.28,-25.6469
75.31,-24.6918
75.35,-23.7679
75.36,-22.8721
75.38,-22.0019
75.39,-21.1548
75.39,-20.329
75.37,-19.5226
75.38,-18.734
75.42,-17.9619
75.43,-17.2048
75.43,-16.4617
75.44,-15.7314
77.46,-15.013
77.47,-14.3056
77.47,-13.6084
77.46,-12.9206
77.46,-12.2415
77.46,-11.5704
77.44,-10.9068
77.42,-10.25
77.42,-9.5995
77.41,-8.95483
77.42,-8.31549
77.41,-7.68101
77.4,-7.05095
77.4,-6.42491
77.39,-5.80247
77.4,-5.18326
77.4,-4.5669
77.41,-3.95303
77.42,-3.3413
77.44,-2.73136
77.43,-2.12289
77.43,-1.51555
77.42,-0.90901
77.41,-0.30295
75.4,0.302949
75.4,0.909006
75.41,1.515545
75.41,2.122888
75.39,2.731362
75.38,3.341297
75.37,3.953028
75.37,4.566898
75.37,5.183259
75.36,5.802471
75.36,6.424907
75.37,7.050952
75.38,7.681006
75.37,8.315488
75.36,8.954834
75.34,9.599501
75.34,10.24997
75.35,10.90676
75.32,11.5704
75.3,12.24148
75.3,12.92059
75.3,13.60841
75.27,14.30563
75.22,15.01303
77.22,15.73141
77.25,16.46168
77.26,17.20481
77.25,17.96188
77.24,18.73404
77.23,19.5226
77.24,20.32899
77.21,21.15481
77.2,22.00185
77.19,22.87213
77.17,23.76793
77.15,24.69184
77.16,25.64687
77.15,26.63647
77.14,27.66467
77.16,28.73624
77.2,29.85687
77.18,31.03341
77.2,32.27427
77.24,33.58996
77.27,34.99383
77.21,36.50335
77.21,38.14207
77.21,39.94304
74.39,-39.943
74.36,-38.1421
74.44,-36.5034
74.55,-34.9938
74.57,-33.59
74.62,-32.2743
74.66,-31.0334
74.69,-29.8569
74.7,-28.7362
74.72,-27.6647
74.73,-26.6365
74.76,-25.6469
74.79,-24.6918
74.83,-23.7679
74.84,-22.8721
74.86,-22.0019
74.87,-21.1548
74.87,-20.329
74.85,-19.5226
74.86,-18.734
74.9,-17.9619
74.91,-17.2048
74.91,-16.4617
74.92,-15.7314
76.94,-15.013
76.95,-14.3056
76.95,-13.6084
76.94,-12.9206
76.94,-12.2415
76.94,-11.5704
76.92,-10.9068
76.9,-10.25
76.9,-9.5995
76.89,-8.95483
76.9,-8.31549
76.89,-7.68101
76.88,-7.05095
76.88,-6.42491
76.87,-5.80247
76.88,-5.18326
76.88,-4.5669
76.89,-3.95303
76.9,-3.3413
76.92,-2.73136
76.91,-2.12289
76.91,-1.51555
76.9,-0.90901
76.89,-0.30295
74.88,0.302949
74.88,0.909006
74.89,1.515545
74.89,2.122888
74.87,2.731362
74.86,3.341297
74.85,3.953028
74.85,4.566898
74.85,5.183259
74.84,5.802471
74.84,6.424907
74.85,7.050952
74.86,7.681006
74.85,8.315488
74.84,8.954834
74.82,9.599501
74.82,10.24997
74.83,10.90676
74.8,11.5704
74.78,12.24148
74.78,12.92059
74.78,13.60841
74.75,14.30563
74.7,15.01303
76.7,15.73141
76.73,16.46168
76.74,17.20481
76.73,17.96188
76.72,18.73404
76.71,19.5226
76.72,20.32899
76.69,21.15481
76.68,22.00185
76.67,22.87213
76.65,23.76793
76.63,24.69184
76.64,25.64687
76.63,26.63647
76.62,27.66467
76.64,28.73624
76.68,29.85687
76.66,31.03341
76.68,32.27427
76.72,33.58996
76.75,34.99383
76.69,36.50335
76.69,38.14207
76.69,39.94304
73.86,-39.943
73.83,-38.1421
73.91,-36.5034
74.02,-34.9938
74.04,-33.59
74.09,-32.2743
74.13,-31.0334
74.16,-29.8569
74.17,-28.7362
74.19,-27.6647
74.2,-26.6365
74.23,-25.6469
74.26,-24.6918
74.3,-23.7679
74.31,-22.8721
74.33,-22.0019
74.34,-21.1548
74.34,-20.329
74.32,-19.5226
74.33,-18.734
74.37,-17.9619
74.38,-17.2048
74.38,-16.4617
74.39,-15.7314
76.41,-15.013
76.42,-14.3056
76.42,-13.6084
76.41,-12.9206
76.41,-12.2415
76.41,-11.5704
76.39,-10.9068
76.37,-10.25
76.37,-9.5995
76.36,-8.95483
76.37,-8.31549
76.36,-7.68101
76.35,-7.05095
76.35,-6.42491
76.34,-5.80247
76.35,-5.18326
76.35,-4.5669
76.36,-3.95303
76.37,-3.3413
76.39,-2.73136
76.38,-2.12289
76.38,-1.51555
76.37,-0.90901
76.36,-0.30295
74.35,0.302949
74.35,0.909006
74.36,1.515545
74.36,2.122888
74.34,2.731362
74.33,3.341297
74.32,3.953028
74.32,4.566898
74.32,5.183259
74.31,5.802471
74.31,6.424907
74.32,7.050952
74.33,7.681006
74.32,8.315488
74.31,8.954834
74.29,9.599501
74.29,10.24997
74.3,10.90676
74.27,11.5704
74.25,12.24148
74.25,12.92059
74.25,13.60841
74.22,14.30563
74.17,15.01303
76.17,15.73141
76.2,16.46168
76.21,17.20481
76.2,17.96188
76.19,18.73404
76.18,19.5226
76.19,20.32899
76.16,21.15481
76.15,22.00185
76.14,22.87213
76.12,23.76793
76.1,24.69184
76.11,25.64687
76.1,26.63647
76.09,27.66467
76.11,28.73624
76.15,29.85687
76.13,31.03341
76.15,32.27427
76.19,33.58996
76.22,34.99383
76.16,36.50335
76.16,38.14207
76.16,39.94304
73.34,-39.943
73.31,-38.1421
73.39,-36.5034
73.5,-34.9938
73.52,-33.59
73.57,-32.2743
73.61,-31.0334
73.64,-29.8569
73.65,-28.7362
73.67,-27.6647
73.68,-26.6365
73.71,-25.6469
73.74,-24.6918
73.78,-23.7679
73.79,-22.8721
73.81,-22.0019
73.82,-21.1548
73.82,-20.329
73.8,-19.5226
73.81,-18.734
73.85,-17.9619
73.86,-17.2048
73.86,-16.4617
73.87,-15.7314
75.89,-15.013
75.9,-14.3056
75.9,-13.6084
75.89,-12.9206
75.89,-12.2415
75.89,-11.5704
75.87,-10.9068
75.85,-10.25
75.85,-9.5995
75.84,-8.95483
75.85,-8.31549
75.84,-7.68101
75.83,-7.05095
75.83,-6.42491
75.82,-5.80247
75.83,-5.18326
75.83,-4.5669
75.84,-3.95303
75.85,-3.3413
75.87,-2.73136
75.86,-2.12289
75.86,-1.51555
75.85,-0.90901
75.84,-0.30295
73.83,0.302949
73.83,0.909006
73.84,1.515545
73.84,2.122888
73.82,2.731362
73.81,3.341297
73.8,3.953028
73.8,4.566898
73.8,5.183259
73.79,5.802471
73.79,6.424907
73.8,7.050952
73.81,7.681006
73.8,8.315488
73.79,8.954834
73.77,9.599501
73.77,10.24997
73.78,10.90676
73.75,11.5704
73.73,12.24148
73.73,12.92059
73.73,13.60841
73.7,14.30563
73.65,15.01303
75.65,15.73141
75.68,16.46168
75.69,17.20481
75.68,17.96188
75.67,18.73404
75.66,19.5226
75.67,20.32899
75.64,21.15481
75.63,22.00185
75.62,22.87213
75.6,23.76793
75.58,24.69184
75.59,25.64687
75.58,26.63647
75.57,27.66467
75.59,28.73624
75.63,29.85687
75.61,31.03341
75.63,32.27427
75.67,33.58996
75.7,34.99383
75.64,36.50335
75.64,38.14207
75.64,39.94304
72.82,-39.943
72.79,-38.1421
72.87,-36.5034
72.98,-34.9938
73.0,-33.59
73.05,-32.2743
73.09,-31.0334
73.12,-29.8569
73.13,-28.7362
73.15,-27.6647
73.16,-26.6365
73.19,-25.6469
73.22,-24.6918
73.26,-23.7679
73.27,-22.8721
73.29,-22.0019
73.3,-21.1548
73.3,-20.329
73.28,-19.5226
73.29,-18.734
73.33,-17.9619
73.34,-17.2048
73.34,-16.4617
73.35,-15.7314
75.37,-15.013
75.38,-14.3056
75.38,-13.6084
75.37,-12.9206
75.37,-12.2415
75.37,-11.5704
75.35,-10.9068
75.33,-10.25
75.33,-9.5995
75.32,-8.95483
75.33,-8.31549
75.32,-7.68101
75.31,-7.05095
75.31,-6.42491
75.3,-5.80247
75.31,-5.18326
75.31,-4.5669
75.32,-3.95303
75.33,-3.3413
75.35,-2.73136
75.34,-2.12289
75.34,-1.51555
75.33,-0.90901
75.32,-0.30295
73.31,0.302949
73.31,0.909006
73.32,1.515545
73.32,2.122888
73.3,2.731362
73.29,3.341297
73.28,3.953028
73.28,4.566898
73.28,5.183259
73.27,5.802471
73.27,6.424907
73.28,7.050952
73.29,7.681006
73.28,8.315488
73.27,8.954834
73.25,9.599501
73.25,10.24997
73.26,10.90676
73.23,11.5704
73.21,12.24148
73.21,12.92059
73.21,13.60841
73.18,14.30563
73.13,15.01303
75.13,15.73141
75.16,16.46168
75.17,17.20481
75.16,17.96188
75.15,18.73404
75.14,19.5226
75.15,20.32899
75.12,21.15481
75.11,22.00185
75.1,22.87213
75.08,23.76793
75.06,24.69184
75.07,25.64687
75.06,26.63647
75.05,27.66467
75.07,28.73624
75.11,29.85687
75.09,31.03341
75.11,32.27427
75.15,33.58996
75.18,34.99383
75.12,36.50335
75.12,38.14207
75.12,39.94304
72.3,-39.943
72.27,-38.1421
72.35,-36.5034
72.46,-34.9938
72.48,-33.59
72.53,-32.2743
72.57,-31.0334
72.6,-29.8569
72.61,-28.7362
72.63,-27.6647
72.64,-26.6365
72.67,-25.6469
72.7,-24.6918
72.74,-23.7679
72.75,-22.8721
72.77,-22.0019
72.78,-21.1548
72.78,-20.329
72.76,-19.5226
72.77,-18.734
72.81,-17.9619
72.82,-17.2048
72.82,-16.4617
72.83,-15.7314
74.85,-15.013
74.86,-14.3056
74.86,-13.6084
74.85,-12.9206
74.85,-12.2415
74.85,-11.5704
74.83,-10.9068
74.81,-10.25
74.81,-9.5995
74.8,-8.95483
74.81,-8.31549
74.8,-7.68101
74.79,-7.05095
74.79,-6.42491
74.78,-5.80247
74.79,-5.18326
74.79,-4.5669
74.8,-3.95303
74.81,-3.3413
74.83,-2.73136
74.82,-2.12289
74.82,-1.51555
74.81,-0.90901
74.8,-0.30295
72.79,0.302949
72.79,0.909006
72.8,1.515545
72.8,2.122888
72.78,2.731362
72.77,3.341297
72.76,3.953028
72.76,4.566898
72.76,5.183259
72.75,5.802471
72.75,6.424907
72.76,7.050952
72.77,7.681006
72.76,8.315488
72.75,8.954834
72.73,9.599501
72.73,10.24997
72.74,10.90676
72.71,11.5704
72.69,12.24148
72.69,12.92059
72.69,13.60841
72.66,14.30563
72.61,15.01303
74.61,15.73141
74.64,16.46168
74.65,17.20481
74.64,17.96188
74.63,18.73404
74.62,19.5226
74.63,20.32899
74.6,21.15481
74.59,22.00185
74.58,22.87213
74.56,23.76793
74.54,24.69184
74.55,25.64687
74.54,26.63647
74.53,27.66467
74.55,28.73624
74.59,29.85687
74.57,31.03341
74.59,32.27427
74.63,33.58996
74.66,34.99383
74.6,36.50335
74.6,38.14207
74.6,39.94304
71.77,-39.943
71.74,-38.1421
71.82,-36.5034
71.93,-34.9938
71.95,-33.59
72.0,-32.2743
72.04,-31.0334
72.07,-29.8569
72.08,-28.7362
72.1,-27.6647
72.11,-26.6365
72.14,-25.6469
72.17,-24.6918
72.21,-23.7679
72.22,-22.8721
72.24,-22.0019
72.25,-21.1548
72.25,-20.329
72.23,-19.5226
72.24,-18.734
72.28,-17.9619
72.29,-17.2048
72.29,-16.4617
72.3,-15.7314
74.32,-15.013
74.33,-14.3056
74.33,-13.6084
74.32,-12.9206
74.32,-12.2415
74.32,-11.5704
74.3,-10.9068
74.28,-10.25
74.28,-9.5995
74.27,-8.95483
74.28,-8.31549
74.27,-7.68101
74.26,-7.05095
74.26,-6.42491
74.25,-5.80247
74.26,-5.18326
74.26,-4.5669
74.27,-3.95303
74.28,-3.3413
74.3,-2.73136
74.29,-2.12289
74.29,-1.51555
74.28,-0.90901
74.27,-0.30295
72.26,0.302949
72.26,0.909006
72.27,1.515545
72.27,2.122888
72.25,2.731362
72.24,3.341297
72.23,3.953028
72.23,4.566898
72.23,5.183259
72.22,5.802471
72.22,6.424907
72.23,7.050952
72.24,7.681006
72.23,8.315488
72.22,8.954834
72.2,9.599501
72.2,10.24997
72.21,10.90676
72.18,11.5704
72.16,12.24148
72.16,12.92059
72.16,13.60841
72.13,14.30563
72.08,15.01303
74.08,15.73141
74.11,16.46168
74.12,17.20481
74.11,17.96188
74.1,18.73404
74.09,19.5226
74.1,20.32899
74.07,21.15481
74.06,22.00185
74.05,22.87213
74.03,23.76793
74.01,24.69184
74.02,25.64687
74.01,26.63647
74.0,27.66467
74.02,28.73624
74.06,29.85687
74.04,31.03341
74.06,32.27427
74.1,33.58996
74.13,34.99383
74.07,36.50335
74.07,38.14207
74.07,39.94304
71.25,-39.943
71.22,-38.1421
71.3,-36.5034
71.41,-34.9938
71.43,-33.59
71.48,-32.2743
71.52,-31.0334
71.55,-29.8569
71.56,-28.7362
71.58,-27.6647
71.59,-26.6365
71.62,-25.6469
71.65,-24.6918
71.69,-23.7679
71.7,-22.8721
71.72,-22.0019
71.73,-21.1548
71.73,-20.329
71.71,-19.5226
71.72,-18.734
71.76,-17.9619
71.77,-17.2048
71.77,-16.4617
71.78,-15.7314
73.8,-15.013
73.81,-14.3056
73.81,-13.6084
73.8,-12.9206
73.8,-12.2415
73.8,-11.5704
73.78,-10.9068
73.76,-10.25
73.76,-9.5995
73.75,-8.95483
73.76,-8.31549
73.75,-7.68101
73.74,-7.05095
73.74,-6.42491
73.73,-5.80247
73.74,-5.18326
73.74,-4.5669
73.75,-3.95303
73.76,-3.3413
73.78,-2.73136
73.77,-2.12289
73.77,-1.51555
73.76,-0.90901
73.75,-0.30295
71.74,0.302949
71.74,0.909006
71.75,1.515545
71.75,2.122888
71.73,2.731362
71.72,3.341297
71.71,3.953028
71.71,4.566898
71.71,5.183259
71.7,5.802471
71.7,6.424907
71.71,7.050952
71.72,7.681006
71.71,8.315488
71.7,8.954834
71.68,9.599501
71.68,10.24997
71.69,10.90676
71.66,11.5704
71.64,12.24148
71.64,12.92059
71.64,13.60841
71.61,14.30563
71.56,15.01303
73.56,15.73141
73.59,16.46168
73.6,17.20481
73.59,17.96188
73.58,18.73404
73.57,19.5226
73.58,20.32899
73.55,21.15481
73.54,22.00185
73.53,22.87213
73.51,23.76793
73.49,24.69184
73.5,25.64687
73.49,26.63647
73.48,27.66467
73.5,28.73624
73.54,29.85687
73.52,31.03341
73.54,32.27427
73.58,33.58996
73.61,34.99383
73.55,36.50335
73.55,38.14207
73.55,39.94304
70.73,-39.943
70.7,-38.1421
70.78,-36.5034
70.89,-34.9938
70.91,-33.59
70.96,-32.2743
71.0,-31.0334
71.03,-29.8569
71.04,-28.7362
71.06,-27.6647
71.07,-26.6365
71.1,-25.6469
71.13,-24.6918
71.17,-23.7679
71.18,-22.8721
71.2,-22.0019
71.21,-21.1548
71.21,-20.329
71.19,-19.5226
71.2,-18.734
71.24,-17.9619
71.25,-17.2048
71.25,-16.4617
71.26,-15.7314
73.28,-15.013
73.29,-14.3056
73.29,-13.6084
73.28,-12.9206
73.28,-12.2415
73.28,-11.5704
73.26,-10.9068
73.24,-10.25
73.24,-9.5995
73.23,-8.95483
73.24,-8.31549
73.23,-7.68101
73.22,-7.05095
73.22,-6.42491
73.21,-5.80247
73.22,-5.18326
73.22,-4.5669
73.23,-3.95303
73.24,-3.3413
73.26,-2.73136
73.25,-2.12289
73.25,-1.51555
73.24,-0.90901
73.23,-0.30295
71.22,0.302949
71.22,0.909006
71.23,1.515545
71.23,2.122888
71.21,2.731362
71.2,3.341297
71.19,3.953028
71.19,4.566898
71.19,5.183259
71.18,5.802471
71.18,6.424907
71.19,7.050952
71.2,7.681006
71.19,8.315488
71.18,8.954834
71.16,9.599501
71.16,10.24997
71.17,10.90676
71.14,11.5704
71.12,12.24148
71.12,12.92059
71.12,13.60841
71.09,14.30563
71.04,15.01303
73.04,15.73141
73.07,16.46168
73.08,17.20481
73.07,17.96188
73.06,18.73404
73.05,19.5226
73.06,20.32899
73.03,21.15481
73.02,22.00185
73.01,22.87213
72.99,23.76793
72.97,24.69184
72.98,25.64687
72.97,26.63647
72.96,27.66467
72.98,28.73624
73.02,29.85687
73.0,31.03341
73.02,32.27427
73.06,33.58996
73.09,34.99383
73.03,36.50335
73.03,38.14207
73.03,39.94304
70.21,-39.943
70.18,-38.1421
70.26,-36.5034
70.37,-34.9938
70.39,-33.59
70.44,-32.2743
70.48,-31.0334
70.51,-29.8569
70.52,-28.7362
70.54,-27.6647
70.55,-26.6365
70.58,-25.6469
70.61,-24.6918
70.65,-23.7679
70.66,-22.8721
70.68,-22.0019
70.69,-21.1548
70.69,-20.329
70.67,-19.5226
70.68,-18.734
70.72,-17.9619
70.73,-17.2048
70.73,-16.4617
70.74,-15.7314
72.76,-15.013
72.77,-14.3056
72.77,-13.6084
72.76,-12.9206
72.76,-12.2415
72.76,-11.5704
72.74,-10.9068
72.72,-10.25
72.72,-9.5995
72.71,-8.95483
72.72,-8.31549
72.71,-7.68101
72.7,-7.05095
72.7,-6.42491
72.69,-5.80247
72.7,-5.18326
72.7,-4.5669
72.71,-3.95303
72.72,-3.3413
72.74,-2.73136
72.73,-2.12289
72.73,-1.51555
72.72,-0.90901
72.71,-0.30295
70.7,0.302949
70.7,0.909006
70.71,1.515545
70.71,2.122888
70.69,2.731362
70.68,3.341297
70.67,3.953028
70.67,4.566898
70.67,5.183259
70.66,5.802471
70.66,6.424907
70.67,7.050952
70.68,7.681006
70.67,8.315488
70.66,8.954834
70.64,9.599501
70.64,10.24997
70.65,10.90676
70.62,11.5704
70.6,12.24148
70.6,12.92059
70.6,13.60841
70.57,14.30563
70.52,15.01303
72.52,15.73141
72.55,16.46168
72.56,17.20481
72.55,17.96188
72.54,18.73404
72.53,19.5226
72.54,20.32899
72.51,21.15481
72.5,22.00185
72.49,22.87213
72.47,23.76793
72.45,24.69184
72.46,25.64687
72.45,26.63647
72.44,27.66467
72.46,28.73624
72.5,29.85687
72.48,31.03341
72.5,32.27427
72.54,33.58996
72.57,34.99383
72.51,36.50335
72.51,38.14207
72.51,39.94304
69.68,-39.943
69.65,-38.1421
69.73,-36.5034
69.84,-34.9938
69.86,-33.59
69.91,-32.2743
69.95,-31.0334
69.98,-29.8569
69.99,-28.7362
70.01,-27.6647
70.02,-26.6365
70.05,-25.6469
70.08,-24.6918
70.12,-23.7679
70.13,-22.8721
70.15,-22.0019
70.16,-21.1548
70.16,-20.329
70.14,-19.5226
70.15,-18.734
70.19,-17.9619
70.2,-17.2048
70.2,-16.4617
70.21,-15.7314
72.23,-15.013
72.24,-14.3056
72.24,-13.6084
72.23,-12.9206
72.23,-12.2415
72.23,-11.5704
72.21,-10.9068
72.19,-10.25
72.19,-9.5995
72.18,-8.95483
72.19,-8.31549
72.18,-7.68101
72.17,-7.05095
72.17,-6.42491
72.16,-5.80247
72.17,-5.18326
72.17,-4.5669
72.18,-3.95303
72.19,-3.3413
72.21,-2.73136
72.2,-2.12289
72.2,-1.51555
72.19,-0.90901
72.18,-0.30295
70.17,0.302949
70.17,0.909006
70.18,1.515545
70.18,2.122888
70.16,2.731362
70.15,3.341297
70.14,3.953028
70.14,4.566898
70.14,5.183259
70.13,5.802471
70.13,6.424907
70.14,7.050952
70.15,7.681006
70.14,8.315488
70.13,8.954834
70.11,9.599501
70.11,10.24997
70.12,10.90676
70.09,11.5704
70.07,12.24148
70.07,12.92059
70.07,13.60841
70.04,14.30563
69.99,15.01303
71.99,15.73141
72.02,16.46168
72.03,17.20481
72.02,17.96188
72.01,18.73404
72.0,19.5226
72.01,20.32899
71.98,21.15481
71.97,22.00185
71.96,22.87213
71.94,23.76793
71.92,24.69184
71.93,25.64687
71.92,26.63647
71.91,27.66467
71.93,28.73624
71.97,29.85687
71.95,31.03341
71.97,32.27427
72.01,33.58996
72.04,34.99383
71.98,36.50335
71.98,38.14207
71.98,39.94304
69.16,-39.943
69.13,-38.1421
69.21,-36.5034
69.32,-34.9938
69.34,-33.59
69.39,-32.2743
69.43,-31.0334
69.46,-29.8569
69.47,-28.7362
69.49,-27.6647
69.5,-26.6365
69.53,-25.6469
69.56,-24.6918
69.6,-23.7679
69.61,-22.8721
69.63,-22.0019
69.64,-21.1548
69.64,-20.329
69.62,-19.5226
69.63,-18.734
69.67,-17.9619
69.68,-17.2048
69.68,-16.4617
69.69,-15.7314
71.71,-15.013
71.72,-14.3056
71.72,-13.6084
71.71,-12.9206
71.71,-12.2415
71.71,-11.5704
71.69,-10.9068
71.67,-10.25
71.67,-9.5995
71.66,-8.95483
71.67,-8.31549
71.66,-7.68101
71.65,-7.05095
71.65,-6.42491
71.64,-5.80247
71.65,-5.18326
71.65,-4.5669
71.66,-3.95303
71.67,-3.3413
71.69,-2.73136
71.68,-2.12289
71.68,-1.51555
71.67,-0.90901
71.66,-0.30295
69.65,0.302949
69.65,0.909006
69.66,1.515545
69.66,2.122888
69.64,2.731362
69.63,3.341297
69.62,3.953028
69.62,4.566898
69.62,5.183259
69.61,5.802471
69.61,6.424907
69.62,7.050952
69.63,7.681006
69.62,8.315488
69.61,8.954834
69.59,9.599501
69.59,10.24997
69.6,10.90676
69.57,11.5704
69.55,12.24148
69.55,12.92059
69.55,13.60841
69.52,14.30563
69.47,15.01303
71.47,15.73141
71.5,16.46168
71.51,17.20481
71.5,17.96188
71.49,18.73404
71.48,19.5226
71.49,20.32899
71.46,21.15481
71.45,22.00185
71.44,22.87213
71.42,23.76793
71.4,24.69184
71.41,25.64687
71.4,26.63647
71.39,27.66467
71.41,28.73624
71.45,29.85687
71.43,31.03341
71.45,32.27427
71.49,33.58996
71.52,34.99383
71.46,36.50335
71.46,38.14207
71.46,39.94304
68.64,-39.943
68.61,-38.1421
68.69,-36.5034
68.8,-34.9938
68.82,-33.59
68.87,-32.2743
68.91,-31.0334
68.94,-29.8569
68.95,-28.7362
68.97,-27.6647
68.98,-26.6365
69.01,-25.6469
69.04,-24.6918
69.08,-23.7679
69.09,-22.8721
69.11,-22.0019
69.12,-21.1548
69.12,-20.329
69.1,-19.5226
69.11,-18.734
69.15,-17.9619
69.16,-17.2048
69.16,-16.4617
69.17,-15.7314
71.19,-15.013
71.2,-14.3056
71.2,-13.6084
71.19,-12.9206
71.19,-12.2415
71.19,-11.5704
71.17,-10.9068
71.15,-10.25
71.15,-9.5995
71.14,-8.95483
71.15,-8.31549
71.14,-7.68101
71.13,-7.05095
71.13,-6.42491
71.12,-5.80247
71.13,-5.18326
71.13,-4.5669
71.14,-3.95303
71.15,-3.3413
71.17,-2.73136
71.16,-2.12289
71.16,-1.51555
71.15,-0.90901
71.14,-0.30295
69.13,0.302949
69.13,0.909006
69.14,1.515545
69.14,2.122888
69.12,2.731362
69.11,3.341297
69.1,3.953028
69.1,4.566898
69.1,5.183259
69.09,5.802471
69.09,6.424907
69.1,7.050952
69.11,7.681006
69.1,8.315488
69.09,8.954834
69.07,9.599501
69.07,10.24997
69.08,10.90676
69.05,11.5704
69.03,12.24148
69.03,12.92059
69.03,13.60841
69.0,14.30563
68.95,15.01303
70.95,15.73141
70.98,16.46168
70.99,17.20481
70.98,17.96188
70.97,18.73404
70.96,19.5226
70.97,20.32899
70.94,21.15481
70.93,22.00185
70.92,22.87213
70.9,23.76793
70.88,24.69184
70.89,25.64687
70.88,26.63647
70.87,27.66467
70.89,28.73624
70.93,29.85687
70.91,31.03341
70.93,32.27427
70.97,33.58996
71.0,34.99383
70.94,36.50335
70.94,38.14207
70.94,39.94304
68.12,-39.943
68.09,-38.1421
68.17,-36.5034
68.28,-34.9938
68.3,-33.59
68.35,-32.2743
68.39,-31.0334
68.42,-29.8569
68.43,-28.7362
68.45,-27.6647
68.46,-26.6365
68.49,-25.6469
68.52,-24.6918
68.56,-23.7679
68.57,-22.8721
68.59,-22.0019
68.6,-21.1548
68.6,-20.329
68.58,-19.5226
68.59,-18.734
68.63,-17.9619
68.64,-17.2048
68.64,-16.4617
68.65,-15.7314
70.67,-15.013
70.68,-14.3056
70.68,-13.6084
70.67,-12.9206
70.67,-12.2415
70.67,-11.5704
70.65,-10.9068
70.63,-10.25
70.63,-9.5995
70.62,-8.95483
70.63,-8.31549
70.62,-7.68101
70.61,-7.05095
70.61,-6.42491
70.6,-5.80247
70.61,-5.18326
70.61,-4.5669
70.62,-3.95303
70.63,-3.3413
70.65,-2.73136
70.64,-2.12289
70.64,-1.51555
70.63,-0.90901
70.62,-0.30295
68.61,0.302949
68.61,0.909006
68.62,1.515545
68.62,2.122888
68.6,2.731362
68.59,3.341297
68.58,3.953028
68.58,4.566898
68.58,5.183259
68.57,5.802471
68.57,6.424907
68.58,7.050952
68.59,7.681006
68.58,8.315488
68.57,8.954834
68.55,9.599501
68.55,10.24997
68.56,10.90676
68.53,11.5704
68.51,12.24148
68.51,12.92059
68.51,13.60841
68.48,14.30563
68.43,15.01303
70.43,15.73141
70.46,16.46168
70.47,17.20481
70.46,17.96188
70.45,18.73404
70.44,19.5226
70.45,20.32899
70.42,21.15481
70.41,22.00185
70.4,22.87213
70.38,23.76793
70.36,24.69184
70.37,25.64687
70.36,26.63647
70.35,27.66467
70.37,28.73624
70.41,29.85687
70.39,31.03341
70.41,32.27427
70.45,33.58996
70.48,34.99383
70.42,36.50335
70.42,38.14207
70.42,39.94304
67.59,-39.943
67.56,-38.1421
67.64,-36.5034
67.75,-34.9938
67.77,-33.59
67.82,-32.2743
67.86,-31.0334
67.89,-29.8569
67.9,-28.7362
67.92,-27.6647
67.93,-26.6365
67.96,-25.6469
67.99,-24.6918
68.03,-23.7679
68.04,-22.8721
68.06,-22.0019
68.07,-21.1548
68.07,-20.329
68.05,-19.5226
68.06,-18.734
68.1,-17.9619
68.11,-17.2048
68.11,-16.4617
68.12,-15.7314
70.14,-15.013
70.15,-14.3056
70.15,-13.6084
70.14,-12.9206
70.14,-12.2415
70.14,-11.5704
70.12,-10.9068
70.1,-10.25
70.1,-9.5995
70.09,-8.95483
70.1,-8.31549
70.09,-7.68101
70.08,-7.05095
70.08,-6.42491
70.07,-5.80247
70.08,-5.18326
70.08,-4.5669
70.09,-3.95303
70.1,-3.3413
70.12,-2.73136
70.11,-2.12289
70.11,-1.51555
70.1,-0.90901
70.09,-0.30295
68.08,0.302949
68.08,0.909006
68.09,1.515545
68.09,2.122888
68.07,2.731362
68.06,3.341297
68.05,3.953028
68.05,4.566898
68.05,5.183259
68.04,5.802471
68.04,6.424907
68.05,7.050952
68.06,7.681006
68.05,8.315488
68.04,8.954834
68.02,9.599501
68.02,10.24997
68.03,10.90676
68.0,11.5704
67.98,12.24148
67.98,12.92059
67.98,13.60841
67.95,14.30563
67.9,15.01303
69.9,15.73141
69.93,16.46168
69.94,17.20481
69.93,17.96188
69.92,18.73404
69.91,19.5226
69.92,20.32899
69.89,21.15481
69.88,22.00185
69.87,22.87213
69.85,23.76793
69.83,24.69184
69.84,25.64687
69.83,26.63647
69.82,27.66467
69.84,28.73624
69.88,29.85687
69.86,31.03341
69.88,32.27427
69.92,33.58996
69.95,34.99383
69.89,36.50335
69.89,38.14207
69.89,39.94304
67.07,-39.943
67.04,-38.1421
67.12,-36.5034
67.23,-34.9938
67.25,-33.59
67.3,-32.2743
67.34,-31.0334
67.37,-29.8569
67.38,-28.7362
67.4,-27.6647
67.41,-26.6365
67.44,-25.6469
67.47,-24.6918
67.51,-23.7679
67.52,-22.8721
67.54,-22.0019
67.55,-21.1548
67.55,-20.329
67.53,-19.5226
67.54,-18.734
67.58,-17.9619
67.59,-17.2048
67.59,-16.4617
67.6,-15.7314
69.62,-15.013
69.63,-14.3056
69.63,-13.6084
69.62,-12.9206
69.62,-12.2415
69.62,-11.5704
69.6,-10.9068
69.58,-10.25
69.58,-9.5995
69.57,-8.95483
69.58,-8.31549
69.57,-7.68101
69.56,-7.05095
69.56,-6.42491
69.55,-5.80247
69.56,-5.18326
69.56,-4.5669
69.57,-3.95303
69.58,-3.3413
69.6,-2.73136
69.59,-2.12289
69.59,-1.51555
69.58,-0.90901
69.57,-0.30295
67.56,0.302949
67.56,0.909006
67.57,1.515545
67.57,2.122888
67.55,2.731362
67.54,3.341297
67.53,3.953028
67.53,4.566898
67.53,5.183259
67.52,5.802471
67.52,6.424907
67.53,7.050952
67.54,7.681006
67.53,8.315488
67.52,8.954834
67.5,9.599501
67.5,10.24997
67.51,10.90676
67.48,11.5704
67.46,12.24148
67.46,12.92059
67.46,13.60841
67.43,14.30563
67.38,15.01303
69.38,15.73141
69.41,16.46168
69.42,17.20481
69.41,17.96188
69.4,18.73404
69.39,19.5226
69.4,20.32899
69.37,21.15481
69.36,22.00185
69.35,22.87213
69.33,23.76793
69.31,24.69184
69.32,25.64687
69.31,26.63647
69.3,27.66467
69.32,28.73624
69.36,29.85687
69.34,31.03341
69.36,32.27427
69.4,33.58996
69.43,34.99383
69.37,36.50335
69.37,38.14207
69.37,39.94304
66.55,-39.943
66.52,-38.1421
66.6,-36.5034
66.71,-34.9938
66.73,-33.59
66.78,-32.2743
66.82,-31.0334
66.85,-29.8569
66.86,-28.7362
66.88,-27.6647
66.89,-26.6365
66.92,-25.6469
66.95,-24.6918
66.99,-23.7679
67.0,-22.8721
67.02,-22.0019
67.03,-21.1548
67.03,-20.329
67.01,-19.5226
67.02,-18.734
67.06,-17.9619
67.07,-17.2048
67.07,-16.4617
67.08,-15.7314
69.1,-15.013
69.11,-14.3056
69.11,-13.6084
69.1,-12.9206
69.1,-12.2415
69.1,-11.5704
69.08,-10.9068
69.06,-10.25
69.06,-9.5995
69.05,-8.95483
69.06,-8.31549
69.05,-7.68101
69.04,-7.05095
69.04,-6.42491
69.03,-5.80247
69.04,-5.18326
69.04,-4.5669
69.05,-3.95303
69.06,-3.3413
69.08,-2.73136
69.07,-2.12289
69.07,-1.51555
69.06,-0.90901
69.05,-0.30295
67.04,0.302949
67.04,0.909006
67.05,1.515545
67.05,2.122888
67.03,2.731362
67.02,3.341297
67.01,3.953028
67.01,4.566898
67.01,5.183259
67.0,5.802471
67.0,6.424907
67.01,7.050952
67.02,7.681006
67.01,8.315488
67.0,8.954834
66.98,9.599501
66.98,10.24997
66.99,10.90676
66.96,11.5704
66.94,12.24148
66.94,12.92059
66.94,13.60841
66.91,14.30563
66.86,15.01303
68.86,15.73141
68.89,16.46168
68.9,17.20481
68.89,17.96188
68.88,18.73404
68.87,19.5226
68.88,20.32899
68.85,21.15481
68.84,22.00185
68.83,22.87213
68.81,23.76793
68.79,24.69184
68.8,25.64687
68.79,26.63647
68.78,27.66467
68.8,28.73624
68.84,29.85687
68.82,31.03341
68.84,32.27427
68.88,33.58996
68.91,34.99383
68.85,36.50335
68.85,38.14207
68.85,39.94304
66.03,-39.943
66.0,-38.1421
66.08,-36.5034
66.19,-34.9938
66.21,-33.59
66.26,-32.2743
66.3,-31.0334
66.33,-29.8569
66.34,-28.7362
66.36,-27.6647
66.37,-26.6365
66.4,-25.6469
66.43,-24.6918
66.47,-23.7679
66.48,-22.8721
66.5,-22.0019
66.51,-21.1548
66.51,-20.329
66.49,-19.5226
66.5,-18.734
66.54,-17.9619
66.55,-17.2048
66.55,-16.4617
66.56,-15.7314
68.58,-15.013
68.59,-14.3056
68.59,-13.6084
68.58,-12.9206
68.58,-12.2415
68.58,-11.5704
68.56,-10.9068
68.54,-10.25
68.54,-9.5995
68.53,-8.95483
68.54,-8.31549
68.53,-7.68101
68.52,-7.05095
68.52,-6.42491
68.51,-5.80247
68.52,-5.18326
68.52,-4.5669
68.53,-3.95303
68.54,-3.3413
68.56,-2.73136
68.55,-2.12289
68.55,-1.51555
68.54,-0.90901
68.53,-0.30295
66.52,0.302949
66.52,0.909006
66.53,1.515545
66.53,2.122888
66.51,2.731362
66.5,3.341297
66.49,3.953028
66.49,4.566898
66.49,5.183259
66.48,5.802471
66.48,6.424907
66.49,7.050952
66.5,7.681006
66.49,8.315488
66.48,8.954834
66.46,9.599501
66.46,10.24997
66.47,10.90676
66.44,11.5704
66.42,12.24148
66.42,12.92059
66.42,13.60841
66.39,14.30563
66.34,15.01303
68.34,15.73141
68.37,16.46168
68.38,17.20481
68.37,17.96188
68.36,18.73404
68.35,19.5226
68.36,20.32899
68.33,21.15481
68.32,22.00185
68.31,22.87213
68.29,23.76793
68.27,24.69184
68.28,25.64687
68.27,26.63647
68.26,27.66467
68.28,28.73624
68.32,29.85687
68.3,31.03341
68.32,32.27427
68.36,33.58996
68.39,34.99383
68.33,36.50335
68.33,38.14207
68.33,39.94304
65.5,-39.943
65.47,-38.1421
65.55,-36.5034
65.66,-34.9938
65.68,-33.59
65.73,-32.2743
65.77,-31.0334
65.8,-29.8569
65.81,-28.7362
65.83,-27.6647
65.84,-26.6365
65.87,-25.6469
65.9,-24.6918
65.94,-23.7679
65.95,-22.8721
65.97,-22.0019
65.98,-21.1548
65.98,-20.329
65.96,-19.5226
65.97,-18.734
66.01,-17.9619
66.02,-17.2048
66.02,-16.4617
66.03,-15.7314
68.05,-15.013
68.06,-14.3056
68.06,-13.6084
68.05,-12.9206
68.05,-12.2415
68.05,-11.5704
68.03,-10.9068
68.01,-10.25
68.01,-9.5995
68.0,-8.95483
68.01,-8.31549
68.0,-7.68101
67.99,-7.05095
67.99,-6.42491
67.98,-5.80247
67.99,-5.18326
67.99,-4.5669
68.0,-3.95303
68.01,-3.3413
68.03,-2.73136
68.02,-2.12289
68.02,-1.51555
68.01,-0.90901
68.0,-0.30295
65.99,0.302949
65.99,0.909006
66.0,1.515545
66.0,2.122888
65.98,2.731362
65.97,3.341297
65.96,3.953028
65.96,4.566898
65.96,5.183259
65.95,5.802471
65.95,6.424907
65.96,7.050952
65.97,7.681006
65.96,8.315488
65.95,8.954834
65.93,9.599501
65.93,10.24997
65.94,10.90676
65.91,11.5704
65.89,12.24148
65.89,12.92059
65.89,13.60841
65.86,14.30563
65.81,15.01303
67.81,15.73141
67.84,16.46168
67.85,17.20481
67.84,17.96188
67.83,18.73404
67.82,19.5226
67.83,20.32899
67.8,21.15481
67.79,22.00185
67.78,22.87213
67.76,23.76793
67.74,24.69184
67.75,25.64687
67.74,26.63647
67.73,27.66467
67.75,28.73624
67.79,29.85687
67.77,31.03341
67.79,32.27427
67.83,33.58996
67.86,34.99383
67.8,36.50335
67.8,38.14207
67.8,39.94304
64.98,-39.943
64.95,-38.1421
65.03,-36.5034
65.14,-34.9938
65.16,-33.59
65.21,-32.2743
65.25,-31.0334
65.28,-29.8569
65.29,-28.7362
65.31,-27.6647
65.32,-26.6365
65.35,-25.6469
65.38,-24.6918
65.42,-23.7679
65.43,-22.8721
65.45,-22.0019
65.46,-21.1548
65.46,-20.329
65.44,-19.5226
65.45,-18.734
65.49,-17.9619
65.5,-17.2048
65.5,-16.4617
65.51,-15.7314
67.53,-15.013
67.54,-14.3056
67.54,-13.6084
67.53,-12.9206
67.53,-12.2415
67.53,-11.5704
67.51,-10.9068
67.49,-10.25
67.49,-9.5995
67.48,-8.95483
67.49,-8.31549
67.48,-7.68101
67.47,-7.05095
67.47,-6.42491
67.46,-5.80247
67.47,-5.18326
67.47,-4.5669
67.48,-3.95303
67.49,-3.3413
67.51,-2.73136
67.5,-2.12289
67.5,-1.51555
67.49,-0.90901
67.48,-0.30295
65.47,0.302949
65.47,0.909006
65.48,1.515545
65.48,2.122888
65.46,2.731362
65.45,3.341297
65.44,3.953028
65.44,4.566898
65.44,5.183259
65.43,5.802471
65.43,6.424907
65.44,7.050952
65.45,7.681006
65.44,8.315488
65.43,8.954834
65.41,9.599501
65.41,10.24997
65.42,10.90676
65.39,11.5704
65.37,12.24148
65.37,12.92059
65.37,13.60841
65.34,14.30563
65.29,15.01303
67.29,15.73141
67.32,16.46168
67.33,17.20481
67.32,17.96188
67.31,18.73404
67.3,19.5226
67.31,20.32899
67.28,21.15481
67.27,22.00185
67.26,22.87213
67.24,23.76793
67.22,24.69184
67.23,25.64687
67.22,26.63647
67.21,27.66467
67.23,28.73624
67.27,29.85687
67.25,31.03341
67.27,32.27427
67.31,33.58996
67.34,34.99383
67.28,36.50335
67.28,38.14207
67.28,39.94304
64.46,-39.943
64.43,-38.1421
64.51,-36.5034
64.62,-34.9938
64.64,-33.59
64.69,-32.2743
64.73,-31.0334
64.76,-29.8569
64.77,-28.7362
64.79,-27.6647
64.8,-26.6365
64.83,-25.6469
64.86,-24.6918
64.9,-23.7679
64.91,-22.8721
64.93,-22.0019
64.94,-21.1548
64.94,-20.329
64.92,-19.5226
64.93,-18.734
64.97,-17.9619
64.98,-17.2048
64.98,-16.4617
64.99,-15.7314
67.01,-15.013
67.02,-14.3056
67.02,-13.6084
67.01,-12.9206
67.01,-12.2415
67.01,-11.5704
66.99,-10.9068
66.97,-10.25
66.97,-9.5995
66.96,-8.95483
66.97,-8.31549
66.96,-7.68101
66.95,-7.05095
66.95,-6.42491
66.94,-5.80247
66.95,-5.18326
66.95,-4.5669
66.96,-3.95303
66.97,-3.3413
66.99,-2.73136
66.98,-2.12289
66.98,-1.51555
66.97,-0.90901
66.96,-0.30295
64.95,0.302949
64.95,0.909006
64.96,1.515545
64.96,2.122888
64.94,2.731362
64.93,3.341297
64.92,3.953028
64.92,4.566898
64.92,5.183259
64.91,5.802471
64.91,6.424907
64.92,7.050952
64.93,7.681006
64.92,8.315488
64.91,8.954834
64.89,9.599501
64.89,10.24997
64.9,10.90676
64.87,11.5704
64.85,12.24148
64.85,12.92059
64.85,13.60841
64.82,14.30563
64.77,15.01303
66.77,15.73141
66.8,16.46168
66.81,17.20481
66.8,17.96188
66.79,18.73404
66.78,19.5226
66.79,20.32899
66.76,21.15481
66.75,22.00185
66.74,22.87213
66.72,23.76793
66.7,24.69184
66.71,25.64687
66.7,26.63647
66.69,27.66467
66.71,28.73624
66.75,29.85687
66.73,31.03341
66.75,32.27427
66.79,33.58996
66.82,34.99383
66.76,36.50335
66.76,38.14207
66.76,39.94304
63.94,-39.943
63.91,-38.1421
63.99,-36.5034
64.1,-34.9938
64.12,-33.59
64.17,-32.2743
64.21,-31.0334
64.24,-29.8569
64.25,-28.7362
64.27,-27.6647
64.28,-26.6365
64.31,-25.6469
64.34,-24.6918
64.38,-23.7679
64.39,-22.8721
64.41,-22.0019
64.42,-21.1548
64.42,-20.329
64.4,-19.5226
64.41,-18.734
64.45,-17.9619
64.46,-17.2048
64.46,-16.4617
64.47,-15.7314
66.49,-15.013
66.5,-14.3056
66.5,-13.6084
66.49,-12.9206
66.49,-12.2415
66.49,-11.5704
66.47,-10.9068
66.45,-10.25
66.45,-9.5995
66.44,-8.95483
66.45,-8.31549
66.44,-7.68101
66.43,-7.05095
66.43,-6.42491
66.42,-5.80247
66.43,-5.18326
66.43,-4.5669
66.44,-3.95303
66.45,-3.3413
66.47,-2.73136
66.46,-2.12289
66.46,-1.51555
66.45,-0.90901
66.44,-0.30295
64.43,0.302949
64.43,0.909006
64.44,1.515545
64.44,2.122888
64.42,2.731362
64.41,3.341297
64.4,3.953028
64.4,4.566898
64.4,5.183259
64.39,5.802471
64.39,6.424907
64.4,7.050952
64.41,7.681006
64.4,8.315488
64.39,8.954834
64.37,9.599501
64.37,10.24997
64.38,10.90676
64.35,11.5704
64.33,12.24148
64.33,12.92059
64.33,13.60841
64.3,14.30563
64.25,15.01303
66.25,15.73141
66.28,16.46168
66.29,17.20481
66.28,17.96188
66.27,18.73404
66.26,19.5226
66.27,20.32899
66.24,21.15481
66.23,22.00185
66.22,22.87213
66.2,23.76793
66.18,24.69184
66.19,25.64687
66.18,26.63647
66.17,27.66467
66.19,28.73624
66.23,29.85687
66.21,31.03341
66.23,32.27427
66.27,33.58996
66.3,34.99383
66.24,36.50335
66.24,38.14207
66.24,39.94304
63.41,-39.943
63.38,-38.1421
63.46,-36.5034
63.57,-34.9938
63.59,-33.59
63.64,-32.2743
63.68,-31.0334
63.71,-29.8569
63.72,-28.7362
63.74,-27.6647
63.75,-26.6365
63.78,-25.6469
63.81,-24.6918
63.85,-23.7679
63.86,-22.8721
63.88,-22.0019
63.89,-21.1548
63.89,-20.329
63.87,-19.5226
63.88,-18.734
63.92,-17.9619
63.93,-17.2048
63.93,-16.4617
63.94,-15.7314
65.96,-15.013
65.97,-14.3056
65.97,-13.6084
65.96,-12.9206
65.96,-12.2415
65.96,-11.5704
65.94,-10.9068
65.92,-10.25
65.92,-9.5995
65.91,-8.95483
65.92,-8.31549
65.91,-7.68101
65.9,-7.05095
65.9,-6.42491
65.89,-5.80247
65.9,-5.18326
65.9,-4.5669
65.91,-3.95303
65.92,-3.3413
65.94,-2.73136
65.93,-2.12289
65.93,-1.51555
65.92,-0.90901
65.91,-0.30295
63.9,0.302949
63.9,0.909006
63.91,1.515545
63.91,2.122888
63.89,2.731362
63.88,3.341297
63.87,3.953028
63.87,4.566898
63.87,5.183259
63.86,5.802471
63.86,6.424907
63.87,7.050952
63.88,7.681006
63.87,8.315488
63.86,8.954834
63.84,9.599501
63.84,10.24997
63.85,10.90676
63.82,11.5704
63.8,12.24148
63.8,12.92059
63.8,13.60841
63.77,14.30563
63.72,15.01303
65.72,15.73141
65.75,16.46168
65.76,17.20481
65.75,17.96188
65.74,18.73404
65.73,19.5226
65.74,20.32899
65.71,21.15481
65.7,22.00185
65.69,22.87213
65.67,23.76793
65.65,24.69184
65.66,25.64687
65.65,26.63647
65.64,27.66467
65.66,28.73624
65.7,29.85687
65.68,31.03341
65.7,32.27427
65.74,33.58996
65.77,34.99383
65.71,36.50335
65.71,38.14207
65.71,39.94304
62.89,-39.943
62.86,-38.1421
62.94,-36.5034
63.05,-34.9938
63.07,-33.59
63.12,-32.2743
63.16,-31.0334
63.19,-29.8569
63.2,-28.7362
63.22,-27.6647
63.23,-26.6365
63.26,-25.6469
63.29,-24.6918
63.33,-23.7679
63.34,-22.8721
63.36,-22.0019
63.37,-21.1548
63.37,-20.329
63.35,-19.5226
63.36,-18.734
63.4,-17.9619
63.41,-17.2048
63.41,-16.4617
63.42,-15.7314
65.44,-15.013
65.45,-14.3056
65.45,-13.6084
65.44,-12.9206
65.44,-12.2415
65.44,-11.5704
65.42,-10.9068
65.4,-10.25
65.4,-9.5995
65.39,-8.95483
65.4,-8.31549
65.39,-7.68101
65.38,-7.05095
65.38,-6.42491
65.37,-5.80247
65.38,-5.18326
65.38,-4.5669
65.39,-3.95303
65.4,-3.3413
65.42,-2.73136
65.41,-2.12289
65.41,-1.51555
65.4,-0.90901
65.39,-0.30295
63.38,0.302949
63.38,0.909006
63.39,1.515545
63.39,2.122888
63.37,2.731362
63.36,3.341297
63.35,3.953028
63.35,4.566898
63.35,5.183259
63.34,5.802471
63.34,6.424907
63.35,7.050952
63.36,7.681006
63.35,8.315488
63.34,8.954834
63.32,9.599501
63.32,10.24997
63.33,10.90676
63.3,11.5704
63.28,12.24148
63.28,12.92059
63.28,13.60841
63.25,14.30563
63.2,15.01303
65.2,15.73141
65.23,16.46168
65.24,17.20481
65.23,17.96188
65.22,18.73404
65.21,19.5226
65.22,20.32899
65.19,21.15481
65.18,22.00185
65.17,22.87213
65.15,23.76793
65.13,24.69184
65.14,25.64687
65.13,26.63647
65.12,27.66467
65.14,28.73624
65.18,29.85687
65.16,31.03341
65.18,32.27427
65.22,33.58996
65.25,34.99383
65.19,36.50335
65.19,38.14207
65.19,39.94304
62.37,-39.943
62.34,-38.1421
62.42,-36.5034
62.53,-34.9938
62.55,-33.59
62.6,-32.2743
62.64,-31.0334
62.67,-29.8569
62.68,-28.7362
62.7,-27.6647
62.71,-26.6365
62.74,-25.6469
62.77,-24.6918
62.81,-23.7679
62.82,-22.8721
62.84,-22.0019
62.85,-21.1548
62.85,-20.329
62.83,-19.5226
62.84,-18.734
62.88,-17.9619
62.89,-17.2048
62.89,-16.4617
62.9,-15.7314
64.92,-15.013
64.93,-14.3056
64.93,-13.6084
64.92,-12.9206
64.92,-12.2415
64.92,-11.5704
64.9,-10.9068
64.88,-10.25
64.88,-9.5995
64.87,-8.95483
64.88,-8.31549
64.87,-7.68101
64.86,-7.05095
64.86,-6.42491
64.85,-5.80247
64.86,-5.18326
64.86,-4.5669
64.87,-3.95303
64.88,-3.3413
64.9,-2.73136
64.89,-2.12289
64.89,-1.51555
64.88,-0.90901
64.87,-0.30295
62.86,0.302949
62.86,0.909006
62.87,1.515545
62.87,2.122888
62.85,2.731362
62.84,3.341297
62.83,3.953028
62.83,4.566898
62.83,5.183259
62.82,5.802471
62.82,6.424907
62.83,7.050952
62.84,7.681006
62.83,8.315488
62.82,8.954834
62.8,9.599501
62.8,10.24997
62.81,10.90676
62.78,11.5704
62.76,12.24148
62.76,12.92059
62.76,13.60841
62.73,14.30563
62.68,15.01303
64.68,15.73141
64.71,16.46168
64.72,17.20481
64.71,17.96188
64.7,18.73404
64.69,19.5226
64.7,20.32899
64.67,21.15481
64.66,22.00185
64.65,22.87213
64.63,23.76793
64.61,24.69184
64.62,25.64687
64.61,26.63647
64.6,27.66467
64.62,28.73624
64.66,29.85687
64.64,31.03341
64.66,32.27427
64.7,33.58996
64.73,34.99383
64.67,36.50335
64.67,38.14207
64.67,39.94304
61.85,-39.943
61.82,-38.1421
61.9,-36.5034
62.01,-34.9938
62.03,-33.59
62.08,-32.2743
62.12,-31.0334
62.15,-29.8569
62.16,-28.7362
62.18,-27.6647
62.19,-26.6365
62.22,-25.6469
62.25,-24.6918
62.29,-23.7679
62.3,-22.8721
62.32,-22.0019
62.33,-21.1548
62.33,-20.329
62.31,-19.5226
62.32,-18.734
62.36,-17.9619
62.37,-17.2048
62.37,-16.4617
62.38,-15.7314
64.4,-15.013
64.41,-14.3056
64.41,-13.6084
64.4,-12.9206
64.4,-12.2415
64.4,-11.5704
64.38,-10.9068
64.36,-10.25
64.36,-9.5995
64.35,-8.95483
64.36,-8.31549
64.35,-7.68101
64.34,-7.05095
64.34,-6.42491
64.33,-5.80247
64.34,-5.18326
64.34,-4.5669
64.35,-3.95303
64.36,-3.3413
64.38,-2.73136
64.37,-2.12289
64.37,-1.51555
64.36,-0.90901
64.35,-0.30295
62.34,0.302949
62.34,0.909006
62.35,1.515545
62.35,2.122888
62.33,2.731362
62.32,3.341297
62.31,3.953028
62.31,4.566898
62.31,5.183259
62.3,5.802471
62.3,6.424907
62.31,7.050952
62.32,7.681006
62.31,8.315488
62.3,8.954834
62.28,9.599501
62.28,10.24997
62.29,10.90676
62.26,11.5704
62.24,12.24148
62.24,12.92059
62.24,13.60841
62.21,14.30563
62.16,15.01303
64.16,15.73141
64.19,16.46168
64.2,17.20481
64.19,17.96188
64.18,18.73404
64.17,19.5226
64.18,20.32899
64.15,21.15481
64.14,22.00185
64.13,22.87213
64.11,23.76793
64.09,24.69184
64.1,25.64687
64.09,26.63647
64.08,27.66467
64.1,28.73624
64.14,29.85687
64.12,31.03341
64.14,32.27427
64.18,33.58996
64.21,34.99383
64.15,36.50335
64.15,38.14207
64.15,39.94304
61.32,-39.943
61.29,-38.1421
61.37,-36.5034
61.48,-34.9938
61.5,-33.59
61.55,-32.2743
61.59,-31.0334
61.62,-29.8569
61.63,-28.7362
61.65,-27.6647
61.66,-26.6365
61.69,-25.6469
61.72,-24.6918
61.76,-23.7679
61.77,-22.8721
61.79,-22.0019
61.8,-21.1548
61.8,-20.329
61.78,-19.5226
61.79,-18.734
61.83,-17.9619
61.84,-17.2048
61.84,-16.4617
61.85,-15.7314
63.87,-15.013
63.88,-14.3056
63.88,-13.6084
63.87,-12.9206
63.87,-12.2415
63.87,-11.5704
63.85,-10.9068
63.83,-10.25
63.83,-9.5995
63.82,-8.95483
63.83,-8.31549
63.82,-7.68101
63.81,-7.05095
63.81,-6.42491
63.8,-5.80247
63.81,-5.18326
63.81,-4.5669
63.82,-3.95303
63.83,-3.3413
63.85,-2.73136
63.84,-2.12289
63.84,-1.51555
63.83,-0.90901
63.82,-0.30295
61.81,0.302949
61.81,0.909006
61.82,1.515545
61.82,2.122888
61.8,2.731362
61.79,3.341297
61.78,3.953028
61.78,4.566898
61.78,5.183259
61.77,5.802471
61.77,6.424907
61.78,7.050952
61.79,7.681006
61.78,8.315488
61.77,8.954834
61.75,9.599501
61.75,10.24997
61.76,10.90676
61.73,11.5704
61.71,12.24148
61.71,12.92059
61.71,13.60841
61.68,14.30563
61.63,15.01303
63.63,15.73141
63.66,16.46168
63.67,17.20481
63.66,17.96188
63.65,18.73404
63.64,19.5226
63.65,20.32899
63.62,21.15481
63.61,22.00185
63.6,22.87213
63.58,23.76793
63.56,24.69184
63.57,25.64687
63.56,26.63647
63.55,27.66467
63.57,28.73624
63.61,29.85687
63.59,31.03341
63.61,32.27427
63.65,33.58996
63.68,34.99383
63.62,36.50335
63.62,38.14207
63.62,39.94304
60.8,-39.943
60.77,-38.1421
60.85,-36.5034
60.96,-34.9938
60.98,-33.59
61.03,-32.2743
61.07,-31.0334
61.1,-29.8569
61.11,-28.7362
61.13,-27.6647
61.14,-26.6365
61.17,-25.6469
61.2,-24.6918
61.24,-23.7679
61.25,-22.8721
61.27,-22.0019
61.28,-21.1548
61.28,-20.329
61.26,-19.5226
61.27,-18.734
61.31,-17.9619
61.32,-17.2048
61.32,-16.4617
61.33,-15.7314
63.35,-15.013
63.36,-14.3056
63.36,-13.6084
63.35,-12.9206
63.35,-12.2415
63.35,-11.5704
63.33,-10.9068
63.31,-10.25
63.31,-9.5995
63.3,-8.95483
63.31,-8.31549
63.3,-7.68101
63.29,-7.05095
63.29,-6.42491
63.28,-5.80247
63.29,-5.18326
63.29,-4.5669
63.3,-3.95303
63.31,-3.3413
63.33,-2.73136
63.32,-2.12289
63.32,-1.51555
63.31,-0.90901
63.3,-0.30295
61.29,0.302949
61.29,0.909006
61.3,1.515545
61.3,2.122888
61.28,2.731362
61.27,3.341297
61.26,3.953028
61.26,4.566898
61.26,5.183259
61.25,5.802471
61.25,6.424907
61.26,7.050952
61.27,7.681006
61.26,8.315488
61.25,8.954834
61.23,9.599501
61.23,10.24997
61.24,10.90676
61.21,11.5704
61.19,12.24148
61.19,12.92059
61.19,13.60841
61.16,14.30563
61.11,15.01303
63.11,15.73141
63.14,16.46168
63.15,17.20481
63.14,17.96188
63.13,18.73404
63.12,19.5226
63.13,20.32899
63.1,21.15481
63.09,22.00185
63.08,22.87213
63.06,23.76793
63.04,24.69184
63.05,25.64687
63.04,26.63647
63.03,27.66467
63.05,28.73624
63.09,29.85687
63.07,31.03341
63.09,32.27427
63.13,33.58996
63.16,34.99383
63.1,36.50335
63.1,38.14207
63.1,39.94304
60.28,-39.943
60.25,-38.1421
60.33,-36.5034
60.44,-34.9938
60.46,-33.59
60.51,-32.2743
60.55,-31.0334
60.58,-29.8569
60.59,-28.7362
60.61,-27.6647
60.62,-26.6365
60.65,-25.6469
60.68,-24.6918
60.72,-23.7679
60.73,-22.8721
60.75,-22.0019
60.76,-21.1548
60.76,-20.329
60.74,-19.5226
60.75,-18.734
60.79,-17.9619
60.8,-17.2048
60.8,-16.4617
60.81,-15.7314
62.83,-15.013
62.84,-14.3056
62.84,-13.6084
62.83,-12.9206
62.83,-12.2415
62.83,-11.5704
62.81,-10.9068
62.79,-10.25
62.79,-9.5995
62.78,-8.95483
62.79,-8.31549
62.78,-7.68101
62.77,-7.05095
62.77,-6.42491
62.76,-5.80247
62.77,-5.18326
62.77,-4.5669
62.78,-3.95303
62.79,-3.3413
62.81,-2.73136
62.8,-2.12289
62.8,-1.51555
62.79,-0.90901
62.78,-0.30295
60.77,0.302949
60.77,0.909006
60.78,1.515545
60.78,2.122888
60.76,2.731362
60.75,3.341297
60.74,3.953028
60.74,4.566898
60.74,5.183259
60.73,5.802471
60.73,6.424907
60.74,7.050952
60.75,7.681006
60.74,8.315488
60.73,8.954834
60.71,9.599501
60.71,10.24997
60.72,10.90676
60.69,11.5704
60.67,12.24148
60.67,12.92059
60.67,13.60841
60.64,14.30563
60.59,15.01303
62.59,15.73141
62.62,16.46168
62.63,17.20481
62.62,17.96188
62.61,18.73404
62.6,19.5226
62.61,20.32899
62.58,21.15481
62.57,22.00185
62.56,22.87213
62.54,23.76793
62.52,24.69184
62.53,25.64687
62.52,26.63647
62.51,27.66467
62.53,28.73624
62.57,29.85687
62.55,31.03341
62.57,32.27427
62.61,33.58996
62.64,34.99383
62.58,36.50335
62.58,38.14207
62.58,39.94304
59.76,-39.943
59.73,-38.1421
59.81,-36.5034
59.92,-34.9938
59.94,-33.59
59.99,-32.2743
60.03,-31.0334
60.06,-29.8569
60.07,-28.7362
60.09,-27.6647
60.1,-26.6365
60.13,-25.6469
60.16,-24.6918
60.2,-23.7679
60.21,-22.8721
60.23,-22.0019
60.24,-21.1548
60.24,-20.329
60.22,-19.5226
60.23,-18.734
60.27,-17.9619
60.28,-17.2048
60.28,-16.4617
60.29,-15.7314
62.31,-15.013
62.32,-14.3056
62.32,-13.6084
62.31,-12.9206
62.31,-12.2415
62.31,-11.5704
62.29,-10.9068
62.27,-10.25
62.27,-9.5995
62.26,-8.95483
62.27,-8.31549
62.26,-7.68101
62.25,-7.05095
62.25,-6.42491
62.24,-5.80247
62.25,-5.18326
62.25,-4.5669
62.26,-3.95303
62.27,-3.3413
62.29,-2.73136
62.28,-2.12289
62.28,-1.51555
62.27,-0.90901
62.26,-0.30295
60.25,0.302949
60.25,0.909006
60.26,1.515545
60.26,2.122888
60.24,2.731362
60.23,3.341297
60.22,3.953028
60.22,4.566898
60.22,5.183259
60.21,5.802471
60.21,6.424907
60.22,7.050952
60.23,7.681006
60.22,8.315488
60.21,8.954834
60.19,9.599501
60.19,10.24997
60.2,10.90676
60.17,11.5704
60.15,12.24148
60.15,12.92059
60.15,13.60841
60.12,14.30563
60.07,15.01303
62.07,15.73141
62.1,16.46168
62.11,17.20481
62.1,17.96188
62.09,18.73404
62.08,19.5226
62.09,20.32899
62.06,21.15481
62.05,22.00185
62.04,22.87213
62.02,23.76793
62.0,24.69184
62.01,25.64687
62.0,26.63647
61.99,27.66467
62.01,28.73624
62.05,29.85687
62.03,31.03341
62.05,32.27427
62.09,33.58996
62.12,34.99383
62.06,36.50335
62.06,38.14207
62.06,39.94304
59.23,-39.943
59.2,-38.1421
59.28,-36.5034
59.39,-34.9938
59.41,-33.59
59.46,-32.2743
59.5,-31.0334
59.53,-29.8569
59.54,-28.7362
59.56,-27.6647
59.57,-26.6365
59.6,-25.6469
59.63,-24.6918
59.67,-23.7679
59.68,-22.8721
59.7,-22.0019
59.71,-21.1548
59.71,-20.329
59.69,-19.5226
59.7,-18.734
59.74,-17.9619
59.75,-17.2048
59.75,-16.4617
59.76,-15.7314
61.78,-15.013
61.79,-14.3056
61.79,-13.6084
61.78,-12.9206
61.78,-12.2415
61.78,-11.5704
61.76,-10.9068
61.74,-10.25
61.74,-9.5995
61.73,-8.95483
61.74,-8.31549
61.73,-7.68101
61.72,-7.05095
61.72,-6.42491
61.71,-5.80247
61.72,-5.18326
61.72,-4.5669
61.73,-3.95303
61.74,-3.3413
61.76,-2.73136
61.75,-2.12289
61.75,-1.51555
61.74,-0.90901
61.73,-0.30295
59.72,0.302949
59.72,0.909006
59.73,1.515545
59.73,2.122888
59.71,2.731362
59.7,3.341297
59.69,3.953028
59.69,4.566898
59.69,5.183259
59.68,5.802471
59.68,6.424907
59.69,7.050952
59.7,7.681006
59.69,8.315488
59.68,8.954834
59.66,9.599501
59.66,10.24997
59.67,10.90676
59.64,11.5704
59.62,12.24148
59.62,12.92059
59.62,13.60841
59.59,14.30563
59.54,15.01303
61.54,15.73141
61.57,16.46168
61.58,17.20481
61.57,17.96188
61.56,18.73404
61.55,19.5226
61.56,20.32899
61.53,21.15481
61.52,22.00185
61.51,22.87213
61.49,23.76793
61.47,24.69184
61.48,25.64687
61.47,26.63647
61.46,27.66467
61.48,28.73624
61.52,29.85687
61.5,31.03341
61.52,32.27427
61.56,33.58996
61.59,34.99383
61.53,36.50335
61.53,38.14207
61.53,39.94304
58.71,-39.943
58.68,-38.1421
58.76,-36.5034
58.87,-34.9938
58.89,-33.59
58.94,-32.2743
58.98,-31.0334
59.01,-29.8569
59.02,-28.7362
59.04,-27.6647
59.05,-26.6365
59.08,-25.6469
59.11,-24.6918
59.15,-23.7679
59.16,-22.8721
59.18,-22.0019
59.19,-21.1548
59.19,-20.329
59.17,-19.5226
59.18,-18.734
59.22,-17.9619
59.23,-17.2048
59.23,-16.4617
59.24,-15.7314
61.26,-15.013
61.27,-14.3056
61.27,-13.6084
61.26,-12.9206
61.26,-12.2415
61.26,-11.5704
61.24,-10.9068
61.22,-10.25
61.22,-9.5995
61.21,-8.95483
61.22,-8.31549
61.21,-7.68101
61.2,-7.05095
61.2,-6.42491
61.19,-5.80247
61.2,-5.18326
61.2,-4.5669
61.21,-3.95303
61.22,-3.3413
61.24,-2.73136
61.23,-2.12289
61.23,-1.51555
61.22,-0.90901
61.21,-0.30295
59.2,0.302949
59.2,0.909006
59.21,1.515545
59.21,2.122888
59.19,2.731362
59.18,3.341297
59.17,3.953028
59.17,4.566898
59.17,5.183259
59.16,5.802471
59.16,6.424907
59.17,7.050952
59.18,7.681006
59.17,8.315488
59.16,8.954834
59.14,9.599501
59.14,10.24997
59.15,10.90676
59.12,11.5704
59.1,12.24148
59.1,12.92059
59.1,13.60841
59.07,14.30563
59.02,15.01303
61.02,15.73141
61.05,16.46168
61.06,17.20481
61.05,17.96188
61.04,18.73404
61.03,19.5226
61.04,20.32899
61.01,21.15481
61.0,22.00185
60.99,22.87213
60.97,23.76793
60.95,24.69184
60.96,25.64687
60.95,26.63647
60.94,27.66467
60.96,28.73624
61.0,29.85687
60.98,31.03341
61.0,32.27427
61.04,33.58996
61.07,34.99383
61.01,36.50335
61.01,38.14207
61.01,39.94304
58.19,-39.943
58.16,-38.1421
58.24,-36.5034
58.35,-34.9938
58.37,-33.59
58.42,-32.2743
58.46,-31.0334
58.49,-29.8569
58.5,-28.7362
58.52,-27.6647
58.53,-26.6365
58.56,-25.6469
58.59,-24.6918
58.63,-23.7679
58.64,-22.8721
58.66,-22.0019
58.67,-21.1548
58.67,-20.329
58.65,-19.5226
58.66,-18.734
58.7,-17.9619
58.71,-17.2048
58.71,-16.4617
58.72,-15.7314
60.74,-15.013
60.75,-14.3056
60.75,-13.6084
60.74,-12.9206
60.74,-12.2415
60.74,-11.5704
60.72,-10.9068
60.7,-10.25
60.7,-9.5995
60.69,-8.95483
60.7,-8.31549
60.69,-7.68101
60.68,-7.05095
60.68,-6.42491
60.67,-5.80247
60.68,-5.18326
60.68,-4.5669
60.69,-3.95303
60.7,-3.3413
60.72,-2.73136
60.71,-2.12289
60.71,-1.51555
60.7,-0.90901
60.69,-0.30295
58.68,0.302949
58.68,0.909006
58.69,1.515545
58.69,2.122888
58.67,2.731362
58.66,3.341297
58.65,3.953028
58.65,4.566898
58.65,5.183259
58.64,5.802471
58.64,6.424907
58.65,7.050952
58.66,7.681006
58.65,8.315488
58.64,8.954834
58.62,9.599501
58.62,10.24997
58.63,10.90676
58.6,11.5704
58.58,12.24148
58.58,12.92059
58.58,13.60841
58.55,14.30563
58.5,15.01303
60.5,15.73141
60.53,16.46168
60.54,17.20481
60.53,17.96188
60.52,18.73404
60.51,19.5226
60.52,20.32899
60.49,21.15481
60.48,22.00185
60.47,22.87213
60.45,23.76793
60.43,24.69184
60.44,25.64687
60.43,26.63647
60.42,27.66467
60.44,28.73624
60.48,29.85687
60.46,31.03341
60.48,32.27427
60.52,33.58996
60.55,34.99383
60.49,36.50335
60.49,38.14207
60.49,39.94304
57.67,-39.943
57.64,-38.1421
57.72,-36.5034
57.83,-34.9938
57.85,-33.59
57.9,-32.2743
57.94,-31.0334
57.97,-29.8569
57.98,-28.7362
58.0,-27.6647
58.01,-26.6365
58.04,-25.6469
58.07,-24.6918
58.11,-23.7679
58.12,-22.8721
58.14,-22.0019
58.15,-21.1548
58.15,-20.329
58.13,-19.5226
58.14,-18.734
58.18,-17.9619
58.19,-17.2048
58.19,-16.4617
58.2,-15.7314
60.22,-15.013
60.23,-14.3056
60.23,-13.6084
60.22,-12.9206
60.22,-12.2415
60.22,-11.5704
60.2,-10.9068
60.18,-10.25
60.18,-9.5995
60.17,-8.95483
60.18,-8.31549
60.17,-7.68101
60.16,-7.05095
60.16,-6.42491
60.15,-5.80247
60.16,-5.18326
60.16,-4.5669
60.17,-3.95303
60.18,-3.3413
60.2,-2.73136
60.19,-2.12289
60.19,-1.51555
60.18,-0.90901
60.17,-0.30295
58.16,0.302949
58.16,0.909006
58.17,1.515545
58.17,2.122888
58.15,2.731362
58.14,3.341297
58.13,3.953028
58.13,4.566898
58.13,5.183259
58.12,5.802471
58.12,6.424907
58.13,7.050952
58.14,7.681006
58.13,8.315488
58.12,8.954834
58.1,9.599501
58.1,10.24997
58.11,10.90676
58.08,11.5704
58.06,12.24148
58.06,12.92059
58.06,13.60841
58.03,14.30563
57.98,15.01303
59.98,15.73141
60.01,16.46168
60.02,17.20481
60.01,17.96188
60.0,18.73404
59.99,19.5226
60.0,20.32899
59.97,21.15481
59.96,22.00185
59.95,22.87213
59.93,23.76793
59.91,24.69184
59.92,25.64687
59.91,26.63647
59.9,27.66467
59.92,28.73624
59.96,29.85687
59.94,31.03341
59.96,32.27427
60.0,33.58996
60.03,34.99383
59.97,36.50335
59.97,38.14207
59.97,39.94304
57.14,-39.943
57.11,-38.1421
57.19,-36.5034
57.3,-34.9938
57.32,-33.59
57.37,-32.2743
57.41,-31.0334
57.44,-29.8569
57.45,-28.7362
57.47,-27.6647
57.48,-26.6365
57.51,-25.6469
57.54,-24.6918
57.58,-23.7679
57.59,-22.8721
57.61,-22.0019
57.62,-21.1548
57.62,-20.329
57.6,-19.5226
57.61,-18.734
57.65,-17.9619
57.66,-17.2048
57.66,-16.4617
57.67,-15.7314
59.69,-15.013
59.7,-14.3056
59.7,-13.6084
59.69,-12.9206
59.69,-12.2415
59.69,-11.5704
59.67,-10.9068
59.65,-10.25
59.65,-9.5995
59.64,-8.95483
59.65,-8.31549
59.64,-7.68101
59.63,-7.05095
59.63,-6.42491
59.62,-5.80247
59.63,-5.18326
59.63,-4.5669
59.64,-3.95303
59.65,-3.3413
59.67,-2.73136
59.66,-2.12289
59.66,-1.51555
59.65,-0.90901
59.64,-0.30295
57.63,0.302949
57.63,0.909006
57.64,1.515545
57.64,2.122888
57.62,2.731362
57.61,3.341297
57.6,3.953028
57.6,4.566898
57.6,5.183259
57.59,5.802471
57.59,6.424907
57.6,7.050952
57.61,7.681006
57.6,8.315488
57.59,8.954834
57.57,9.599501
57.57,10.24997
57.58,10.90676
57.55,11.5704
57.53,12.24148
57.53,12.92059
57.53,13.60841
57.5,14.30563
57.45,15.01303
59.45,15.73141
59.48,16.46168
59.49,17.20481
59.48,17.96188
59.47,18.73404
59.46,19.5226
59.47,20.32899
59.44,21.15481
59.43,22.00185
59.42,22.87213
59.4,23.76793
59.38,24.69184
59.39,25.64687
59.38,26.63647
59.37,27.66467
59.39,28.73624
59.43,29.85687
59.41,31.03341
59.43,32.27427
59.47,33.58996
59.5,34.99383
59.44,36.50335
59.44,38.14207
59.44,39.94304
56.62,-39.943
56.59,-38.1421
56.67,-36.5034
56.78,-34.9938
56.8,-33.59
56.85,-32.2743
56.89,-31.0334
56.92,-29.8569
56.93,-28.7362
56.95,-27.6647
56.96,-26.6365
56.99,-25.6469
57.02,-24.6918
57.06,-23.7679
57.07,-22.8721
57.09,-22.0019
57.1,-21.1548
57.1,-20.329
57.08,-19.5226
57.09,-18.734
57.13,-17.9619
57.14,-17.2048
57.14,-16.4617
57.15,-15.7314
59.17,-15.013
59.18,-14.3056
59.18,-13.6084
59.17,-12.9206
59.17,-12.2415
59.17,-11.5704
59.15,-10.9068
59.13,-10.25
59.13,-9.5995
59.12,-8.95483
59.13,-8.31549
59.12,-7.68101
59.11,-7.05095
59.11,-6.42491
59.1,-5.80247
59.11,-5.18326
59.11,-4.5669
59.12,-3.95303
59.13,-3.3413
59.15,-2.73136
59.14,-2.12289
59.14,-1.51555
59.13,-0.90901
59.12,-0.30295
57.11,0.302949
57.11,0.909006
57.12,1.515545
57.12,2.122888
57.1,2.731362
57.09,3.341297
57.08,3.953028
57.08,4.566898
57.08,5.183259
57.07,5.802471
57.07,6.424907
57.08,7.050952
57.09,7.681006
57.08,8.315488
57.07,8.954834
57.05,9.599501
57.05,10.24997
57.06,10.90676
57.03,11.5704
57.01,12.24148
57.01,12.92059
57.01,13.60841
56.98,14.30563
56.93,15.01303
58.93,15.73141
58.96,16.46168
58.97,17.20481
58.96,17.96188
58.95,18.73404
58.94,19.5226
58.95,20.32899
58.92,21.15481
58.91,22.00185
58.9,22.87213
58.88,23.76793
58.86,24.69184
58.87,25.64687
58.86,26.63647
58.85,27.66467
58.87,28.73624
58.91,29.85687
58.89,31.03341
58.91,32.27427
58.95,33.58996
58.98,34.99383
58.92,36.50335
58.92,38.14207
58.92,39.94304
56.1,-39.943
56.07,-38.1421
56.15,-36.5034
56.26,-34.9938
56.28,-33.59
56.33,-32.2743
56.37,-31.0334
56.4,-29.8569
56.41,-28.7362
56.43,-27.6647
56.44,-26.6365
56.47,-25.6469
56.5,-24.6918
56.54,-23.7679
56.55,-22.8721
56.57,-22.0019
56.58,-21.1548
56.58,-20.329
56.56,-19.5226
56.57,-18.734
56.61,-17.9619
56.62,-17.2048
56.62,-16.4617
56.63,-15.7314
58.65,-15.013
58.66,-14.3056
58.66,-13.6084
58.65,-12.9206
58.65,-12.2415
58.65,-11.5704
58.63,-10.9068
58.61,-10.25
58.61,-9.5995
58.6,-8.95483
58.61,-8.31549
58.6,-7.68101
58.59,-7.05095
58.59,-6.42491
58.58,-5.80247
58.59,-5.18326
58.59,-4.5669
58.6,-3.95303
58.61,-3.3413
58.63,-2.73136
58.62,-2.12289
58.62,-1.51555
58.61,-0.90901
58.6,-0.30295
56.59,0.302949
56.59,0.909006
56.6,1.515545
56.6,2.122888
56.58,2.731362
56.57,3.341297
56.56,3.953028
56.56,4.566898
56.56,5.183259
56.55,5.802471
56.55,6.424907
56.56,7.050952
56.57,7.681006
56.56,8.315488
56.55,8.954834
56.53,9.599501
56.53,10.24997
56.54,10.90676
56.51,11.5704
56.49,12.24148
56.49,12.92059
56.49,13.60841
56.46,14.30563
56.41,15.01303
58.41,15.73141
58.44,16.46168
58.45,17.20481
58.44,17.96188
58.43,18.73404
58.42,19.5226
58.43,20.32899
58.4,21.15481
58.39,22.00185
58.38,22.87213
58.36,23.76793
58.34,24.69184
58.35,25.64687
58.34,26.63647
58.33,27.66467
58.35,28.73624
58.39,29.85687
58.37,31.03341
58.39,32.27427
58.43,33.58996
58.46,34.99383
58.4,36.50335
58.4,38.14207
58.4,39.94304
55.58,-39.943
55.55,-38.1421
55.63,-36.5034
55.74,-34.9938
55.76,-33.59
55.81,-32.2743
55.85,-31.0334
55.88,-29.8569
55.89,-28.7362
55.91,-27.6647
55.92,-26.6365
55.95,-25.6469
55.98,-24.6918
56.02,-23.7679
56.03,-22.8721
56.05,-22.0019
56.06,-21.1548
56.06,-20.329
56.04,-19.5226
56.05,-18.734
56.09,-17.9619
56.1,-17.2048
56.1,-16.4617
56.11,-15.7314
58.13,-15.013
58.14,-14.3056
58.14,-13.6084
58.13,-12.9206
58.13,-12.2415
58.13,-11.5704
58.11,-10.9068
58.09,-10.25
58.09,-9.5995
58.08,-8.95483
58.09,-8.31549
58.08,-7.68101
58.07,-7.05095
58.07,-6.42491
58.06,-5.80247
58.07,-5.18326
58.07,-4.5669
58.08,-3.95303
58.09,-3.3413
58.11,-2.73136
58.1,-2.12289
58.1,-1.51555
58.09,-0.90901
58.08,-0.30295
56.07,0.302949
56.07,0.909006
56.08,1.515545
56.08,2.122888
56.06,2.731362
56.05,3.341297
56.04,3.953028
56.04,4.566898
56.04,5.183259
56.03,5.802471
56.03,6.424907
56.04,7.050952
56.05,7.681006
56.04,8.315488
56.03,8.954834
56.01,9.599501
56.01,10.24997
56.02,10.90676
55.99,11.5704
55.97,12.24148
55.97,12.92059
55.97,13.60841
55.94,14.30563
55.89,15.01303
57.89,15.73141
57.92,16.46168
57.93,17.20481
57.92,17.96188
57.91,18.73404
57.9,19.5226
57.91,20.32899
57.88,21.15481
57.87,22.00185
57.86,22.87213
57.84,23.76793
57.82,24.69184
57.83,25.64687
57.82,26.63647
57.81,27.66467
57.83,28.73624
57.87,29.85687
57.85,31.03341
57.87,32.27427
57.91,33.58996
57.94,34.99383
57.88,36.50335
57.88,38.14207
57.88,39.94304
55.05,-39.943
55.02,-38.1421
55.1,-36.5034
55.21,-34.9938
55.23,-33.59
55.28,-32.2743
55.32,-31.0334
55.35,-29.8569
55.36,-28.7362
55.38,-27.6647
55.39,-26.6365
55.42,-25.6469
55.45,-24.6918
55.49,-23.7679
55.5,-22.8721
55.52,-22.0019
55.53,-21.1548
55.53,-20.329
55.51,-19.5226
55.52,-18.734
55.56,-17.9619
55.57,-17.2048
55.57,-16.4617
55.58,-15.7314
57.6,-15.013
57.61,-14.3056
57.61,-13.6084
57.6,-12.9206
57.6,-12.2415
57.6,-11.5704
57.58,-10.9068
57.56,-10.25
57.56,-9.5995
57.55,-8.95483
57.56,-8.31549
57.55,-7.68101
57.54,-7.05095
57.54,-6.42491
57.53,-5.80247
57.54,-5.18326
57.54,-4.5669
57.55,-3.95303
57.56,-3.3413
57.58,-2.73136
57.57,-2.12289
57.57,-1.51555
57.56,-0.90901
57.55,-0.30295
55.54,0.302949
55.54,0.909006
55.55,1.515545
55.55,2.122888
55.53,2.731362
55.52,3.341297
55.51,3.953028
55.51,4.566898
55.51,5.183259
55.5,5.802471
55.5,6.424907
55.51,7.050952
55.52,7.681006
55.51,8.315488
55.5,8.954834
55.48,9.599501
55.48,10.24997
55.49,10.90676
55.46,11.5704
55.44,12.24148
55.44,12.92059
55.44,13.60841
55.41,14.30563
55.36,15.01303
57.36,15.73141
57.39,16.46168
57.4,17.20481
57.39,17.96188
57.38,18.73404
57.37,19.5226
57.38,20.32899
57.35,21.15481
57.34,22.00185
57.33,22.87213
57.31,23.76793
57.29,24.69184
57.3,25.64687
57.29,26.63647
57.28,27.66467
57.3,28.73624
57.34,29.85687
57.32,31.03341
57.34,32.27427
57.38,33.58996
57.41,34.99383
57.35,36.50335
57.35,38.14207
57.35,39.94304
54.53,-39.943
54.5,-38.1421
54.58,-36.5034
54.69,-34.9938
54.71,-33.59
54.76,-32.2743
54.8,-31.0334
54.83,-29.8569
54.84,-28.7362
54.86,-27.6647
54.87,-26.6365
54.9,-25.6469
54.93,-24.6918
54.97,-23.7679
54.98,-22.8721
55.0,-22.0019
55.01,-21.1548
55.01,-20.329
54.99,-19.5226
55.0,-18.734
55.04,-17.9619
55.05,-17.2048
55.05,-16.4617
55.06,-15.7314
57.08,-15.013
57.09,-14.3056
57.09,-13.6084
57.08,-12.9206
57.08,-12.2415
57.08,-11.5704
57.06,-10.9068
57.04,-10.25
57.04,-9.5995
57.03,-8.95483
57.04,-8.31549
57.03,-7.68101
57.02,-7.05095
57.02,-6.42491
57.01,-5.80247
57.02,-5.18326
57.02,-4.5669
57.03,-3.95303
57.04,-3.3413
57.06,-2.73136
57.05,-2.12289
57.05,-1.51555
57.04,-0.90901
57.03,-0.30295
55.02,0.302949
55.02,0.909006
55.03,1.515545
55.03,2.122888
55.01,2.731362
55.0,3.341297
54.99,3.953028
54.99,4.566898
54.99,5.183259
54.98,5.802471
54.98,6.424907
54.99,7.050952
55.0,7.681006
54.99,8.315488
54.98,8.954834
54.96,9.599501
54.96,10.24997
54.97,10.90676
54.94,11.5704
54.92,12.24148
54.92,12.92059
54.92,13.60841
54.89,14.30563
54.84,15.01303
56.84,15.73141
56.87,16.46168
56.88,17.20481
56.87,17.96188
56.86,18.73404
56.85,19.5226
56.86,20.32899
56.83,21.15481
56.82,22.00185
56.81,22.87213
56.79,23.76793
56.77,24.69184
56.78,25.64687
56.77,26.63647
56.76,27.66467
56.78,28.73624
56.82,29.85687
56.8,31.03341
56.82,32.27427
56.86,33.58996
56.89,34.99383
56.83,36.50335
56.83,38.14207
56.83,39.94304
54.01,-39.943
53.98,-38.1421
54.06,-36.5034
54.17,-34.9938
54.19,-33.59
54.24,-32.2743
54.28,-31.0334
54.31,-29.8569
54.32,-28.7362
54.34,-27.6647
54.35,-26.6365
54.38,-25.6469
54.41,-24.6918
54.45,-23.7679
54.46,-22.8721
54.48,-22.0019
54.49,-21.1548
54.49,-20.329
54.47,-19.5226
54.48,-18.734
54.52,-17.9619
54.53,-17.2048
54.53,-16.4617
54.54,-15.7314
56.56,-15.013
56.57,-14.3056
56.57,-13.6084
56.56,-12.9206
56.56,-12.2415
56.56,-11.5704
56.54,-10.9068
56.52,-10.25
56.52,-9.5995
56.51,-8.95483
56.52,-8.31549
56.51,-7.68101
56.5,-7.05095
56.5,-6.42491
56.49,-5.80247
56.5,-5.18326
56.5,-4.5669
56.51,-3.95303
56.52,-3.3413
56.54,-2.73136
56.53,-2.12289
56.53,-1.51555
56.52,-0.90901
56.51,-0.30295
54.5,0.302949
54.5,0.909006
54.51,1.515545
54.51,2.122888
54.49,2.731362
54.48,3.341297
54.47,3.953028
54.47,4.566898
54.47,5.183259
54.46,5.802471
54.46,6.424907
54.47,7.050952
54.48,7.681006
54.47,8.315488
54.46,8.954834
54.44,9.599501
54.44,10.24997
54.45,10.90676
54.42,11.5704
54.4,12.24148
54.4,12.92059
54.4,13.60841
54.37,14.30563
54.32,15.01303
56.32,15.73141
56.35,16.46168
56.36,17.20481
56.35,17.96188
56.34,18.73404
56.33,19.5226
56.34,20.32899
56.31,21.15481
56.3,22.00185
56.29,22.87213
56.27,23.76793
56.25,24.69184
56.26,25.64687
56.25,26.63647
56.24,27.66467
56.26,28.73624
56.3,29.85687
56.28,31.03341
56.3,32.27427
56.34,33.58996
56.37,34.99383
56.31,36.50335
56.31,38.14207
56.31,39.94304
53.49,-39.943
53.46,-38.1421
53.54,-36.5034
53.65,-34.9938
53.67,-33.59
53.72,-32.2743
53.76,-31.0334
53.79,-29.8569
53.8,-28.7362
53.82,-27.6647
53.83,-26.6365
53.86,-25.6469
53.89,-24.6918
53.93,-23.7679
53.94,-22.8721
53.96,-22.0019
53.97,-21.1548
53.97,-20.329
53.95,-19.5226
53.96,-18.734
54.0,-17.9619
54.01,-17.2048
54.01,-16.4617
54.02,-15.7314
56.04,-15.013
56.05,-14.3056
56.05,-13.6084
56.04,-12.9206
56.04,-12.2415
56.04,-11.5704
56.02,-10.9068
56.0,-10.25
56.0,-9.5995
55.99,-8.95483
56.0,-8.31549
55.99,-7.68101
55.98,-7.05095
55.98,-6.42491
55.97,-5.80247
55.98,-5.18326
55.98,-4.5669
55.99,-3.95303
56.0,-3.3413
56.02,-2.73136
56.01,-2.12289
56.01,-1.51555
56.0,-0.90901
55.99,-0.30295
53.98,0.302949
53.98,0.909006
53.99,1.515545
53.99,2.122888
53.97,2.731362
53.96,3.341297
53.95,3.953028
53.95,4.566898
53.95,5.183259
53.94,5.802471
53.94,6.424907
53.95,7.050952
53.96,7.681006
53.95,8.315488
53.94,8.954834
53.92,9.599501
53.92,10.24997
53.93,10.90676
53.9,11.5704
53.88,12.24148
53.88,12.92059
53.88,13.60841
53.85,14.30563
53.8,15.01303
55.8,15.73141
55.83,16.46168
55.84,17.20481
55.83,17.96188
55.82,18.73404
55.81,19.5226
55.82,20.32899
55.79,21.15481
55.78,22.00185
55.77,22.87213
55.75,23.76793
55.73,24.69184
55.74,25.64687
55.73,26.63647
55.72,27.66467
55.74,28.73624
55.78,29.85687
55.76,31.03341
55.78,32.27427
55.82,33.58996
55.85,34.99383
55.79,36.50335
55.79,38.14207
55.79,39.94304
52.96,-39.943
52.93,-38.1421
53.01,-36.5034
53.12,-34.9938
53.14,-33.59
53.19,-32.2743
53.23,-31.0334
53.26,-29.8569
53.27,-28.7362
53.29,-27.6647
53.3,-26.6365
53.33,-25.6469
53.36,-24.6918
53.4,-23.7679
53.41,-22.8721
53.43,-22.0019
53.44,-21.1548
53.44,-20.329
53.42,-19.5226
53.43,-18.734
53.47,-17.9619
53.48,-17.2048
53.48,-16.4617
53.49,-15.7314
55.51,-15.013
55.52,-14.3056
55.52,-13.6084
55.51,-12.9206
55.51,-12.2415
55.51,-11.5704
55.49,-10.9068
55.47,-10.25
55.47,-9.5995
55.46,-8.95483
55.47,-8.31549
55.46,-7.68101
55.45,-7.05095
55.45,-6.42491
55.44,-5.80247
55.45,-5.18326
55.45,-4.5669
55.46,-3.95303
55.47,-3.3413
55.49,-2.73136
55.48,-2.12289
55.48,-1.51555
55.47,-0.90901
55.46,-0.30295
53.45,0.302949
53.45,0.909006
53.46,1.515545
53.46,2.122888
53.44,2.731362
53.43,3.341297
53.42,3.953028
53.42,4.566898
53.42,5.183259
53.41,5.802471
53.41,6.424907
53.42,7.050952
53.43,7.681006
53.42,8.315488
53.41,8.954834
53.39,9.599501
53.39,10.24997
53.4,10.90676
53.37,11.5704
53.35,12.24148
53.35,12.92059
53.35,13.60841
53.32,14.30563
53.27,15.01303
55.27,15.73141
55.3,16.46168
55.31,17.20481
55.3,17.96188
55.29,18.73404
55.28,19.5226
55.29,20.32899
55.26,21.15481
55.25,22.00185
55.24,22.87213
55.22,23.76793
55.2,24.69184
55.21,25.64687
55.2,26.63647
55.19,27.66467
55.21,28.73624
55.25,29.85687
55.23,31.03341
55.25,32.27427
55.29,33.58996
55.32,34.99383
55.26,36.50335
55.26,38.14207
55.26,39.94304
52.44,-39.943
52.41,-38.1421
52.49,-36.5034
52.6,-34.9938
52.62,-33.59
52.67,-32.2743
52.71,-31.0334
52.74,-29.8569
52.75,-28.7362
52.77,-27.6647
52.78,-26.6365
52.81,-25.6469
52.84,-24.6918
52.88,-23.7679
52.89,-22.8721
52.91,-22.0019
52.92,-21.1548
52.92,-20.329
52.9,-19.5226
52.91,-18.734
52.95,-17.9619
52.96,-17.2048
52.96,-16.4617
52.97,-15.7314
54.99,-15.013
55.0,-14.3056
55.0,-13.6084
54.99,-12.9206
54.99,-12.2415
54.99,-11.5704
54.97,-10.9068
54.95,-10.25
54.95,-9.5995
54.94,-8.95483
54.95,-8.31549
54.94,-7.68101
54.93,-7.05095
54.93,-6.42491
54.92,-5.80247
54.93,-5.18326
54.93,-4.5669
54.94,-3.95303
54.95,-3.3413
54.97,-2.73136
54.96,-2.12289
54.96,-1.51555
54.95,-0.90901
54.94,-0.30295
52.93,0.302949
52.93,0.909006
52.94,1.515545
52.94,2.122888
52.92,2.731362
52.91,3.341297
52.9,3.953028
52.9,4.566898
52.9,5.183259
52.89,5.802471
52.89,6.424907
52.9,7.050952
52.91,7.681006
52.9,8.315488
52.89,8.954834
52.87,9.599501
52.87,10.24997
52.88,10.90676
52.85,11.5704
52.83,12.24148
52.83,12.92059
52.83,13.60841
52.8,14.30563
52.75,15.01303
54.75,15.73141
54.78,16.46168
54.79,17.20481
54.78,17.96188
54.77,18.73404
54.76,19.5226
54.77,20.32899
54.74,21.15481
54.73,22.00185
54.72,22.87213
54.7,23.76793
54.68,24.69184
54.69,25.64687
54.68,26.63647
54.67,27.66467
54.69,28.73624
54.73,29.85687
54.71,31.03341
54.73,32.27427
54.77,33.58996
54.8,34.99383
54.74,36.50335
54.74,38.14207
54.74,39.94304
51.92,-39.943
51.89,-38.1421
51.97,-36.5034
52.08,-34.9938
52.1,-33.59
52.15,-32.2743
52.19,-31.0334
52.22,-29.8569
52.23,-28.7362
52.25,-27.6647
52.26,-26.6365
52.29,-25.6469
52.32,-24.6918
52.36,-23.7679
52.37,-22.8721
52.39,-22.0019
52.4,-21.1548
52.4,-20.329
52.38,-19.5226
52.39,-18.734
52.43,-17.9619
52.44,-17.2048
52.44,-16.4617
52.45,-15.7314
54.47,-15.013
54.48,-14.3056
54.48,-13.6084
54.47,-12.9206
54.47,-12.2415
54.47,-11.5704
54.45,-10.9068
54.43,-10.25
54.43,-9.5995
54.42,-8.95483
54.43,-8.31549
54.42,-7.68101
54.41,-7.05095
54.41,-6.42491
54.4,-5.80247
54.41,-5.18326
54.41,-4.5669
54.42,-3.95303
54.43,-3.3413
54.45,-2.73136
54.44,-2.12289
54.44,-1.51555
54.43,-0.90901
54.42,-0.30295
52.41,0.302949
52.41,0.909006
52.42,1.515545
52.42,2.122888
52.4,2.731362
52.39,3.341297
52.38,3.953028
52.38,4.566898
52.38,5.183259
52.37,5.802471
52.37,6.424907
52.38,7.050952
52.39,7.681006
52.38,8.315488
52.37,8.954834
52.35,9.599501
52.35,10.24997
52.36,10.90676
52.33,11.5704
52.31,12.24148
52.31,12.92059
52.31,13.60841
52.28,14.30563
52.23,15.01303
54.23,15.73141
54.26,16.46168
54.27,17.20481
54.26,17.96188
54.25,18.73404
54.24,19.5226
54.25,20.32899
54.22,21.15481
54.21,22.00185
54.2,22.87213
54.18,23.76793
54.16,24.69184
54.17,25.64687
54.16,26.63647
54.15,27.66467
54.17,28.73624
54.21,29.85687
54.19,31.03341
54.21,32.27427
54.25,33.58996
54.28,34.99383
54.22,36.50335
54.22,38.14207
54.22,39.94304
51.4,-39.943
51.37,-38.1421
51.45,-36.5034
51.56,-34.9938
51.58,-33.59
51.63,-32.2743
51.67,-31.0334
51.7,-29.8569
51.71,-28.7362
51.73,-27.6647
51.74,-26.6365
51.77,-25.6469
51.8,-24.6918
51.84,-23.7679
51.85,-22.8721
51.87,-22.0019
51.88,-21.1548
51.88,-20.329
51.86,-19.5226
51.87,-18.734
51.91,-17.9619
51.92,-17.2048
51.92,-16.4617
51.93,-15.7314
53.95,-15.013
53.96,-14.3056
53.96,-13.6084
53.95,-12.9206
53.95,-12.2415
53.95,-11.5704
53.93,-10.9068
53.91,-10.25
53.91,-9.5995
53.9,-8.95483
53.91,-8.31549
53.9,-7.68101
53.89,-7.05095
53.89,-6.42491
53.88,-5.80247
53.89,-5.18326
53.89,-4.5669
53.9,-3.95303
53.91,-3.3413
53.93,-2.73136
53.92,-2.12289
53.92,-1.51555
53.91,-0.90901
53.9,-0.30295
51.89,0.302949
51.89,0.909006
51.9,1.515545
51.9,2.122888
51.88,2.731362
51.87,3.341297
51.86,3.953028
51.86,4.566898
51.86,5.183259
51.85,5.802471
51.85,6.424907
51.86,7.050952
51.87,7.681006
51.86,8.315488
51.85,8.954834
51.83,9.599501
51.83,10.24997
51.84,10.90676
51.81,11.5704
51.79,12.24148
51.79,12.92059
51.79,13.60841
51.76,14.30563
51.71,15.01303
53.71,15.73141
53.74,16.46168
53.75,17.20481
53.74,17.96188
53.73,18.73404
53.72,19.5226
53.73,20.32899
53.7,21.15481
53.69,22.00185
53.68,22.87213
53.66,23.76793
53.64,24.69184
53.65,25.64687
53.64,26.63647
53.63,27.66467
53.65,28.73624
53.69,29.85687
53.67,31.03341
53.69,32.27427
53.73,33.58996
53.76,34.99383
53.7,36.50335
53.7,38.14207
53.7,39.94304
50.87,-39.943
50.84,-38.1421
50.92,-36.5034
51.03,-34.9938
51.05,-33.59
51.1,-32.2743
51.14,-31.0334
51.17,-29.8569
51.18,-28.7362
51.2,-27.6647
51.21,-26.6365
51.24,-25.6469
51.27,-24.6918
51.31,-23.7679
51.32,-22.8721
51.34,-22.0019
51.35,-21.1548
51.35,-20.329
51.33,-19.5226
51.34,-18.734
51.38,-17.9619
51.39,-17.2048
51.39,-16.4617
51.4,-15.7314
53.42,-15.013
53.43,-14.3056
53.43,-13.6084
53.42,-12.9206
53.42,-12.2415
53.42,-11.5704
53.4,-10.9068
53.38,-10.25
53.38,-9.5995
53.37,-8.95483
53.38,-8.31549
53.37,-7.68101
53.36,-7.05095
53.36,-6.42491
53.35,-5.80247
53.36,-5.18326
53.36,-4.5669
53.37,-3.95303
53.38,-3.3413
53.4,-2.73136
53.39,-2.12289
53.39,-1.51555
53.38,-0.90901
53.37,-0.30295
51.36,0.302949
51.36,0.909006
51.37,1.515545
51.37,2.122888
51.35,2.731362
51.34,3.341297
51.33,3.953028
51.33,4.566898
51.33,5.183259
51.32,5.802471
51.32,6.424907
51.33,7.050952
51.34,7.681006
51.33,8.315488
51.32,8.954834
51.3,9.599501
51.3,10.24997
51.31,10.90676
51.28,11.5704
51.26,12.24148
51.26,12.92059
51.26,13.60841
51.23,14.30563
51.18,15.01303
53.18,15.73141
53.21,16.46168
53.22,17.20481
53.21,17.96188
53.2,18.73404
53.19,19.5226
53.2,20.32899
53.17,21.15481
53.16,22.00185
53.15,22.87213
53.13,23.76793
53.11,24.69184
53.12,25.64687
53.11,26.63647
53.1,27.66467
53.12,28.73624
53.16,29.85687
53.14,31.03341
53.16,32.27427
53.2,33.58996
53.23,34.99383
53.17,36.50335
53.17,38.14207
53.17,39.94304
50.35,-39.943
50.32,-38.1421
50.4,-36.5034
50.51,-34.9938
50.53,-33.59
50.58,-32.2743
50.62,-31.0334
50.65,-29.8569
50.66,-28.7362
50.68,-27.6647
50.69,-26.6365
50.72,-25.6469
50.75,-24.6918
50.79,-23.7679
50.8,-22.8721
50.82,-22.0019
50.83,-21.1548
50.83,-20.329
50.81,-19.5226
50.82,-18.734
50.86,-17.9619
50.87,-17.2048
50.87,-16.4617
50.88,-15.7314
52.9,-15.013
52.91,-14.3056
52.91,-13.6084
52.9,-12.9206
52.9,-12.2415
52.9,-11.5704
52.88,-10.9068
52.86,-10.25
52.86,-9.5995
52.85,-8.95483
52.86,-8.31549
52.85,-7.68101
52.84,-7.05095
52.84,-6.42491
52.83,-5.80247
52.84,-5.18326
52.84,-4.5669
52.85,-3.95303
52.86,-3.3413
52.88,-2.73136
52.87,-2.12289
52.87,-1.51555
52.86,-0.90901
52.85,-0.30295
50.84,0.302949
50.84,0.909006
50.85,1.515545
50.85,2.122888
50.83,2.731362
50.82,3.341297
50.81,3.953028
50.81,4.566898
50.81,5.183259
50.8,5.802471
50.8,6.424907
50.81,7.050952
50.82,7.681006
50.81,8.315488
50.8,8.954834
50.78,9.599501
50.78,10.24997
50.79,10.90676
50.76,11.5704
50.74,12.24148
50.74,12.92059
50.74,13.60841
50.71,14.30563
50.66,15.01303
52.66,15.73141
52.69,16.46168
52.7,17.20481
52.69,17.96188
52.68,18.73404
52.67,19.5226
52.68,20.32899
52.65,21.15481
52.64,22.00185
52.63,22.87213
52.61,23.76793
52.59,24.69184
52.6,25.64687
52.59,26.63647
52.58,27.66467
52.6,28.73624
52.64,29.85687
52.62,31.03341
52.64,32.27427
52.68,33.58996
52.71,34.99383
52.65,36.50335
52.65,38.14207
52.65,39.94304
49.83,-39.943
49.8,-38.1421
49.88,-36.5034
49.99,-34.9938
50.01,-33.59
50.06,-32.2743
50.1,-31.0334
50.13,-29.8569
50.14,-28.7362
50.16,-27.6647
50.17,-26.6365
50.2,-25.6469
50.23,-24.6918
50.27,-23.7679
50.28,-22.8721
50.3,-22.0019
50.31,-21.1548
50.31,-20.329
50.29,-19.5226
50.3,-18.734
50.34,-17.9619
50.35,-17.2048
50.35,-16.4617
50.36,-15.7314
52.38,-15.013
52.39,-14.3056
52.39,-13.6084
52.38,-12.9206
52.38,-12.2415
52.38,-11.5704
52.36,-10.9068
52.34,-10.25
52.34,-9.5995
52.33,-8.95483
52.34,-8.31549
52.33,-7.68101
52.32,-7.05095
52.32,-6.42491
52.31,-5.80247
52.32,-5.18326
52.32,-4.5669
52.33,-3.95303
52.34,-3.3413
52.36,-2.73136
52.35,-2.12289
52.35,-1.51555
52.34,-0.90901
52.33,-0.30295
50.32,0.302949
50.32,0.909006
50.33,1.515545
50.33,2.122888
50.31,2.731362
50.3,3.341297
50.29,3.953028
50.29,4.566898
50.29,5.183259
50.28,5.802471
50.28,6.424907
50.29,7.050952
50.3,7.681006
50.29,8.315488
50.28,8.954834
50.26,9.599501
50.26,10.24997
50.27,10.90676
50.24,11.5704
50.22,12.24148
50.22,12.92059
50.22,13.60841
50.19,14.30563
50.14,15.01303
52.14,15.73141
52.17,16.46168
52.18,17.20481
52.17,17.96188
52.16,18.73404
52.15,19.5226
52.16,20.32899
52.13,21.15481
52.12,22.00185
52.11,22.87213
52.09,23.76793
52.07,24.69184
52.08,25.64687
52.07,26.63647
52.06,27.66467
52.08,28.73624
52.12,29.85687
52.1,31.03341
52.12,32.27427
52.16,33.58996
52.19,34.99383
52.13,36.50335
52.13,38.14207
52.13,39.94304
49.31,-39.943
49.28,-38.1421
49.36,-36.5034
49.47,-34.9938
49.49,-33.59
49.54,-32.2743
49.58,-31.0334
49.61,-29.8569
49.62,-28.7362
49.64,-27.6647
49.65,-26.6365
49.68,-25.6469
49.71,-24.6918
49.75,-23.7679
49.76,-22.8721
49.78,-22.0019
49.79,-21.1548
49.79,-20.329
49.77,-19.5226
49.78,-18.734
49.82,-17.9619
49.83,-17.2048
49.83,-16.4617
49.84,-15.7314
51.86,-15.013
51.87,-14.3056
51.87,-13.6084
51.86,-12.9206
51.86,-12.2415
51.86,-11.5704
51.84,-10.9068
51.82,-10.25
51.82,-9.5995
51.81,-8.95483
51.82,-8.31549
51.81,-7.68101
51.8,-7.05095
51.8,-6.42491
51.79,-5.80247
51.8,-5.18326
51.8,-4.5669
51.81,-3.95303
51.82,-3.3413
51.84,-2.73136
51.83,-2.12289
51.83,-1.51555
51.82,-0.90901
51.81,-0.30295
49.8,0.302949
49.8,0.909006
49.81,1.515545
49.81,2.122888
49.79,2.731362
49.78,3.341297
49.77,3.953028
49.77,4.566898
49.77,5.183259
49.76,5.802471
49.76,6.424907
49.77,7.050952
49.78,7.681006
49.77,8.315488
49.76,8.954834
49.74,9.599501
49.74,10.24997
49.75,10.90676
49.72,11.5704
49.7,12.24148
49.7,12.92059
49.7,13.60841
49.67,14.30563
49.62,15.01303
51.62,15.73141
51.65,16.46168
51.66,17.20481
51.65,17.96188
51.64,18.73404
51.63,19.5226
51.64,20.32899
51.61,21.15481
51.6,22.00185
51.59,22.87213
51.57,23.76793
51.55,24.69184
51.56,25.64687
51.55,26.63647
51.54,27.66467
51.56,28.73624
51.6,29.85687
51.58,31.03341
51.6,32.27427
51.64,33.58996
51.67,34.99383
51.61,36.50335
51.61,38.14207
51.61,39.94304
48.78,-39.943
48.75,-38.1421
48.83,-36.5034
48.94,-34.9938
48.96,-33.59
49.01,-32.2743
49.05,-31.0334
49.08,-29.8569
49.09,-28.7362
49.11,-27.6647
49.12,-26.6365
49.15,-25.6469
49.18,-24.6918
49.22,-23.7679
49.23,-22.8721
49.25,-22.0019
49.26,-21.1548
49.26,-20.329
49.24,-19.5226
49.25,-18.734
49.29,-17.9619
49.3,-17.2048
49.3,-16.4617
49.31,-15.7314
51.33,-15.013
51.34,-14.3056
51.34,-13.6084
51.33,-12.9206
51.33,-12.2415
51.33,-11.5704
51.31,-10.9068
51.29,-10.25
51.29,-9.5995
51.28,-8.95483
51.29,-8.31549
51.28,-7.68101
51.27,-7.05095
51.27,-6.42491
51.26,-5.80247
51.27,-5.18326
51.27,-4.5669
51.28,-3.95303
51.29,-3.3413
51.31,-2.73136
51.3,-2.12289
51.3,-1.51555
51.29,-0.90901
51.28,-0.30295
49.27,0.302949
49.27,0.909006
49.28,1.515545
49.28,2.122888
49.26,2.731362
49.25,3.341297
49.24,3.953028
49.24,4.566898
49.24,5.183259
49.23,5.802471
49.23,6.424907
49.24,7.050952
49.25,7.681006
49.24,8.315488
49.23,8.954834
49.21,9.599501
49.21,10.24997
49.22,10.90676
49.19,11.5704
49.17,12.24148
49.17,12.92059
49.17,13.60841
49.14,14.30563
49.09,15.01303
51.09,15.73141
51.12,16.46168
51.13,17.20481
51.12,17.96188
51.11,18.73404
51.1,19.5226
51.11,20.32899
51.08,21.15481
51.07,22.00185
51.06,22.87213
51.04,23.76793
51.02,24.69184
51.03,25.64687
51.02,26.63647
51.01,27.66467
51.03,28.73624
51.07,29.85687
51.05,31.03341
51.07,32.27427
51.11,33.58996
51.14,34.99383
51.08,36.50335
51.08,38.14207
51.08,39.94304
48.26,-39.943
48.23,-38.1421
48.31,-36.5034
48.42,-34.9938
48.44,-33.59
48.49,-32.2743
48.53,-31.0334
48.56,-29.8569
48.57,-28.7362
48.59,-27.6647
48.6,-26.6365
48.63,-25.6469
48.66,-24.6918
48.7,-23.7679
48.71,-22.8721
48.73,-22.0019
48.74,-21.1548
48.74,-20.329
48.72,-19.5226
48.73,-18.734
48.77,-17.9619
48.78,-17.2048
48.78,-16.4617
48.79,-15.7314
50.81,-15.013
50.82,-14.3056
50.82,-13.6084
50.81,-12.9206
50.81,-12.2415
50.81,-11.5704
50.79,-10.9068
50.77,-10.25
50.77,-9.5995
50.76,-8.95483
50.77,-8.31549
50.76,-7.68101
50.75,-7.05095
50.75,-6.42491
50.74,-5.80247
50.75,-5.18326
50.75,-4.5669
50.76,-3.95303
50.77,-3.3413
50.79,-2.73136
50.78,-2.12289
50.78,-1.51555
50.77,-0.90901
50.76,-0.30295
48.75,0.302949
48.75,0.909006
48.76,1.515545
48.76,2.122888
48.74,2.731362
48.73,3.341297
48.72,3.953028
48.72,4.566898
48.72,5.183259
48.71,5.802471
48.71,6.424907
48.72,7.050952
48.73,7.681006
48.72,8.315488
48.71,8.954834
48.69,9.599501
48.69,10.24997
48.7,10.90676
48.67,11.5704
48.65,12.24148
48.65,12.92059
48.65,13.60841
48.62,14.30563
48.57,15.01303
50.57,15.73141
50.6,16.46168
50.61,17.20481
50.6,17.96188
50.59,18.73404
50.58,19.5226
50.59,20.32899
50.56,21.15481
50.55,22.00185
50.54,22.87213
50.52,23.76793
50.5,24.69184
50.51,25.64687
50.5,26.63647
50.49,27.66467
50.51,28.73624
50.55,29.85687
50.53,31.03341
50.55,32.27427
50.59,33.58996
50.62,34.99383
50.56,36.50335
50.56,38.14207
50.56,39.94304
47.74,-39.943
47.71,-38.1421
47.79,-36.5034
47.9,-34.9938
47.92,-33.59
47.97,-32.2743
48.01,-31.0334
48.04,-29.8569
48.05,-28.7362
48.07,-27.6647
48.08,-26.6365
48.11,-25.6469
48.14,-24.6918
48.18,-23.7679
48.19,-22.8721
48.21,-22.0019
48.22,-21.1548
48.22,-20.329
48.2,-19.5226
48.21,-18.734
48.25,-17.9619
48.26,-17.2048
48.26,-16.4617
48.27,-15.7314
50.29,-15.013
50.3,-14.3056
50.3,-13.6084
50.29,-12.9206
50.29,-12.2415
50.29,-11.5704
50.27,-10.9068
50.25,-10.25
50.25,-9.5995
50.24,-8.95483
50.25,-8.31549
50.24,-7.68101
50.23,-7.05095
50.23,-6.42491
50.22,-5.80247
50.23,-5.18326
50.23,-4.5669
50.24,-3.95303
50.25,-3.3413
50.27,-2.73136
50.26,-2.12289
50.26,-1.51555
50.25,-0.90901
50.24,-0.30295
48.23,0.302949
48.23,0.909006
48.24,1.515545
48.24,2.122888
48.22,2.731362
48.21,3.341297
48.2,3.953028
48.2,4.566898
48.2,5.183259
48.19,5.802471
48.19,6.424907
48.2,7.050952
48.21,7.681006
48.2,8.315488
48.19,8.954834
48.17,9.599501
48.17,10.24997
48.18,10.90676
48.15,11.5704
48.13,12.24148
48.13,12.92059
48.13,13.60841
48.1,14.30563
48.05,15.01303
50.05,15.73141
50.08,16.46168
50.09,17.20481
50.08,17.96188
50.07,18.73404
50.06,19.5226
50.07,20.32899
50.04,21.15481
50.03,22.00185
50.02,22.87213
50.0,23.76793
49.98,24.69184
49.99,25.64687
49.98,26.63647
49.97,27.66467
49.99,28.73624
50.03,29.85687
50.01,31.03341
50.03,32.27427
50.07,33.58996
50.1,34.99383
50.04,36.50335
50.04,38.14207
50.04,39.94304
47.22,-39.943
47.19,-38.1421
47.27,-36.5034
47.38,-34.9938
47.4,-33.59
47.45,-32.2743
47.49,-31.0334
47.52,-29.8569
47.53,-28.7362
47.55,-27.6647
47.56,-26.6365
47.59,-25.6469
47.62,-24.6918
47.66,-23.7679
47.67,-22.8721
47.69,-22.0019
47.7,-21.1548
47.7,-20.329
47.68,-19.5226
47.69,-18.734
47.73,-17.9619
47.74,-17.2048
47.74,-16.4617
47.75,-15.7314
49.77,-15.013
49.78,-14.3056
49.78,-13.6084
49.77,-12.9206
49.77,-12.2415
49.77,-11.5704
49.75,-10.9068
49.73,-10.25
49.73,-9.5995
49.72,-8.95483
49.73,-8.31549
49.72,-7.68101
49.71,-7.05095
49.71,-6.42491
49.7,-5.80247
49.71,-5.18326
49.71,-4.5669
49.72,-3.95303
49.73,-3.3413
49.75,-2.73136
49.74,-2.12289
49.74,-1.51555
49.73,-0.90901
49.72,-0.30295
47.71,0.302949
47.71,0.909006
47.72,1.515545
47.72,2.122888
47.7,2.731362
47.69,3.341297
47.68,3.953028
47.68,4.566898
47.68,5.183259
47.67,5.802471
47.67,6.424907
47.68,7.050952
47.69,7.681006
47.68,8.315488
47.67,8.954834
47.65,9.599501
47.65,10.24997
47.66,10.90676
47.63,11.5704
47.61,12.24148
47.61,12.92059
47.61,13.60841
47.58,14.30563
47.53,15.01303
49.53,15.73141
49.56,16.46168
49.57,17.20481
49.56,17.96188
49.55,18.73404
49.54,19.5226
49.55,20.32899
49.52,21.15481
49.51,22.00185
49.5,22.87213
49.48,23.76793
49.46,24.69184
49.47,25.64687
49.46,26.63647
49.45,27.66467
49.47,28.73624
49.51,29.85687
49.49,31.03341
49.51,32.27427
49.55,33.58996
49.58,34.99383
49.52,36.50335
49.52,38.14207
49.52,39.94304
46.69,-39.943
46.66,-38.1421
46.74,-36.5034
46.85,-34.9938
46.87,-33.59
46.92,-32.2743
46.96,-31.0334
46.99,-29.8569
47.0,-28.7362
47.02,-27.6647
47.03,-26.6365
47.06,-25.6469
47.09,-24.6918
47.13,-23.7679
47.14,-22.8721
47.16,-22.0019
47.17,-21.1548
47.17,-20.329
47.15,-19.5226
47.16,-18.734
47.2,-17.9619
47.21,-17.2048
47.21,-16.4617
47.22,-15.7314
49.24,-15.013
49.25,-14.3056
49.25,-13.6084
49.24,-12.9206
49.24,-12.2415
49.24,-11.5704
49.22,-10.9068
49.2,-10.25
49.2,-9.5995
49.19,-8.95483
49.2,-8.31549
49.19,-7.68101
49.18,-7.05095
49.18,-6.42491
49.17,-5.80247
49.18,-5.18326
49.18,-4.5669
49.19,-3.95303
49.2,-3.3413
49.22,-2.73136
49.21,-2.12289
49.21,-1.51555
49.2,-0.90901
49.19,-0.30295
47.18,0.302949
47.18,0.909006
47.19,1.515545
47.19,2.122888
47.17,2.731362
47.16,3.341297
47.15,3.953028
47.15,4.566898
47.15,5.183259
47.14,5.802471
47.14,6.424907
47.15,7.050952
47.16,7.681006
47.15,8.315488
47.14,8.954834
47.12,9.599501
47.12,10.24997
47.13,10.90676
47.1,11.5704
47.08,12.24148
47.08,12.92059
47.08,13.60841
47.05,14.30563
47.0,15.01303
49.0,15.73141
49.03,16.46168
49.04,17.20481
49.03,17.96188
49.02,18.73404
49.01,19.5226
49.02,20.32899
48.99,21.15481
48.98,22.00185
48.97,22.87213
48.95,23.76793
48.93,24.69184
48.94,25.64687
48.93,26.63647
48.92,27.66467
48.94,28.73624
48.98,29.85687
48.96,31.03341
48.98,32.27427
49.02,33.58996
49.05,34.99383
48.99,36.50335
48.99,38.14207
48.99,39.94304
46.17,-39.943
46.14,-38.1421
46.22,-36.5034
46.33,-34.9938
46.35,-33.59
46.4,-32.2743
46.44,-31.0334
46.47,-29.8569
46.48,-28.7362
46.5,-27.6647
46.51,-26.6365
46.54,-25.6469
46.57,-24.6918
46.61,-23.7679
46.62,-22.8721
46.64,-22.0019
46.65,-21.1548
46.65,-20.329
46.63,-19.5226
46.64,-18.734
46.68,-17.9619
46.69,-17.2048
46.69,-16.4617
46.7,-15.7314
48.72,-15.013
48.73,-14.3056
48.73,-13.6084
48.72,-12.9206
48.72,-12.2415
48.72,-11.5704
48.7,-10.9068
48.68,-10.25
48.68,-9.5995
48.67,-8.95483
48.68,-8.31549
48.67,-7.68101
48.66,-7.05095
48.66,-6.42491
48.65,-5.80247
48.66,-5.18326
48.66,-4.5669
48.67,-3.95303
48.68,-3.3413
48.7,-2.73136
48.69,-2.12289
48.69,-1.51555
48.68,-0.90901
48.67,-0.30295
46.66,0.302949
46.66,0.909006
46.67,1.515545
46.67,2.122888
46.65,2.731362
46.64,3.341297
46.63,3.953028
46.63,4.566898
46.63,5.183259
46.62,5.802471
46.62,6.424907
46.63,7.050952
46.64,7.681006
46.63,8.315488
46.62,8.954834
46.6,9.599501
46.6,10.24997
46.61,10.90676
46.58,11.5704
46.56,12.24148
46.56,12.92059
46.56,13.60841
46.53,14.30563
46.48,15.01303
48.48,15.73141
48.51,16.46168
48.52,17.20481
48.51,17.96188
48.5,18.73404
48.49,19.5226
48.5,20.32899
48.47,21.15481
48.46,22.00185
48.45,22.87213
48.43,23.76793
48.41,24.69184
48.42,25.64687
48.41,26.63647
48.4,27.66467
48.42,28.73624
48.46,29.85687
48.44,31.03341
48.46,32.27427
48.5,33.58996
48.53,34.99383
48.47,36.50335
48.47,38.14207
48.47,39.94304
45.65,-39.943
45.62,-38.1421
45.7,-36.5034
45.81,-34.9938
45.83,-33.59
45.88,-32.2743
45.92,-31.0334
45.95,-29.8569
45.96,-28.7362
45.98,-27.6647
45.99,-26.6365
46.02,-25.6469
46.05,-24.6918
46.09,-23.7679
46.1,-22.8721
46.12,-22.0019
46.13,-21.1548
46.13,-20.329
46.11,-19.5226
46.12,-18.734
46.16,-17.9619
46.17,-17.2048
46.17,-16.4617
46.18,-15.7314
48.2,-15.013
48.21,-14.3056
48.21,-13.6084
48.2,-12.9206
48.2,-12.2415
48.2,-11.5704
48.18,-10.9068
48.16,-10.25
48.16,-9.5995
48.15,-8.95483
48.16,-8.31549
48.15,-7.68101
48.14,-7.05095
48.14,-6.42491
48.13,-5.80247
48.14,-5.18326
48.14,-4.5669
48.15,-3.95303
48.16,-3.3413
48.18,-2.73136
48.17,-2.12289
48.17,-1.51555
48.16,-0.90901
48.15,-0.30295
46.14,0.302949
46.14,0.909006
46.15,1.515545
46.15,2.122888
46.13,2.731362
46.12,3.341297
46.11,3.953028
46.11,4.566898
46.11,5.183259
46.1,5.802471
46.1,6.424907
46.11,7.050952
46.12,7.681006
46.11,8.315488
46.1,8.954834
46.08,9.599501
46.08,10.24997
46.09,10.90676
46.06,11.5704
46.04,12.24148
46.04,12.92059
46.04,13.60841
46.01,14.30563
45.96,15.01303
47.96,15.73141
47.99,16.46168
48.0,17.20481
47.99,17.96188
47.98,18.73404
47.97,19.5226
47.98,20.32899
47.95,21.15481
47.94,22.00185
47.93,22.87213
47.91,23.76793
47.89,24.69184
47.9,25.64687
47.89,26.63647
47.88,27.66467
47.9,28.73624
47.94,29.85687
47.92,31.03341
47.94,32.27427
47.98,33.58996
48.01,34.99383
47.95,36.50335
47.95,38.14207
47.95,39.94304
45.13,-39.943
45.1,-38.1421
45.18,-36.5034
45.29,-34.9938
45.31,-33.59
45.36,-32.2743
45.4,-31.0334
45.43,-29.8569
45.44,-28.7362
45.46,-27.6647
45.47,-26.6365
45.5,-25.6469
45.53,-24.6918
45.57,-23.7679
45.58,-22.8721
45.6,-22.0019
45.61,-21.1548
45.61,-20.329
45.59,-19.5226
45.6,-18.734
45.64,-17.9619
45.65,-17.2048
45.65,-16.4617
45.66,-15.7314
47.68,-15.013
47.69,-14.3056
47.69,-13.6084
47.68,-12.9206
47.68,-12.2415
47.68,-11.5704
47.66,-10.9068
47.64,-10.25
47.64,-9.5995
47.63,-8.95483
47.64,-8.31549
47.63,-7.68101
47.62,-7.05095
47.62,-6.42491
47.61,-5.80247
47.62,-5.18326
47.62,-4.5669
47.63,-3.95303
47.64,-3.3413
47.66,-2.73136
47.65,-2.12289
47.65,-1.51555
47.64,-0.90901
47.63,-0.30295
45.62,0.302949
45.62,0.909006
45.63,1.515545
45.63,2.122888
45.61,2.731362
45.6,3.341297
45.59,3.953028
45.59,4.566898
45.59,5.183259
45.58,5.802471
45.58,6.424907
45.59,7.050952
45.6,7.681006
45.59,8.315488
45.58,8.954834
45.56,9.599501
45.56,10.24997
45.57,10.90676
45.54,11.5704
45.52,12.24148
45.52,12.92059
45.52,13.60841
45.49,14.30563
45.44,15.01303
47.44,15.73141
47.47,16.46168
47.48,17.20481
47.47,17.96188
47.46,18.73404
47.45,19.5226
47.46,20.32899
47.43,21.15481
47.42,22.00185
47.41,22.87213
47.39,23.76793
47.37,24.69184
47.38,25.64687
47.37,26.63647
47.36,27.66467
47.38,28.73624
47.42,29.85687
47.4,31.03341
47.42,32.27427
47.46,33.58996
47.49,34.99383
47.43,36.50335
47.43,38.14207
47.43,39.94304
44.6,-39.943
44.57,-38.1421
44.65,-36.5034
44.76,-34.9938
44.78,-33.59
44.83,-32.2743
44.87,-31.0334
44.9,-29.8569
44.91,-28.7362
44.93,-27.6647
44.94,-26.6365
44.97,-25.6469
45.0,-24.6918
45.04,-23.7679
45.05,-22.8721
45.07,-22.0019
45.08,-21.1548
45.08,-20.329
45.06,-19.5226
45.07,-18.734
45.11,-17.9619
45.12,-17.2048
45.12,-16.4617
45.13,-15.7314
47.15,-15.013
47.16,-14.3056
47.16,-13.6084
47.15,-12.9206
47.15,-12.2415
47.15,-11.5704
47.13,-10.9068
47.11,-10.25
47.11,-9.5995
47.1,-8.95483
47.11,-8.31549
47.1,-7.68101
47.09,-7.05095
47.09,-6.42491
47.08,-5.80247
47.09,-5.18326
47.09,-4.5669
47.1,-3.95303
47.11,-3.3413
47.13,-2.73136
47.12,-2.12289
47.12,-1.51555
47.11,-0.90901
47.1,-0.30295
45.09,0.302949
45.09,0.909006
45.1,1.515545
45.1,2.122888
45.08,2.731362
45.07,3.341297
45.06,3.953028
45.06,4.566898
45.06,5.183259
45.05,5.802471
45.05,6.424907
45.06,7.050952
45.07,7.681006
45.06,8.315488
45.05,8.954834
45.03,9.599501
45.03,10.24997
45.04,10.90676
45.01,11.5704
44.99,12.24148
44.99,12.92059
44.99,13.60841
44.96,14.30563
44.91,15.01303
46.91,15.73141
46.94,16.46168
46.95,17.20481
46.94,17.96188
46.93,18.73404
46.92,19.5226
46.93,20.32899
46.9,21.15481
46.89,22.00185
46.88,22.87213
46.86,23.76793
46.84,24.69184
46.85,25.64687
46.84,26.63647
46.83,27.66467
46.85,28.73624
46.89,29.85687
46.87,31.03341
46.89,32.27427
46.93,33.58996
46.96,34.99383
46.9,36.50335
46.9,38.14207
46.9,39.94304
44.08,-39.943
44.05,-38.1421
44.13,-36.5034
44.24,-34.9938
44.26,-33.59
44.31,-32.2743
44.35,-31.0334
44.38,-29.8569
44.39,-28.7362
44.41,-27.6647
44.42,-26.6365
44.45,-25.6469
44.48,-24.6918
44.52,-23.7679
44.53,-22.8721
44.55,-22.0019
44.56,-21.1548
44.56,-20.329
44.54,-19.5226
44.55,-18.734
44.59,-17.9619
44.6,-17.2048
44.6,-16.4617
44.61,-15.7314
46.63,-15.013
46.64,-14.3056
46.64,-13.6084
46.63,-12.9206
46.63,-12.2415
46.63,-11.5704
46.61,-10.9068
46.59,-10.25
46.59,-9.5995
46.58,-8.95483
46.59,-8.31549
46.58,-7.68101
46.57,-7.05095
46.57,-6.42491
46.56,-5.80247
46.57,-5.18326
46.57,-4.5669
46.58,-3.95303
46.59,-3.3413
46.61,-2.73136
46.6,-2.12289
46.6,-1.51555
46.59,-0.90901
46.58,-0.30295
44.57,0.302949
44.57,0.909006
44.58,1.515545
44.58,2.122888
44.56,2.731362
44.55,3.341297
44.54,3.953028
44.54,4.566898
44.54,5.183259
44.53,5.802471
44.53,6.424907
44.54,7.050952
44.55,7.681006
44.54,8.315488
44.53,8.954834
44.51,9.599501
44.51,10.24997
44.52,10.90676
44.49,11.5704
44.47,12.24148
44.47,12.92059
44.47,13.60841
44.44,14.30563
44.39,15.01303
46.39,15.73141
46.42,16.46168
46.43,17.20481
46.42,17.96188
46.41,18.73404
46.4,19.5226
46.41,20.32899
46.38,21.15481
46.37,22.00185
46.36,22.87213
46.34,23.76793
46.32,24.69184
46.33,25.64687
46.32,26.63647
46.31,27.66467
46.33,28.73624
46.37,29.85687
46.35,31.03341
46.37,32.27427
46.41,33.58996
46.44,34.99383
46.38,36.50335
46.38,38.14207
46.38,39.94304
43.56,-39.943
43.53,-38.1421
43.61,-36.5034
43.72,-34.9938
43.74,-33.59
43.79,-32.2743
43.83,-31.0334
43.86,-29.8569
43.87,-28.7362
43.89,-27.6647
43.9,-26.6365
43.93,-25.6469
43.96,-24.6918
44.0,-23.7679
44.01,-22.8721
44.03,-22.0019
44.04,-21.1548
44.04,-20.329
44.02,-19.5226
44.03,-18.734
44.07,-17.9619
44.08,-17.2048
44.08,-16.4617
44.09,-15.7314
46.11,-15.013
46.12,-14.3056
46.12,-13.6084
46.11,-12.9206
46.11,-12.2415
46.11,-11.5704
46.09,-10.9068
46.07,-10.25
46.07,-9.5995
46.06,-8.95483
46.07,-8.31549
46.06,-7.68101
46.05,-7.05095
46.05,-6.42491
46.04,-5.80247
46.05,-5.18326
46.05,-4.5669
46.06,-3.95303
46.07,-3.3413
46.09,-2.73136
46.08,-2.12289
46.08,-1.51555
46.07,-0.90901
46.06,-0.30295
44.05,0.302949
44.05,0.909006
44.06,1.515545
44.06,2.122888
44.04,2.731362
44.03,3.341297
44.02,3.953028
44.02,4.566898
44.02,5.183259
44.01,5.802471
44.01,6.424907
44.02,7.050952
44.03,7.681006
44.02,8.315488
44.01,8.954834
43.99,9.599501
43.99,10.24997
44.0,10.90676
43.97,11.5704
43.95,12.24148
43.95,12.92059
43.95,13.60841
43.92,14.30563
43.87,15.01303
45.87,15.73141
45.9,16.46168
45.91,17.20481
45.9,17.96188
45.89,18.73404
45.88,19.5226
45.89,20.32899
45.86,21.15481
45.85,22.00185
45.84,22.87213
45.82,23.76793
45.8,24.69184
45.81,25.64687
45.8,26.63647
45.79,27.66467
45.81,28.73624
45.85,29.85687
45.83,31.03341
45.85,32.27427
45.89,33.58996
45.92,34.99383
45.86,36.50335
45.86,38.14207
45.86,39.94304
43.04,-39.943
43.01,-38.1421
43.09,-36.5034
43.2,-34.9938
43.22,-33.59
43.27,-32.2743
43.31,-31.0334
43.34,-29.8569
43.35,-28.7362
43.37,-27.6647
43.38,-26.6365
43.41,-25.6469
43.44,-24.6918
43.48,-23.7679
43.49,-22.8721
43.51,-22.0019
43.52,-21.1548
43.52,-20.329
43.5,-19.5226
43.51,-18.734
43.55,-17.9619
43.56,-17.2048
43.56,-16.4617
43.57,-15.7314
45.59,-15.013
45.6,-14.3056
45.6,-13.6084
45.59,-12.9206
45.59,-12.2415
45.59,-11.5704
45.57,-10.9068
45.55,-10.25
45.55,-9.5995
45.54,-8.95483
45.55,-8.31549
45.54,-7.68101
45.53,-7.05095
45.53,-6.42491
45.52,-5.80247
45.53,-5.18326
45.53,-4.5669
45.54,-3.95303
45.55,-3.3413
45.57,-2.73136
45.56,-2.12289
45.56,-1.51555
45.55,-0.90901
45.54,-0.30295
43.53,0.302949
43.53,0.909006
43.54,1.515545
43.54,2.122888
43.52,2.731362
43.51,3.341297
43.5,3.953028
43.5,4.566898
43.5,5.183259
43.49,5.802471
43.49,6.424907
43.5,7.050952
43.51,7.681006
43.5,8.315488
43.49,8.954834
43.47,9.599501
43.47,10.24997
43.48,10.90676
43.45,11.5704
43.43,12.24148
43.43,12.92059
43.43,13.60841
43.4,14.30563
43.35,15.01303
45.35,15.73141
45.38,16.46168
45.39,17.20481
45.38,17.96188
45.37,18.73404
45.36,19.5226
45.37,20.32899
45.34,21.15481
45.33,22.00185
45.32,22.87213
45.3,23.76793
45.28,24.69184
45.29,25.64687
45.28,26.63647
45.27,27.66467
45.29,28.73624
45.33,29.85687
45.31,31.03341
45.33,32.27427
45.37,33.58996
45.4,34.99383
45.34,36.50335
45.34,38.14207
45.34,39.94304
42.51,-39.943
42.48,-38.1421
42.56,-36.5034
42.67,-34.9938
42.69,-33.59
42.74,-32.2743
42.78,-31.0334
42.81,-29.8569
42.82,-28.7362
42.84,-27.6647
42.85,-26.6365
42.88,-25.6469
42.91,-24.6918
42.95,-23.7679
42.96,-22.8721
42.98,-22.0019
42.99,-21.1548
42.99,-20.329
42.97,-19.5226
42.98,-18.734
43.02,-17.9619
43.03,-17.2048
43.03,-16.4617
43.04,-15.7314
45.06,-15.013
45.07,-14.3056
45.07,-13.6084
45.06,-12.9206
45.06,-12.2415
45.06,-11.5704
45.04,-10.9068
45.02,-10.25
45.02,-9.5995
45.01,-8.95483
45.02,-8.31549
45.01,-7.68101
45.0,-7.05095
45.0,-6.42491
44.99,-5.80247
45.0,-5.18326
45.0,-4.5669
45.01,-3.95303
45.02,-3.3413
45.04,-2.73136
45.03,-2.12289
45.03,-1.51555
45.02,-0.90901
45.01,-0.30295
43.0,0.302949
43.0,0.909006
43.01,1.515545
43.01,2.122888
42.99,2.731362
42.98,3.341297
42.97,3.953028
42.97,4.566898
42.97,5.183259
42.96,5.802471
42.96,6.424907
42.97,7.050952
42.98,7.681006
42.97,8.315488
42.96,8.954834
42.94,9.599501
42.94,10.24997
42.95,10.90676
42.92,11.5704
42.9,12.24148
42.9,12.92059
42.9,13.60841
42.87,14.30563
42.82,15.01303
44.82,15.73141
44.85,16.46168
44.86,17.20481
44.85,17.96188
44.84,18.73404
44.83,19.5226
44.84,20.32899
44.81,21.15481
44.8,22.00185
44.79,22.87213
44.77,23.76793
44.75,24.69184
44.76,25.64687
44.75,26.63647
44.74,27.66467
44.76,28.73624
44.8,29.85687
44.78,31.03341
44.8,32.27427
44.84,33.58996
44.87,34.99383
44.81,36.50335
44.81,38.14207
44.81,39.94304
41.99,-39.943
41.96,-38.1421
42.04,-36.5034
42.15,-34.9938
42.17,-33.59
42.22,-32.2743
42.26,-31.0334
42.29,-29.8569
42.3,-28.7362
42.32,-27.6647
42.33,-26.6365
42.36,-25.6469
42.39,-24.6918
42.43,-23.7679
42.44,-22.8721
42.46,-22.0019
42.47,-21.1548
42.47,-20.329
42.45,-19.5226
42.46,-18.734
42.5,-17.9619
42.51,-17.2048
42.51,-16.4617
42.52,-15.7314
44.54,-15.013
44.55,-14.3056
44.55,-13.6084
44.54,-12.9206
44.54,-12.2415
44.54,-11.5704
44.52,-10.9068
44.5,-10.25
44.5,-9.5995
44.49,-8.95483
44.5,-8.31549
44.49,-7.68101
44.48,-7.05095
44.48,-6.42491
44.47,-5.80247
44.48,-5.18326
44.48,-4.5669
44.49,-3.95303
44.5,-3.3413
44.52,-2.73136
44.51,-2.12289
44.51,-1.51555
44.5,-0.90901
44.49,-0.30295
42.48,0.302949
42.48,0.909006
42.49,1.515545
42.49,2.122888
42.47,2.731362
42.46,3.341297
42.45,3.953028
42.45,4.566898
42.45,5.183259
42.44,5.802471
42.44,6.424907
42.45,7.050952
42.46,7.681006
42.45,8.315488
42.44,8.954834
42.42,9.599501
42.42,10.24997
42.43,10.90676
42.4,11.5704
42.38,12.24148
42.38,12.92059
42.38,13.60841
42.35,14.30563
42.3,15.01303
44.3,15.73141
44.33,16.46168
44.34,17.20481
44.33,17.96188
44.32,18.73404
44.31,19.5226
44.32,20.32899
44.29,21.15481
44.28,22.00185
44.27,22.87213
44.25,23.76793
44.23,24.69184
44.24,25.64687
44.23,26.63647
44.22,27.66467
44.24,28.73624
44.28,29.85687
44.26,31.03341
44.28,32.27427
44.32,33.58996
44.35,34.99383
44.29,36.50335
44.29,38.14207
44.29,39.94304
41.47,-39.943
41.44,-38.1421
41.52,-36.5034
41.63,-34.9938
41.65,-33.59
41.7,-32.2743
41.74,-31.0334
41.77,-29.8569
41.78,-28.7362
41.8,-27.6647
41.81,-26.6365
41.84,-25.6469
41.87,-24.6918
41.91,-23.7679
41.92,-22.8721
41.94,-22.0019
41.95,-21.1548
41.95,-20.329
41.93,-19.5226
41.94,-18.734
41.98,-17.9619
41.99,-17.2048
41.99,-16.4617
42.0,-15.7314
44.02,-15.013
44.03,-14.3056
44.03,-13.6084
44.02,-12.9206
44.02,-12.2415
44.02,-11.5704
44.0,-10.9068
43.98,-10.25
43.98,-9.5995
43.97,-8.95483
43.98,-8.31549
43.97,-7.68101
43.96,-7.05095
43.96,-6.42491
43.95,-5.80247
43.96,-5.18326
43.96,-4.5669
43.97,-3.95303
43.98,-3.3413
44.0,-2.73136
43.99,-2.12289
43.99,-1.51555
43.98,-0.90901
43.97,-0.30295
41.96,0.302949
41.96,0.909006
41.97,1.515545
41.97,2.122888
41.95,2.731362
41.94,3.341297
41.93,3.953028
41.93,4.566898
41.93,5.183259
41.92,5.802471
41.92,6.424907
41.93,7.050952
41.94,7.681006
41.93,8.315488
41.92,8.954834
41.9,9.599501
41.9,10.24997
41.91,10.90676
41.88,11.5704
41.86,12.24148
41.86,12.92059
41.86,13.60841
41.83,14.30563
41.78,15.01303
43.78,15.73141
43.81,16.46168
43.82,17.20481
43.81,17.96188
43.8,18.73404
43.79,19.5226
43.8,20.32899
43.77,21.15481
43.76,22.00185
43.75,22.87213
43.73,23.76793
43.71,24.69184
43.72,25.64687
43.71,26.63647
43.7,27.66467
43.72,28.73624
43.76,29.85687
43.74,31.03341
43.76,32.27427
43.8,33.58996
43.83,34.99383
43.77,36.50335
43.77,38.14207
43.77,39.94304
40.95,-39.943
40.92,-38.1421
41.0,-36.5034
41.11,-34.9938
41.13,-33.59
41.18,-32.2743
41.22,-31.0334
41.25,-29.8569
41.26,-28.7362
41.28,-27.6647
41.29,-26.6365
41.32,-25.6469
41.35,-24.6918
41.39,-23.7679
41.4,-22.8721
41.42,-22.0019
41.43,-21.1548
41.43,-20.329
41.41,-19.5226
41.42,-18.734
41.46,-17.9619
41.47,-17.2048
41.47,-16.4617
41.48,-15.7314
43.5,-15.013
43.51,-14.3056
43.51,-13.6084
43.5,-12.9206
43.5,-12.2415
43.5,-11.5704
43.48,-10.9068
43.46,-10.25
43.46,-9.5995
43.45,-8.95483
43.46,-8.31549
43.45,-7.68101
43.44,-7.05095
43.44,-6.42491
43.43,-5.80247
43.44,-5.18326
43.44,-4.5669
43.45,-3.95303
43.46,-3.3413
43.48,-2.73136
43.47,-2.12289
43.47,-1.51555
43.46,-0.90901
43.45,-0.30295
41.44,0.302949
41.44,0.909006
41.45,1.515545
41.45,2.122888
41.43,2.731362
41.42,3.341297
41.41,3.953028
41.41,4.566898
41.41,5.183259
41.4,5.802471
41.4,6.424907
41.41,7.050952
41.42,7.681006
41.41,8.315488
41.4,8.954834
41.38,9.599501
41.38,10.24997
41.39,10.90676
41.36,11.5704
41.34,12.24148
41.34,12.92059
41.34,13.60841
41.31,14.30563
41.26,15.01303
43.26,15.73141
43.29,16.46168
43.3,17.20481
43.29,17.96188
43.28,18.73404
43.27,19.5226
43.28,20.32899
43.25,21.15481
43.24,22.00185
43.23,22.87213
43.21,23.76793
43.19,24.69184
43.2,25.64687
43.19,26.63647
43.18,27.66467
43.2,28.73624
43.24,29.85687
43.22,31.03341
43.24,32.27427
43.28,33.58996
43.31,34.99383
43.25,36.50335
43.25,38.14207
43.25,39.94304
40.42,-39.943
40.39,-38.1421
40.47,-36.5034
40.58,-34.9938
40.6,-33.59
40.65,-32.2743
40.69,-31.0334
40.72,-29.8569
40.73,-28.7362
40.75,-27.6647
40.76,-26.6365
40.79,-25.6469
40.82,-24.6918
40.86,-23.7679
40.87,-22.8721
40.89,-22.0019
40.9,-21.1548
40.9,-20.329
40.88,-19.5226
40.89,-18.734
40.93,-17.9619
40.94,-17.2048
40.94,-16.4617
40.95,-15.7314
42.97,-15.013
42.98,-14.3056
42.98,-13.6084
42.97,-12.9206
42.97,-12.2415
42.97,-11.5704
42.95,-10.9068
42.93,-10.25
42.93,-9.5995
42.92,-8.95483
42.93,-8.31549
42.92,-7.68101
42.91,-7.05095
42.91,-6.42491
42.9,-5.80247
42.91,-5.18326
42.91,-4.5669
42.92,-3.95303
42.93,-3.3413
42.95,-2.73136
42.94,-2.12289
42.94,-1.51555
42.93,-0.90901
42.92,-0.30295
40.91,0.302949
40.91,0.909006
40.92,1.515545
40.92,2.122888
40.9,2.731362
40.89,3.341297
40.88,3.953028
40.88,4.566898
40.88,5.183259
40.87,5.802471
40.87,6.424907
40.88,7.050952
40.89,7.681006
40.88,8.315488
40.87,8.954834
40.85,9.599501
40.85,10.24997
40.86,10.90676
40.83,11.5704
40.81,12.24148
40.81,12.92059
40.81,13.60841
40.78,14.30563
40.73,15.01303
42.73,15.73141
42.76,16.46168
42.77,17.20481
42.76,17.96188
42.75,18.73404
42.74,19.5226
42.75,20.32899
42.72,21.15481
42.71,22.00185
42.7,22.87213
42.68,23.76793
42.66,24.69184
42.67,25.64687
42.66,26.63647
42.65,27.66467
42.67,28.73624
42.71,29.85687
42.69,31.03341
42.71,32.27427
42.75,33.58996
42.78,34.99383
42.72,36.50335
42.72,38.14207
42.72,39.94304
39.9,-39.943
39.87,-38.1421
39.95,-36.5034
40.06,-34.9938
40.08,-33.59
40.13,-32.2743
40.17,-31.0334
40.2,-29.8569
40.21,-28.7362
40.23,-27.6647
40.24,-26.6365
40.27,-25.6469
40.3,-24.6918
40.34,-23.7679
40.35,-22.8721
40.37,-22.0019
40.38,-21.1548
40.38,-20.329
40.36,-19.5226
40.37,-18.734
40.41,-17.9619
40.42,-17.2048
40.42,-16.4617
40.43,-15.7314
42.45,-15.013
42.46,-14.3056
42.46,-13.6084
42.45,-12.9206
42.45,-12.2415
42.45,-11.5704
42.43,-10.9068
42.41,-10.25
42.41,-9.5995
42.4,-8.95483
42.41,-8.31549
42.4,-7.68101
42.39,-7.05095
42.39,-6.42491
42.38,-5.80247
42.39,-5.18326
42.39,-4.5669
42.4,-3.95303
42.41,-3.3413
42.43,-2.73136
42.42,-2.12289
42.42,-1.51555
42.41,-0.90901
42.4,-0.30295
40.39,0.302949
40.39,0.909006
40.4,1.515545
40.4,2.122888
40.38,2.731362
40.37,3.341297
40.36,3.953028
40.36,4.566898
40.36,5.183259
40.35,5.802471
40.35,6.424907
40.36,7.050952
40.37,7.681006
40.36,8.315488
40.35,8.954834
40.33,9.599501
40.33,10.24997
40.34,10.90676
40.31,11.5704
40.29,12.24148
40.29,12.92059
40.29,13.60841
40.26,14.30563
40.21,15.01303
42.21,15.73141
42.24,16.46168
42.25,17.20481
42.24,17.96188
42.23,18.73404
42.22,19.5226
42.23,20.32899
42.2,21.15481
42.19,22.00185
42.18,22.87213
42.16,23.76793
42.14,24.69184
42.15,25.64687
42.14,26.63647
42.13,27.66467
42.15,28.73624
42.19,29.85687
42.17,31.03341
42.19,32.27427
42.23,33.58996
42.26,34.99383
42.2,36.50335
42.2,38.14207
42.2,39.94304
39.38,-39.943
39.35,-38.1421
39.43,-36.5034
39.54,-34.9938
39.56,-33.59
39.61,-32.2743
39.65,-31.0334
39.68,-29.8569
39.69,-28.7362
39.71,-27.6647
39.72,-26.6365
39.75,-25.6469
39.78,-24.6918
39.82,-23.7679
39.83,-22.8721
39.85,-22.0019
39.86,-21.1548
39.86,-20.329
39.84,-19.5226
39.85,-18.734
39.89,-17.9619
39.9,-17.2048
39.9,-16.4617
39.91,-15.7314
41.93,-15.013
41.94,-14.3056
41.94,-13.6084
41.93,-12.9206
41.93,-12.2415
41.93,-11.5704
41.91,-10.9068
41.89,-10.25
41.89,-9.5995
41.88,-8.95483
41.89,-8.31549
41.88,-7.68101
41.87,-7.05095
41.87,-6.42491
41.86,-5.80247
41.87,-5.18326
41.87,-4.5669
41.88,-3.95303
41.89,-3.3413
41.91,-2.73136
41.9,-2.12289
41.9,-1.51555
41.89,-0.90901
41.88,-0.30295
39.87,0.302949
39.87,0.909006
39.88,1.515545
39.88,2.122888
39.86,2.731362
39.85,3.341297
39.84,3.953028
39.84,4.566898
39.84,5.183259
39.83,5.802471
39.83,6.424907
39.84,7.050952
39.85,7.681006
39.84,8.315488
39.83,8.954834
39.81,9.599501
39.81,10.24997
39.82,10.90676
39.79,11.5704
39.77,12.24148
39.77,12.92059
39.77,13.60841
39.74,14.30563
39.69,15.01303
41.69,15.73141
41.72,16.46168
41.73,17.20481
41.72,17.96188
41.71,18.73404
41.7,19.5226
41.71,20.32899
41.68,21.15481
41.67,22.00185
41.66,22.87213
41.64,23.76793
41.62,24.69184
41.63,25.64687
41.62,26.63647
41.61,27.66467
41.63,28.73624
41.67,29.85687
41.65,31.03341
41.67,32.27427
41.71,33.58996
41.74,34.99383
41.68,36.50335
41.68,38.14207
41.68,39.94304
38.86,-39.943
38.83,-38.1421
38.91,-36.5034
39.02,-34.9938
39.04,-33.59
39.09,-32.2743
39.13,-31.0334
39.16,-29.8569
39.17,-28.7362
39.19,-27.6647
39.2,-26.6365
39.23,-25.6469
39.26,-24.6918
39.3,-23.7679
39.31,-22.8721
39.33,-22.0019
39.34,-21.1548
39.34,-20.329
39.32,-19.5226
39.33,-18.734
39.37,-17.9619
39.38,-17.2048
39.38,-16.4617
39.39,-15.7314
41.41,-15.013
41.42,-14.3056
41.42,-13.6084
41.41,-12.9206
41.41,-12.2415
41.41,-11.5704
41.39,-10.9068
41.37,-10.25
41.37,-9.5995
41.36,-8.95483
41.37,-8.31549
41.36,-7.68101
41.35,-7.05095
41.35,-6.42491
41.34,-5.80247
41.35,-5.18326
41.35,-4.5669
41.36,-3.95303
41.37,-3.3413
41.39,-2.73136
41.38,-2.12289
41.38,-1.51555
41.37,-0.90901
41.36,-0.30295
39.35,0.302949
39.35,0.909006
39.36,1.515545
39.36,2.122888
39.34,2.731362
39.33,3.341297
39.32,3.953028
39.32,4.566898
39.32,5.183259
39.31,5.802471
39.31,6.424907
39.32,7.050952
39.33,7.681006
39.32,8.315488
39.31,8.954834
39.29,9.599501
39.29,10.24997
39.3,10.90676
39.27,11.5704
39.25,12.24148
39.25,12.92059
39.25,13.60841
39.22,14.30563
39.17,15.01303
41.17,15.73141
41.2,16.46168
41.21,17.20481
41.2,17.96188
41.19,18.73404
41.18,19.5226
41.19,20.32899
41.16,21.15481
41.15,22.00185
41.14,22.87213
41.12,23.76793
41.1,24.69184
41.11,25.64687
41.1,26.63647
41.09,27.66467
41.11,28.73624
41.15,29.85687
41.13,31.03341
41.15,32.27427
41.19,33.58996
41.22,34.99383
41.16,36.50335
41.16,38.14207
41.16,39.94304
38.33,-39.943
38.3,-38.1421
38.38,-36.5034
38.49,-34.9938
38.51,-33.59
38.56,-32.2743
38.6,-31.0334
38.63,-29.8569
38.64,-28.7362
38.66,-27.6647
38.67,-26.6365
38.7,-25.6469
38.73,-24.6918
38.77,-23.7679
38.78,-22.8721
38.8,-22.0019
38.81,-21.1548
38.81,-20.329
38.79,-19.5226
38.8,-18.734
38.84,-17.9619
38.85,-17.2048
38.85,-16.4617
38.86,-15.7314
40.88,-15.013
40.89,-14.3056
40.89,-13.6084
40.88,-12.9206
40.88,-12.2415
40.88,-11.5704
40.86,-10.9068
40.84,-10.25
40.84,-9.5995
40.83,-8.95483
40.84,-8.31549
40.83,-7.68101
40.82,-7.05095
40.82,-6.42491
40.81,-5.80247
40.82,-5.18326
40.82,-4.5669
40.83,-3.95303
40.84,-3.3413
40.86,-2.73136
40.85,-2.12289
40.85,-1.51555
40.84,-0.90901
40.83,-0.30295
38.82,0.302949
38.82,0.909006
38.83,1.515545
38.83,2.122888
38.81,2.731362
38.8,3.341297
38.79,3.953028
38.79,4.566898
38.79,5.183259
38.78,5.802471
38.78,6.424907
38.79,7.050952
38.8,7.681006
38.79,8.315488
38.78,8.954834
38.76,9.599501
38.76,10.24997
38.77,10.90676
38.74,11.5704
38.72,12.24148
38.72,12.92059
38.72,13.60841
38.69,14.30563
38.64,15.01303
40.64,15.73141
40.67,16.46168
40.68,17.20481
40.67,17.96188
40.66,18.73404
40.65,19.5226
40.66,20.32899
40.63,21.15481
40.62,22.00185
40.61,22.87213
40.59,23.76793
40.57,24.69184
40.58,25.64687
40.57,26.63647
40.56,27.66467
40.58,28.73624
40.62,29.85687
40.6,31.03341
40.62,32.27427
40.66,33.58996
40.69,34.99383
40.63,36.50335
40.63,38.14207
40.63,39.94304
37.81,-39.943
37.78,-38.1421
37.86,-36.5034
37.97,-34.9938
37.99,-33.59
38.04,-32.2743
38.08,-31.0334
38.11,-29.8569
38.12,-28.7362
38.14,-27.6647
38.15,-26.6365
38.18,-25.6469
38.21,-24.6918
38.25,-23.7679
38.26,-22.8721
38.28,-22.0019
38.29,-21.1548
38.29,-20.329
38.27,-19.5226
38.28,-18.734
38.32,-17.9619
38.33,-17.2048
38.33,-16.4617
38.34,-15.7314
40.36,-15.013
40.37,-14.3056
40.37,-13.6084
40.36,-12.9206
40.36,-12.2415
40.36,-11.5704
40.34,-10.9068
40.32,-10.25
40.32,-9.5995
40.31,-8.95483
40.32,-8.31549
40.31,-7.68101
40.3,-7.05095
40.3,-6.42491
40.29,-5.80247
40.3,-5.18326
40.3,-4.5669
40.31,-3.95303
40.32,-3.3413
40.34,-2.73136
40.33,-2.12289
40.33,-1.51555
40.32,-0.90901
40.31,-0.30295
38.3,0.302949
38.3,0.909006
38.31,1.515545
38.31,2.122888
38.29,2.731362
38.28,3.341297
38.27,3.953028
38.27,4.566898
38.27,5.183259
38.26,5.802471
38.26,6.424907
38.27,7.050952
38.28,7.681006
38.27,8.315488
38.26,8.954834
38.24,9.599501
38.24,10.24997
38.25,10.90676
38.22,11.5704
38.2,12.24148
38.2,12.92059
38.2,13.60841
38.17,14.30563
38.12,15.01303
40.12,15.73141
40.15,16.46168
40.16,17.20481
40.15,17.96188
40.14,18.73404
40.13,19.5226
40.14,20.32899
40.11,21.15481
40.1,22.00185
40.09,22.87213
40.07,23.76793
40.05,24.69184
40.06,25.64687
40.05,26.63647
40.04,27.66467
40.06,28.73624
40.1,29.85687
40.08,31.03341
40.1,32.27427
40.14,33.58996
40.17,34.99383
40.11,36.50335
40.11,38.14207
40.11,39.94304
37.29,-39.943
37.26,-38.1421
37.34,-36.5034
37.45,-34.9938
37.47,-33.59
37.52,-32.2743
37.56,-31.0334
37.59,-29.8569
37.6,-28.7362
37.62,-27.6647
37.63,-26.6365
37.66,-25.6469
37.69,-24.6918
37.73,-23.7679
37.74,-22.8721
37.76,-22.0019
37.77,-21.1548
37.77,-20.329
37.75,-19.5226
37.76,-18.734
37.8,-17.9619
37.81,-17.2048
37.81,-16.4617
37.82,-15.7314
39.84,-15.013
39.85,-14.3056
39.85,-13.6084
39.84,-12.9206
39.84,-12.2415
39.84,-11.5704
39.82,-10.9068
39.8,-10.25
39.8,-9.5995
39.79,-8.95483
39.8,-8.31549
39.79,-7.68101
39.78,-7.05095
39.78,-6.42491
39.77,-5.80247
39.78,-5.18326
39.78,-4.5669
39.79,-3.95303
39.8,-3.3413
39.82,-2.73136
39.81,-2.12289
39.81,-1.51555
39.8,-0.90901
39.79,-0.30295
37.78,0.302949
37.78,0.909006
37.79,1.515545
37.79,2.122888
37.77,2.731362
37.76,3.341297
37.75,3.953028
37.75,4.566898
37.75,5.183259
37.74,5.802471
37.74,6.424907
37.75,7.050952
37.76,7.681006
37.75,8.315488
37.74,8.954834
37.72,9.599501
37.72,10.24997
37.73,10.90676
37.7,11.5704
37.68,12.24148
37.68,12.92059
37.68,13.60841
37.65,14.30563
37.6,15.01303
39.6,15.73141
39.63,16.46168
39.64,17.20481
39.63,17.96188
39.62,18.73404
39.61,19.5226
39.62,20.32899
39.59,21.15481
39.58,22.00185
39.57,22.87213
39.55,23.76793
39.53,24.69184
39.54,25.64687
39.53,26.63647
39.52,27.66467
39.54,28.73624
39.58,29.85687
39.56,31.03341
39.58,32.27427
39.62,33.58996
39.65,34.99383
39.59,36.50335
39.59,38.14207
39.59,39.94304
36.77,-39.943
36.74,-38.1421
36.82,-36.5034
36.93,-34.9938
36.95,-33.59
37.0,-32.2743
37.04,-31.0334
37.07,-29.8569
37.08,-28.7362
37.1,-27.6647
37.11,-26.6365
37.14,-25.6469
37.17,-24.6918
37.21,-23.7679
37.22,-22.8721
37.24,-22.0019
37.25,-21.1548
37.25,-20.329
37.23,-19.5226
37.24,-18.734
37.28,-17.9619
37.29,-17.2048
37.29,-16.4617
37.3,-15.7314
39.32,-15.013
39.33,-14.3056
39.33,-13.6084
39.32,-12.9206
39.32,-12.2415
39.32,-11.5704
39.3,-10.9068
39.28,-10.25
39.28,-9.5995
39.27,-8.95483
39.28,-8.31549
39.27,-7.68101
39.26,-7.05095
39.26,-6.42491
39.25,-5.80247
39.26,-5.18326
39.26,-4.5669
39.27,-3.95303
39.28,-3.3413
39.3,-2.73136
39.29,-2.12289
39.29,-1.51555
39.28,-0.90901
39.27,-0.30295
37.26,0.302949
37.26,0.909006
37.27,1.515545
37.27,2.122888
37.25,2.731362
37.24,3.341297
37.23,3.953028
37.23,4.566898
37.23,5.183259
37.22,5.802471
37.22,6.424907
37.23,7.050952
37.24,7.681006
37.23,8.315488
37.22,8.954834
37.2,9.599501
37.2,10.24997
37.21,10.90676
37.18,11.5704
37.16,12.24148
37.16,12.92059
37.16,13.60841
37.13,14.30563
37.08,15.01303
39.08,15.73141
39.11,16.46168
39.12,17.20481
39.11,17.96188
39.1,18.73404
39.09,19.5226
39.1,20.32899
39.07,21.15481
39.06,22.00185
39.05,22.87213
39.03,23.76793
39.01,24.69184
39.02,25.64687
39.01,26.63647
39.0,27.66467
39.02,28.73624
39.06,29.85687
39.04,31.03341
39.06,32.27427
39.1,33.58996
39.13,34.99383
39.07,36.50335
39.07,38.14207
39.07,39.94304
36.24,-39.943
36.21,-38.1421
36.29,-36.5034
36.4,-34.9938
36.42,-33.59
36.47,-32.2743
36.51,-31.0334
36.54,-29.8569
36.55,-28.7362
36.57,-27.6647
36.58,-26.6365
36.61,-25.6469
36.64,-24.6918
36.68,-23.7679
36.69,-22.8721
36.71,-22.0019
36.72,-21.1548
36.72,-20.329
36.7,-19.5226
36.71,-18.734
36.75,-17.9619
36.76,-17.2048
36.76,-16.4617
36.77,-15.7314
38.79,-15.013
38.8,-14.3056
38.8,-13.6084
38.79,-12.9206
38.79,-12.2415
38.79,-11.5704
38.77,-10.9068
38.75,-10.25
38.75,-9.5995
38.74,-8.95483
38.75,-8.31549
38.74,-7.68101
38.73,-7.05095
38.73,-6.42491
38.72,-5.80247
38.73,-5.18326
38.73,-4.5669
38.74,-3.95303
38.75,-3.3413
38.77,-2.73136
38.76,-2.12289
38.76,-1.51555
38.75,-0.90901
38.74,-0.30295
36.73,0.302949
36.73,0.909006
36.74,1.515545
36.74,2.122888
36.72,2.731362
36.71,3.341297
36.7,3.953028
36.7,4.566898
36.7,5.183259
36.69,5.802471
36.69,6.424907
36.7,7.050952
36.71,7.681006
36.7,8.315488
36.69,8.954834
36.67,9.599501
36.67,10.24997
36.68,10.90676
36.65,11.5704
36.63,12.24148
36.63,12.92059
36.63,13.60841
36.6,14.30563
36.55,15.01303
38.55,15.73141
38.58,16.46168
38.59,17.20481
38.58,17.96188
38.57,18.73404
38.56,19.5226
38.57,20.32899
38.54,21.15481
38.53,22.00185
38.52,22.87213
38.5,23.76793
38.48,24.69184
38.49,25.64687
38.48,26.63647
38.47,27.66467
38.49,28.73624
38.53,29.85687
38.51,31.03341
38.53,32.27427
38.57,33.58996
38.6,34.99383
38.54,36.50335
38.54,38.14207
38.54,39.94304
35.72,-39.943
35.69,-38.1421
35.77,-36.5034
35.88,-34.9938
35.9,-33.59
35.95,-32.2743
35.99,-31.0334
36.02,-29.8569
36.03,-28.7362
36.05,-27.6647
36.06,-26.6365
36.09,-25.6469
36.12,-24.6918
36.16,-23.7679
36.17,-22.8721
36.19,-22.0019
36.2,-21.1548
36.2,-20.329
36.18,-19.5226
36.19,-18.734
36.23,-17.9619
36.24,-17.2048
36.24,-16.4617
36.25,-15.7314
38.27,-15.013
38.28,-14.3056
38.28,-13.6084
38.27,-12.9206
38.27,-12.2415
38.27,-11.5704
38.25,-10.9068
38.23,-10.25
38.23,-9.5995
38.22,-8.95483
38.23,-8.31549
38.22,-7.68101
38.21,-7.05095
38.21,-6.42491
38.2,-5.80247
38.21,-5.18326
38.21,-4.5669
38.22,-3.95303
38.23,-3.3413
38.25,-2.73136
38.24,-2.12289
38.24,-1.51555
38.23,-0.90901
38.22,-0.30295
36.21,0.302949
36.21,0.909006
36.22,1.515545
36.22,2.122888
36.2,2.731362
36.19,3.341297
36.18,3.953028
36.18,4.566898
36.18,5.183259
36.17,5.802471
36.17,6.424907
36.18,7.050952
36.19,7.681006
36.18,8.315488
36.17,8.954834
36.15,9.599501
36.15,10.24997
36.16,10.90676
36.13,11.5704
36.11,12.24148
36.11,12.92059
36.11,13.60841
36.08,14.30563
36.03,15.01303
38.03,15.73141
38.06,16.46168
38.07,17.20481
38.06,17.96188
38.05,18.73404
38.04,19.5226
38.05,20.32899
38.02,21.15481
38.01,22.00185
38.0,22.87213
37.98,23.76793
37.96,24.69184
37.97,25.64687
37.96,26.63647
37.95,27.66467
37.97,28.73624
38.01,29.85687
37.99,31.03341
38.01,32.27427
38.05,33.58996
38.08,34.99383
38.02,36.50335
38.02,38.14207
38.02,39.94304
35.2,-39.943
35.17,-38.1421
35.25,-36.5034
35.36,-34.9938
35.38,-33.59
35.43,-32.2743
35.47,-31.0334
35.5,-29.8569
35.51,-28.7362
35.53,-27.6647
35.54,-26.6365
35.57,-25.6469
35.6,-24.6918
35.64,-23.7679
35.65,-22.8721
35.67,-22.0019
35.68,-21.1548
35.68,-20.329
35.66,-19.5226
35.67,-18.734
35.71,-17.9619
35.72,-17.2048
35.72,-16.4617
35.73,-15.7314
37.75,-15.013
37.76,-14.3056
37.76,-13.6084
37.75,-12.9206
37.75,-12.2415
37.75,-11.5704
37.73,-10.9068
37.71,-10.25
37.71,-9.5995
37.7,-8.95483
37.71,-8.31549
37.7,-7.68101
37.69,-7.05095
37.69,-6.42491
37.68,-5.80247
37.69,-5.18326
37.69,-4.5669
37.7,-3.95303
37.71,-3.3413
37.73,-2.73136
37.72,-2.12289
37.72,-1.51555
37.71,-0.90901
37.7,-0.30295
35.69,0.302949
35.69,0.909006
35.7,1.515545
35.7,2.122888
35.68,2.731362
35.67,3.341297
35.66,3.953028
35.66,4.566898
35.66,5.183259
35.65,5.802471
35.65,6.424907
35.66,7.050952
35.67,7.681006
35.66,8.315488
35.65,8.954834
35.63,9.599501
35.63,10.24997
35.64,10.90676
35.61,11.5704
35.59,12.24148
35.59,12.92059
35.59,13.60841
35.56,14.30563
35.51,15.01303
37.51,15.73141
37.54,16.46168
37.55,17.20481
37.54,17.96188
37.53,18.73404
37.52,19.5226
37.53,20.32899
37.5,21.15481
37.49,22.00185
37.48,22.87213
37.46,23.76793
37.44,24.69184
37.45,25.64687
37.44,26.63647
37.43,27.66467
37.45,28.73624
37.49,29.85687
37.47,31.03341
37.49,32.27427
37.53,33.58996
37.56,34.99383
37.5,36.50335
37.5,38.14207
37.5,39.94304
34.67,-39.943
34.64,-38.1421
34.72,-36.5034
34.83,-34.9938
34.85,-33.59
34.9,-32.2743
34.94,-31.0334
34.97,-29.8569
34.98,-28.7362
35.0,-27.6647
35.01,-26.6365
35.04,-25.6469
35.07,-24.6918
35.11,-23.7679
35.12,-22.8721
35.14,-22.0019
35.15,-21.1548
35.15,-20.329
35.13,-19.5226
35.14,-18.734
35.18,-17.9619
35.19,-17.2048
35.19,-16.4617
35.2,-15.7314
37.22,-15.013
37.23,-14.3056
37.23,-13.6084
37.22,-12.9206
37.22,-12.2415
37.22,-11.5704
37.2,-10.9068
37.18,-10.25
37.18,-9.5995
37.17,-8.95483
37.18,-8.31549
37.17,-7.68101
37.16,-7.05095
37.16,-6.42491
37.15,-5.80247
37.16,-5.18326
37.16,-4.5669
37.17,-3.95303
37.18,-3.3413
37.2,-2.73136
37.19,-2.12289
37.19,-1.51555
37.18,-0.90901
37.17,-0.30295
35.16,0.302949
35.16,0.909006
35.17,1.515545
35.17,2.122888
35.15,2.731362
35.14,3.341297
35.13,3.953028
35.13,4.566898
35.13,5.183259
35.12,5.802471
35.12,6.424907
35.13,7.050952
35.14,7.681006
35.13,8.315488
35.12,8.954834
35.1,9.599501
35.1,10.24997
35.11,10.90676
35.08,11.5704
35.06,12.24148
35.06,12.92059
35.06,13.60841
35.03,14.30563
34.98,15.01303
36.98,15.73141
37.01,16.46168
37.02,17.20481
37.01,17.96188
37.0,18.73404
36.99,19.5226
37.0,20.32899
36.97,21.15481
36.96,22.00185
36.95,22.87213
36.93,23.76793
36.91,24.69184
36.92,25.64687
36.91,26.63647
36.9,27.66467
36.92,28.73624
36.96,29.85687
36.94,31.03341
36.96,32.27427
37.0,33.58996
37.03,34.99383
36.97,36.50335
36.97,38.14207
36.97,39.94304
34.15,-39.943
34.12,-38.1421
34.2,-36.5034
34.31,-34.9938
34.33,-33.59
34.38,-32.2743
34.42,-31.0334
34.45,-29.8569
34.46,-28.7362
34.48,-27.6647
34.49,-26.6365
34.52,-25.6469
34.55,-24.6918
34.59,-23.7679
34.6,-22.8721
34.62,-22.0019
34.63,-21.1548
34.63,-20.329
34.61,-19.5226
34.62,-18.734
34.66,-17.9619
34.67,-17.2048
34.67,-16.4617
34.68,-15.7314
36.7,-15.013
36.71,-14.3056
36.71,-13.6084
36.7,-12.9206
36.7,-12.2415
36.7,-11.5704
36.68,-10.9068
36.66,-10.25
36.66,-9.5995
36.65,-8.95483
36.66,-8.31549
36.65,-7.68101
36.64,-7.05095
36.64,-6.42491
36.63,-5.80247
36.64,-5.18326
36.64,-4.5669
36.65,-3.95303
36.66,-3.3413
36.68,-2.73136
36.67,-2.12289
36.67,-1.51555
36.66,-0.90901
36.65,-0.30295
34.64,0.302949
34.64,0.909006
34.65,1.515545
34.65,2.122888
34.63,2.731362
34.62,3.341297
34.61,3.953028
34.61,4.566898
34.61,5.183259
34.6,5.802471
34.6,6.424907
34.61,7.050952
34.62,7.681006
34.61,8.315488
34.6,8.954834
34.58,9.599501
34.58,10.24997
34.59,10.90676
34.56,11.5704
34.54,12.24148
34.54,12.92059
34.54,13.60841
34.51,14.30563
34.46,15.01303
36.46,15.73141
36.49,16.46168
36.5,17.20481
36.49,17.96188
36.48,18.73404
36.47,19.5226
36.48,20.32899
36.45,21.15481
36.44,22.00185
36.43,22.87213
36.41,23.76793
36.39,24.69184
36.4,25.64687
36.39,26.63647
36.38,27.66467
36.4,28.73624
36.44,29.85687
36.42,31.03341
36.44,32.27427
36.48,33.58996
36.51,34.99383
36.45,36.50335
36.45,38.14207
36.45,39.94304
33.63,-39.943
33.6,-38.1421
33.68,-36.5034
33.79,-34.9938
33.81,-33.59
33.86,-32.2743
33.9,-31.0334
33.93,-29.8569
33.94,-28.7362
33.96,-27.6647
33.97,-26.6365
34.0,-25.6469
34.03,-24.6918
34.07,-23.7679
34.08,-22.8721
34.1,-22.0019
34.11,-21.1548
34.11,-20.329
34.09,-19.5226
34.1,-18.734
34.14,-17.9619
34.15,-17.2048
34.15,-16.4617
34.16,-15.7314
36.18,-15.013
36.19,-14.3056
36.19,-13.6084
36.18,-12.9206
36.18,-12.2415
36.18,-11.5704
36.16,-10.9068
36.14,-10.25
36.14,-9.5995
36.13,-8.95483
36.14,-8.31549
36.13,-7.68101
36.12,-7.05095
36.12,-6.42491
36.11,-5.80247
36.12,-5.18326
36.12,-4.5669
36.13,-3.95303
36.14,-3.3413
36.16,-2.73136
36.15,-2.12289
36.15,-1.51555
36.14,-0.90901
36.13,-0.30295
34.12,0.302949
34.12,0.909006
34.13,1.515545
34.13,2.122888
34.11,2.731362
34.1,3.341297
34.09,3.953028
34.09,4.566898
34.09,5.183259
34.08,5.802471
34.08,6.424907
34.09,7.050952
34.1,7.681006
34.09,8.315488
34.08,8.954834
34.06,9.599501
34.06,10.24997
34.07,10.90676
34.04,11.5704
34.02,12.24148
34.02,12.92059
34.02,13.60841
33.99,14.30563
33.94,15.01303
35.94,15.73141
35.97,16.46168
35.98,17.20481
35.97,17.96188
35.96,18.73404
35.95,19.5226
35.96,20.32899
35.93,21.15481
35.92,22.00185
35.91,22.87213
35.89,23.76793
35.87,24.69184
35.88,25.64687
35.87,26.63647
35.86,27.66467
35.88,28.73624
35.92,29.85687
35.9,31.03341
35.92,32.27427
35.96,33.58996
35.99,34.99383
35.93,36.50335
35.93,38.14207
35.93,39.94304
33.11,-39.943
33.08,-38.1421
33.16,-36.5034
33.27,-34.9938
33.29,-33.59
33.34,-32.2743
33.38,-31.0334
33.41,-29.8569
33.42,-28.7362
33.44,-27.6647
33.45,-26.6365
33.48,-25.6469
33.51,-24.6918
33.55,-23.7679
33.56,-22.8721
33.58,-22.0019
33.59,-21.1548
33.59,-20.329
33.57,-19.5226
33.58,-18.734
33.62,-17.9619
33.63,-17.2048
33.63,-16.4617
33.64,-15.7314
35.66,-15.013
35.67,-14.3056
35.67,-13.6084
35.66,-12.9206
35.66,-12.2415
35.66,-11.5704
35.64,-10.9068
35.62,-10.25
35.62,-9.5995
35.61,-8.95483
35.62,-8.31549
35.61,-7.68101
35.6,-7.05095
35.6,-6.42491
35.59,-5.80247
35.6,-5.18326
35.6,-4.5669
35.61,-3.95303
35.62,-3.3413
35.64,-2.73136
35.63,-2.12289
35.63,-1.51555
35.62,-0.90901
35.61,-0.30295
33.6,0.302949
33.6,0.909006
33.61,1.515545
33.61,2.122888
33.59,2.731362
33.58,3.341297
33.57,3.953028
33.57,4.566898
33.57,5.183259
33.56,5.802471
33.56,6.424907
33.57,7.050952
33.58,7.681006
33.57,8.315488
33.56,8.954834
33.54,9.599501
33.54,10.24997
33.55,10.90676
33.52,11.5704
33.5,12.24148
33.5,12.92059
33.5,13.60841
33.47,14.30563
33.42,15.01303
35.42,15.73141
35.45,16.46168
35.46,17.20481
35.45,17.96188
35.44,18.73404
35.43,19.5226
35.44,20.32899
35.41,21.15481
35.4,22.00185
35.39,22.87213
35.37,23.76793
35.35,24.69184
35.36,25.64687
35.35,26.63647
35.34,27.66467
35.36,28.73624
35.4,29.85687
35.38,31.03341
35.4,32.27427
35.44,33.58996
35.47,34.99383
35.41,36.50335
35.41,38.14207
35.41,39.94304
32.58,-39.943
32.55,-38.1421
32.63,-36.5034
32.74,-34.9938
32.76,-33.59
32.81,-32.2743
32.85,-31.0334
32.88,-29.8569
32.89,-28.7362
32.91,-27.6647
32.92,-26.6365
32.95,-25.6469
32.98,-24.6918
33.02,-23.7679
33.03,-22.8721
33.05,-22.0019
33.06,-21.1548
33.06,-20.329
33.04,-19.5226
33.05,-18.734
33.09,-17.9619
33.1,-17.2048
33.1,-16.4617
33.11,-15.7314
35.13,-15.013
35.14,-14.3056
35.14,-13.6084
35.13,-12.9206
35.13,-12.2415
35.13,-11.5704
35.11,-10.9068
35.09,-10.25
35.09,-9.5995
35.08,-8.95483
35.09,-8.31549
35.08,-7.68101
35.07,-7.05095
35.07,-6.42491
35.06,-5.80247
35.07,-5.18326
35.07,-4.5669
35.08,-3.95303
35.09,-3.3413
35.11,-2.73136
35.1,-2.12289
35.1,-1.51555
35.09,-0.90901
35.08,-0.30295
33.07,0.302949
33.07,0.909006
33.08,1.515545
33.08,2.122888
33.06,2.731362
33.05,3.341297
33.04,3.953028
33.04,4.566898
33.04,5.183259
33.03,5.802471
33.03,6.424907
33.04,7.050952
33.05,7.681006
33.04,8.315488
33.03,8.954834
33.01,9.599501
33.01,10.24997
33.02,10.90676
32.99,11.5704
32.97,12.24148
32.97,12.92059
32.97,13.60841
32.94,14.30563
32.89,15.01303
34.89,15.73141
34.92,16.46168
34.93,17.20481
34.92,17.96188
34.91,18.73404
34.9,19.5226
34.91,20.32899
34.88,21.15481
34.87,22.00185
34.86,22.87213
34.84,23.76793
34.82,24.69184
34.83,25.64687
34.82,26.63647
34.81,27.66467
34.83,28.73624
34.87,29.85687
34.85,31.03341
34.87,32.27427
34.91,33.58996
34.94,34.99383
34.88,36.50335
34.88,38.14207
34.88,39.94304
32.06,-39.943
32.03,-38.1421
32.11,-36.5034
32.22,-34.9938
32.24,-33.59
32.29,-32.2743
32.33,-31.0334
32.36,-29.8569
32.37,-28.7362
32.39,-27.6647
32.4,-26.6365
32.43,-25.6469
32.46,-24.6918
32.5,-23.7679
32.51,-22.8721
32.53,-22.0019
32.54,-21.1548
32.54,-20.329
32.52,-19.5226
32.53,-18.734
32.57,-17.9619
32.58,-17.2048
32.58,-16.4617
32.59,-15.7314
34.61,-15.013
34.62,-14.3056
34.62,-13.6084
34.61,-12.9206
34.61,-12.2415
34.61,-11.5704
34.59,-10.9068
34.57,-10.25
34.57,-9.5995
34.56,-8.95483
34.57,-8.31549
34.56,-7.68101
34.55,-7.05095
34.55,-6.42491
34.54,-5.80247
34.55,-5.18326
34.55,-4.5669
34.56,-3.95303
34.57,-3.3413
34.59,-2.73136
34.58,-2.12289
34.58,-1.51555
34.57,-0.90901
34.56,-0.30295
32.55,0.302949
32.55,0.909006
32.56,1.515545
32.56,2.122888
32.54,2.731362
32.53,3.341297
32.52,3.953028
32.52,4.566898
32.52,5.183259
32.51,5.802471
32.51,6.424907
32.52,7.050952
32.53,7.681006
32.52,8.315488
32.51,8.954834
32.49,9.599501
32.49,10.24997
32.5,10.90676
32.47,11.5704
32.45,12.24148
32.45,12.92059
32.45,13.60841
32.42,14.30563
32.37,15.01303
34.37,15.73141
34.4,16.46168
34.41,17.20481
34.4,17.96188
34.39,18.73404
34.38,19.5226
34.39,20.32899
34.36,21.15481
34.35,22.00185
34.34,22.87213
34.32,23.76793
34.3,24.69184
34.31,25.64687
34.3,26.63647
34.29,27.66467
34.31,28.73624
34.35,29.85687
34.33,31.03341
34.35,32.27427
34.39,33.58996
34.42,34.99383
34.36,36.50335
34.36,38.14207
34.36,39.94304
31.54,-39.943
31.51,-38.1421
31.59,-36.5034
31.7,-34.9938
31.72,-33.59
31.77,-32.2743
31.81,-31.0334
31.84,-29.8569
31.85,-28.7362
31.87,-27.6647
31.88,-26.6365
31.91,-25.6469
31.94,-24.6918
31.98,-23.7679
31.99,-22.8721
32.01,-22.0019
32.02,-21.1548
32.02,-20.329
32.0,-19.5226
32.01,-18.734
32.05,-17.9619
32.06,-17.2048
32.06,-16.4617
32.07,-15.7314
34.09,-15.013
34.1,-14.3056
34.1,-13.6084
34.09,-12.9206
34.09,-12.2415
34.09,-11.5704
34.07,-10.9068
34.05,-10.25
34.05,-9.5995
34.04,-8.95483
34.05,-8.31549
34.04,-7.68101
34.03,-7.05095
34.03,-6.42491
34.02,-5.80247
34.03,-5.18326
34.03,-4.5669
34.04,-3.95303
34.05,-3.3413
34.07,-2.73136
34.06,-2.12289
34.06,-1.51555
34.05,-0.90901
34.04,-0.30295
32.03,0.302949
32.03,0.909006
32.04,1.515545
32.04,2.122888
32.02,2.731362
32.01,3.341297
32.0,3.953028
32.0,4.566898
32.0,5.183259
31.99,5.802471
31.99,6.424907
32.0,7.050952
32.01,7.681006
32.0,8.315488
31.99,8.954834
31.97,9.599501
31.97,10.24997
31.98,10.90676
31.95,11.5704
31.93,12.24148
31.93,12.92059
31.93,13.60841
31.9,14.30563
31.85,15.01303
33.85,15.73141
33.88,16.46168
33.89,17.20481
33.88,17.96188
33.87,18.73404
33.86,19.5226
33.87,20.32899
33.84,21.15481
33.83,22.00185
33.82,22.87213
33.8,23.76793
33.78,24.69184
33.79,25.64687
33.78,26.63647
33.77,27.66467
33.79,28.73624
33.83,29.85687
33.81,31.03341
33.83,32.27427
33.87,33.58996
33.9,34.99383
33.84,36.50335
33.84,38.14207
33.84,39.94304
31.02,-39.943
30.99,-38.1421
31.07,-36.5034
31.18,-34.9938
31.2,-33.59
31.25,-32.2743
31.29,-31.0334
31.32,-29.8569
31.33,-28.7362
31.35,-27.6647
31.36,-26.6365
31.39,-25.6469
31.42,-24.6918
31.46,-23.7679
31.47,-22.8721
31.49,-22.0019
31.5,-21.1548
31.5,-20.329
31.48,-19.5226
31.49,-18.734
31.53,-17.9619
31.54,-17.2048
31.54,-16.4617
31.55,-15.7314
33.57,-15.013
33.58,-14.3056
33.58,-13.6084
33.57,-12.9206
33.57,-12.2415
33.57,-11.5704
33.55,-10.9068
33.53,-10.25
33.53,-9.5995
33.52,-8.95483
33.53,-8.31549
33.52,-7.68101
33.51,-7.05095
33.51,-6.42491
33.5,-5.80247
33.51,-5.18326
33.51,-4.5669
33.52,-3.95303
33.53,-3.3413
33.55,-2.73136
33.54,-2.12289
33.54,-1.51555
33.53,-0.90901
33.52,-0.30295
31.51,0.302949
31.51,0.909006
31.52,1.515545
31.52,2.122888
31.5,2.731362
31.49,3.341297
31.48,3.953028
31.48,4.566898
31.48,5.183259
31.47,5.802471
31.47,6.424907
31.48,7.050952
31.49,7.681006
31.48,8.315488
31.47,8.954834
31.45,9.599501
31.45,10.24997
31.46,10.90676
31.43,11.5704
31.41,12.24148
31.41,12.92059
31.41,13.60841
31.38,14.30563
31.33,15.01303
33.33,15.73141
33.36,16.46168
33.37,17.20481
33.36,17.96188
33.35,18.73404
33.34,19.5226
33.35,20.32899
33.32,21.15481
33.31,22.00185
33.3,22.87213
33.28,23.76793
33.26,24.69184
33.27,25.64687
33.26,26.63647
33.25,27.66467
33.27,28.73624
33.31,29.85687
33.29,31.03341
33.31,32.27427
33.35,33.58996
33.38,34.99383
33.32,36.50335
33.32,38.14207
33.32,39.94304
30.49,-39.943
30.46,-38.1421
30.54,-36.5034
30.65,-34.9938
30.67,-33.59
30.72,-32.2743
30.76,-31.0334
30.79,-29.8569
30.8,-28.7362
30.82,-27.6647
30.83,-26.6365
30.86,-25.6469
30.89,-24.6918
30.93,-23.7679
30.94,-22.8721
30.96,-22.0019
30.97,-21.1548
30.97,-20.329
30.95,-19.5226
30.96,-18.734
31.0,-17.9619
31.01,-17.2048
31.01,-16.4617
31.02,-15.7314
33.04,-15.013
33.05,-14.3056
33.05,-13.6084
33.04,-12.9206
33.04,-12.2415
33.04,-11.5704
33.02,-10.9068
33.0,-10.25
33.0,-9.5995
32.99,-8.95483
33.0,-8.31549
32.99,-7.68101
32.98,-7.05095
32.98,-6.42491
32.97,-5.80247
32.98,-5.18326
32.98,-4.5669
32.99,-3.95303
33.0,-3.3413
33.02,-2.73136
33.01,-2.12289
33.01,-1.51555
33.0,-0.90901
32.99,-0.30295
30.98,0.302949
30.98,0.909006
30.99,1.515545
30.99,2.122888
30.97,2.731362
30.96,3.341297
30.95,3.953028
30.95,4.566898
30.95,5.183259
30.94,5.802471
30.94,6.424907
30.95,7.050952
30.96,7.681006
30.95,8.315488
30.94,8.954834
30.92,9.599501
30.92,10.24997
30.93,10.90676
30.9,11.5704
30.88,12.24148
30.88,12.92059
30.88,13.60841
30.85,14.30563
30.8,15.01303
32.8,15.73141
32.83,16.46168
32.84,17.20481
32.83,17.96188
32.82,18.73404
32.81,19.5226
32.82,20.32899
32.79,21.15481
32.78,22.00185
32.77,22.87213
32.75,23.76793
32.73,24.69184
32.74,25.64687
32.73,26.63647
32.72,27.66467
32.74,28.73624
32.78,29.85687
32.76,31.03341
32.78,32.27427
32.82,33.58996
32.85,34.99383
32.79,36.50335
32.79,38.14207
32.79,39.94304
29.97,-39.943
29.94,-38.1421
30.02,-36.5034
30.13,-34.9938
30.15,-33.59
30.2,-32.2743
30.24,-31.0334
30.27,-29.8569
30.28,-28.7362
30.3,-27.6647
30.31,-26.6365
30.34,-25.6469
30.37,-24.6918
30.41,-23.7679
30.42,-22.8721
30.44,-22.0019
30.45,-21.1548
30.45,-20.329
30.43,-19.5226
30.44,-18.734
30.48,-17.9619
30.49,-17.2048
30.49,-16.4617
30.5,-15.7314
32.52,-15.013
32.53,-14.3056
32.53,-13.6084
32.52,-12.9206
32.52,-12.2415
32.52,-11.5704
32.5,-10.9068
32.48,-10.25
32.48,-9.5995
32.47,-8.95483
32.48,-8.31549
32.47,-7.68101
32.46,-7.05095
32.46,-6.42491
32.45,-5.80247
32.46,-5.18326
32.46,-4.5669
32.47,-3.95303
32.48,-3.3413
32.5,-2.73136
32.49,-2.12289
32.49,-1.51555
32.48,-0.90901
32.47,-0.30295
30.46,0.302949
30.46,0.909006
30.47,1.515545
30.47,2.122888
30.45,2.731362
30.44,3.341297
30.43,3.953028
30.43,4.566898
30.43,5.183259
30.42,5.802471
30.42,6.424907
30.43,7.050952
30.44,7.681006
30.43,8.315488
30.42,8.954834
30.4,9.599501
30.4,10.24997
30.41,10.90676
30.38,11.5704
30.36,12.24148
30.36,12.92059
30.36,13.60841
30.33,14.30563
30.28,15.01303
32.28,15.73141
32.31,16.46168
32.32,17.20481
32.31,17.96188
32.3,18.73404
32.29,19.5226
32.3,20.32899
32.27,21.15481
32.26,22.00185
32.25,22.87213
32.23,23.76793
32.21,24.69184
32.22,25.64687
32.21,26.63647
32.2,27.66467
32.22,28.73624
32.26,29.85687
32.24,31.03341
32.26,32.27427
32.3,33.58996
32.33,34.99383
32.27,36.50335
32.27,38.14207
32.27,39.94304
29.45,-39.943
29.42,-38.1421
29.5,-36.5034
29.61,-34.9938
29.63,-33.59
29.68,-32.2743
29.72,-31.0334
29.75,-29.8569
29.76,-28.7362
29.78,-27.6647
29.79,-26.6365
29.82,-25.6469
29.85,-24.6918
29.89,-23.7679
29.9,-22.8721
29.92,-22.0019
29.93,-21.1548
29.93,-20.329
29.91,-19.5226
29.92,-18.734
29.96,-17.9619
29.97,-17.2048
29.97,-16.4617
29.98,-15.7314
32.0,-15.013
32.01,-14.3056
32.01,-13.6084
32.0,-12.9206
32.0,-12.2415
32.0,-11.5704
31.98,-10.9068
31.96,-10.25
31.96,-9.5995
31.95,-8.95483
31.96,-8.31549
31.95,-7.68101
31.94,-7.05095
31.94,-6.42491
31.93,-5.80247
31.94,-5.18326
31.94,-4.5669
31.95,-3.95303
31.96,-3.3413
31.98,-2.73136
31.97,-2.12289
31.97,-1.51555
31.96,-0.90901
31.95,-0.30295
29.94,0.302949
29.94,0.909006
29.95,1.515545
29.95,2.122888
29.93,2.731362
29.92,3.341297
29.91,3.953028
29.91,4.566898
29.91,5.183259
29.9,5.802471
29.9,6.424907
29.91,7.050952
29.92,7.681006
29.91,8.315488
29.9,8.954834
29.88,9.599501
29.88,10.24997
29.89,10.90676
29.86,11.5704
29.84,12.24148
29.84,12.92059
29.84,13.60841
29.81,14.30563
29.76,15.01303
31.76,15.73141
31.79,16.46168
31.8,17.20481
31.79,17.96188
31.78,18.73404
31.77,19.5226
31.78,20.32899
31.75,21.15481
31.74,22.00185
31.73,22.87213
31.71,23.76793
31.69,24.69184
31.7,25.64687
31.69,26.63647
31.68,27.66467
31.7,28.73624
31.74,29.85687
31.72,31.03341
31.74,32.27427
31.78,33.58996
31.81,34.99383
31.75,36.50335
31.75,38.14207
31.75,39.94304
28.93,-39.943
28.9,-38.1421
28.98,-36.5034
29.09,-34.9938
29.11,-33.59
29.16,-32.2743
29.2,-31.0334
29.23,-29.8569
29.24,-28.7362
29.26,-27.6647
29.27,-26.6365
29.3,-25.6469
29.33,-24.6918
29.37,-23.7679
29.38,-22.8721
29.4,-22.0019
29.41,-21.1548
29.41,-20.329
29.39,-19.5226
29.4,-18.734
29.44,-17.9619
29.45,-17.2048
29.45,-16.4617
29.46,-15.7314
31.48,-15.013
31.49,-14.3056
31.49,-13.6084
31.48,-12.9206
31.48,-12.2415
31.48,-11.5704
31.46,-10.9068
31.44,-10.25
31.44,-9.5995
31.43,-8.95483
31.44,-8.31549
31.43,-7.68101
31.42,-7.05095
31.42,-6.42491
31.41,-5.80247
31.42,-5.18326
31.42,-4.5669
31.43,-3.95303
31.44,-3.3413
31.46,-2.73136
31.45,-2.12289
31.45,-1.51555
31.44,-0.90901
31.43,-0.30295
29.42,0.302949
29.42,0.909006
29.43,1.515545
29.43,2.122888
29.41,2.731362
29.4,3.341297
29.39,3.953028
29.39,4.566898
29.39,5.183259
29.38,5.802471
29.38,6.424907
29.39,7.050952
29.4,7.681006
29.39,8.315488
29.38,8.954834
29.36,9.599501
29.36,10.24997
29.37,10.90676
29.34,11.5704
29.32,12.24148
29.32,12.92059
29.32,13.60841
29.29,14.30563
29.24,15.01303
31.24,15.73141
31.27,16.46168
31.28,17.20481
31.27,17.96188
31.26,18.73404
31.25,19.5226
31.26,20.32899
31.23,21.15481
31.22,22.00185
31.21,22.87213
31.19,23.76793
31.17,24.69184
31.18,25.64687
31.17,26.63647
31.16,27.66467
31.18,28.73624
31.22,29.85687
31.2,31.03341
31.22,32.27427
31.26,33.58996
31.29,34.99383
31.23,36.50335
31.23,38.14207
31.23,39.94304
28.4,-39.943
28.37,-38.1421
28.45,-36.5034
28.56,-34.9938
28.58,-33.59
28.63,-32.2743
28.67,-31.0334
28.7,-29.8569
28.71,-28.7362
28.73,-27.6647
28.74,-26.6365
28.77,-25.6469
28.8,-24.6918
28.84,-23.7679
28.85,-22.8721
28.87,-22.0019
28.88,-21.1548
28.88,-20.329
28.86,-19.5226
28.87,-18.734
28.91,-17.9619
28.92,-17.2048
28.92,-16.4617
28.93,-15.7314
30.95,-15.013
30.96,-14.3056
30.96,-13.6084
30.95,-12.9206
30.95,-12.2415
30.95,-11.5704
30.93,-10.9068
30.91,-10.25
30.91,-9.5995
30.9,-8.95483
30.91,-8.31549
30.9,-7.68101
30.89,-7.05095
30.89,-6.42491
30.88,-5.80247
30.89,-5.18326
30.89,-4.5669
30.9,-3.95303
30.91,-3.3413
30.93,-2.73136
30.92,-2.12289
30.92,-1.51555
30.91,-0.90901
30.9,-0.30295
28.89,0.302949
28.89,0.909006
28.9,1.515545
28.9,2.122888
28.88,2.731362
28.87,3.341297
28.86,3.953028
28.86,4.566898
28.86,5.183259
28.85,5.802471
28.85,6.424907
28.86,7.050952
28.87,7.681006
28.86,8.315488
28.85,8.954834
28.83,9.599501
28.83,10.24997
28.84,10.90676
28.81,11.5704
28.79,12.24148
28.79,12.92059
28.79,13.60841
28.76,14.30563
28.71,15.01303
30.71,15.73141
30.74,16.46168
30.75,17.20481
30.74,17.96188
30.73,18.73404
30.72,19.5226
30.73,20.32899
30.7,21.15481
30.69,22.00185
30.68,22.87213
30.66,23.76793
30.64,24.69184
30.65,25.64687
30.64,26.63647
30.63,27.66467
30.65,28.73624
30.69,29.85687
30.67,31.03341
30.69,32.27427
30.73,33.58996
30.76,34.99383
30.7,36.50335
30.7,38.14207
30.7,39.94304
27.88,-39.943
27.85,-38.1421
27.93,-36.5034
28.04,-34.9938
28.06,-33.59
28.11,-32.2743
28.15,-31.0334
28.18,-29.8569
28.19,-28.7362
28.21,-27.6647
28.22,-26.6365
28.25,-25.6469
28.28,-24.6918
28.32,-23.7679
28.33,-22.8721
28.35,-22.0019
28.36,-21.1548
28.36,-20.329
28.34,-19.5226
28.35,-18.734
28.39,-17.9619
28.4,-17.2048
28.4,-16.4617
28.41,-15.7314
30.43,-15.013
30.44,-14.3056
30.44,-13.6084
30.43,-12.9206
30.43,-12.2415
30.43,-11.5704
30.41,-10.9068
30.39,-10.25
30.39,-9.5995
30.38,-8.95483
30.39,-8.31549
30.38,-7.68101
30.37,-7.05095
30.37,-6.42491
30.36,-5.80247
30.37,-5.18326
30.37,-4.5669
30.38,-3.95303
30.39,-3.3413
30.41,-2.73136
30.4,-2.12289
30.4,-1.51555
30.39,-0.90901
30.38,-0.30295
28.37,0.302949
28.37,0.909006
28.38,1.515545
28.38,2.122888
28.36,2.731362
28.35,3.341297
28.34,3.953028
28.34,4.566898
28.34,5.183259
28.33,5.802471
28.33,6.424907
28.34,7.050952
28.35,7.681006
28.34,8.315488
28.33,8.954834
28.31,9.599501
28.31,10.24997
28.32,10.90676
28.29,11.5704
28.27,12.24148
28.27,12.92059
28.27,13.60841
28.24,14.30563
28.19,15.01303
30.19,15.73141
30.22,16.46168
30.23,17.20481
30.22,17.96188
30.21,18.73404
30.2,19.5226
30.21,20.32899
30.18,21.15481
30.17,22.00185
30.16,22.87213
30.14,23.76793
30.12,24.69184
30.13,25.64687
30.12,26.63647
30.11,27.66467
30.13,28.73624
30.17,29.85687
30.15,31.03341
30.17,32.27427
30.21,33.58996
30.24,34.99383
30.18,36.50335
30.18,38.14207
30.18,39.94304
27.36,-39.943
27.33,-38.1421
27.41,-36.5034
27.52,-34.9938
27.54,-33.59
27.59,-32.2743
27.63,-31.0334
27.66,-29.8569
27.67,-28.7362
27.69,-27.6647
27.7,-26.6365
27.73,-25.6469
27.76,-24.6918
27.8,-23.7679
27.81,-22.8721
27.83,-22.0019
27.84,-21.1548
27.84,-20.329
27.82,-19.5226
27.83,-18.734
27.87,-17.9619
27.88,-17.2048
27.88,-16.4617
27.89,-15.7314
29.91,-15.013
29.92,-14.3056
29.92,-13.6084
29.91,-12.9206
29.91,-12.2415
29.91,-11.5704
29.89,-10.9068
29.87,-10.25
29.87,-9.5995
29.86,-8.95483
29.87,-8.31549
29.86,-7.68101
29.85,-7.05095
29.85,-6.42491
29.84,-5.80247
29.85,-5.18326
29.85,-4.5669
29.86,-3.95303
29.87,-3.3413
29.89,-2.73136
29.88,-2.12289
29.88,-1.51555
29.87,-0.90901
29.86,-0.30295
27.85,0.302949
27.85,0.909006
27.86,1.515545
27.86,2.122888
27.84,2.731362
27.83,3.341297
27.82,3.953028
27.82,4.566898
27.82,5.183259
27.81,5.802471
27.81,6.424907
27.82,7.050952
27.83,7.681006
27.82,8.315488
27.81,8.954834
27.79,9.599501
27.79,10.24997
27.8,10.90676
27.77,11.5704
27.75,12.24148
27.75,12.92059
27.75,13.60841
27.72,14.30563
27.67,15.01303
29.67,15.73141
29.7,16.46168
29.71,17.20481
29.7,17.96188
29.69,18.73404
29.68,19.5226
29.69,20.32899
29.66,21.15481
29.65,22.00185
29.64,22.87213
29.62,23.76793
29.6,24.69184
29.61,25.64687
29.6,26.63647
29.59,27.66467
29.61,28.73624
29.65,29.85687
29.63,31.03341
29.65,32.27427
29.69,33.58996
29.72,34.99383
29.66,36.50335
29.66,38.14207
29.66,39.94304
26.84,-39.943
26.81,-38.1421
26.89,-36.5034
27.0,-34.9938
27.02,-33.59
27.07,-32.2743
27.11,-31.0334
27.14,-29.8569
27.15,-28.7362
27.17,-27.6647
27.18,-26.6365
27.21,-25.6469
27.24,-24.6918
27.28,-23.7679
27.29,-22.8721
27.31,-22.0019
27.32,-21.1548
27.32,-20.329
27.3,-19.5226
27.31,-18.734
27.35,-17.9619
27.36,-17.2048
27.36,-16.4617
27.37,-15.7314
29.39,-15.013
29.4,-14.3056
29.4,-13.6084
29.39,-12.9206
29.39,-12.2415
29.39,-11.5704
29.37,-10.9068
29.35,-10.25
29.35,-9.5995
29.34,-8.95483
29.35,-8.31549
29.34,-7.68101
29.33,-7.05095
29.33,-6.42491
29.32,-5.80247
29.33,-5.18326
29.33,-4.5669
29.34,-3.95303
29.35,-3.3413
29.37,-2.73136
29.36,-2.12289
29.36,-1.51555
29.35,-0.90901
29.34,-0.30295
27.33,0.302949
27.33,0.909006
27.34,1.515545
27.34,2.122888
27.32,2.731362
27.31,3.341297
27.3,3.953028
27.3,4.566898
27.3,5.183259
27.29,5.802471
27.29,6.424907
27.3,7.050952
27.31,7.681006
27.3,8.315488
27.29,8.954834
27.27,9.599501
27.27,10.24997
27.28,10.90676
27.25,11.5704
27.23,12.24148
27.23,12.92059
27.23,13.60841
27.2,14.30563
27.15,15.01303
29.15,15.73141
29.18,16.46168
29.19,17.20481
29.18,17.96188
29.17,18.73404
29.16,19.5226
29.17,20.32899
29.14,21.15481
29.13,22.00185
29.12,22.87213
29.1,23.76793
29.08,24.69184
29.09,25.64687
29.08,26.63647
29.07,27.66467
29.09,28.73624
29.13,29.85687
29.11,31.03341
29.13,32.27427
29.17,33.58996
29.2,34.99383
29.14,36.50335
29.14,38.14207
29.14,39.94304
26.31,-39.943
26.28,-38.1421
26.36,-36.5034
26.47,-34.9938
26.49,-33.59
26.54,-32.2743
26.58,-31.0334
26.61,-29.8569
26.62,-28.7362
26.64,-27.6647
26.65,-26.6365
26.68,-25.6469
26.71,-24.6918
26.75,-23.7679
26.76,-22.8721
26.78,-22.0019
26.79,-21.1548
26.79,-20.329
26.77,-19.5226
26.78,-18.734
26.82,-17.9619
26.83,-17.2048
26.83,-16.4617
26.84,-15.7314
28.86,-15.013
28.87,-14.3056
28.87,-13.6084
28.86,-12.9206
28.86,-12.2415
28.86,-11.5704
28.84,-10.9068
28.82,-10.25
28.82,-9.5995
28.81,-8.95483
28.82,-8.31549
28.81,-7.68101
28.8,-7.05095
28.8,-6.42491
28.79,-5.80247
28.8,-5.18326
28.8,-4.5669
28.81,-3.95303
28.82,-3.3413
28.84,-2.73136
28.83,-2.12289
28.83,-1.51555
28.82,-0.90901
28.81,-0.30295
26.8,0.302949
26.8,0.909006
26.81,1.515545
26.81,2.122888
26.79,2.731362
26.78,3.341297
26.77,3.953028
26.77,4.566898
26.77,5.183259
26.76,5.802471
26.76,6.424907
26.77,7.050952
26.78,7.681006
26.77,8.315488
26.76,8.954834
26.74,9.599501
26.74,10.24997
26.75,10.90676
26.72,11.5704
26.7,12.24148
26.7,12.92059
26.7,13.60841
26.67,14.30563
26.62,15.01303
28.62,15.73141
28.65,16.46168
28.66,17.20481
28.65,17.96188
28.64,18.73404
28.63,19.5226
28.64,20.32899
28.61,21.15481
28.6,22.00185
28.59,22.87213
28.57,23.76793
28.55,24.69184
28.56,25.64687
28.55,26.63647
28.54,27.66467
28.56,28.73624
28.6,29.85687
28.58,31.03341
28.6,32.27427
28.64,33.58996
28.67,34.99383
28.61,36.50335
28.61,38.14207
28.61,39.94304
25.79,-39.943
25.76,-38.1421
25.84,-36.5034
25.95,-34.9938
25.97,-33.59
26.02,-32.2743
26.06,-31.0334
26.09,-29.8569
26.1,-28.7362
26.12,-27.6647
26.13,-26.6365
26.16,-25.6469
26.19,-24.6918
26.23,-23.7679
26.24,-22.8721
26.26,-22.0019
26.27,-21.1548
26.27,-20.329
26.25,-19.5226
26.26,-18.734
26.3,-17.9619
26.31,-17.2048
26.31,-16.4617
26.32,-15.7314
28.34,-15.013
28.35,-14.3056
28.35,-13.6084
28.34,-12.9206
28.34,-12.2415
28.34,-11.5704
28.32,-10.9068
28.3,-10.25
28.3,-9.5995
28.29,-8.95483
28.3,-8.31549
28.29,-7.68101
28.28,-7.05095
28.28,-6.42491
28.27,-5.80247
28.28,-5.18326
28.28,-4.5669
28.29,-3.95303
28.3,-3.3413
28.32,-2.73136
28.31,-2.12289
28.31,-1.51555
28.3,-0.90901
28.29,-0.30295
26.28,0.302949
26.28,0.909006
26.29,1.515545
26.29,2.122888
26.27,2.731362
26.26,3.341297
26.25,3.953028
26.25,4.566898
26.25,5.183259
26.24,5.802471
26.24,6.424907
26.25,7.050952
26.26,7.681006
26.25,8.315488
26.24,8.954834
26.22,9.599501
26.22,10.24997
26.23,10.90676
26.2,11.5704
26.18,12.24148
26.18,12.92059
26.18,13.60841
26.15,14.30563
26.1,15.01303
28.1,15.73141
28.13,16.46168
28.14,17.20481
28.13,17.96188
28.12,18.73404
28.11,19.5226
28.12,20.32899
28.09,21.15481
28.08,22.00185
28.07,22.87213
28.05,23.76793
28.03,24.69184
28.04,25.64687
28.03,26.63647
28.02,27.66467
28.04,28.73624
28.08,29.85687
28.06,31.03341
28.08,32.27427
28.12,33.58996
28.15,34.99383
28.09,36.50335
28.09,38.14207
28.09,39.94304
25.27,-39.943
25.24,-38.1421
25.32,-36.5034
25.43,-34.9938
25.45,-33.59
25.5,-32.2743
25.54,-31.0334
25.57,-29.8569
25.58,-28.7362
25.6,-27.6647
25.61,-26.6365
25.64,-25.6469
25.67,-24.6918
25.71,-23.7679
25.72,-22.8721
25.74,-22.0019
25.75,-21.1548
25.75,-20.329
25.73,-19.5226
25.74,-18.734
25.78,-17.9619
25.79,-17.2048
25.79,-16.4617
25.8,-15.7314
27.82,-15.013
27.83,-14.3056
27.83,-13.6084
27.82,-12.9206
27.82,-12.2415
27.82,-11.5704
27.8,-10.9068
27.78,-10.25
27.78,-9.5995
27.77,-8.95483
27.78,-8.31549
27.77,-7.68101
27.76,-7.05095
27.76,-6.42491
27.75,-5.80247
27.76,-5.18326
27.76,-4.5669
27.77,-3.95303
27.78,-3.3413
27.8,-2.73136
27.79,-2.12289
27.79,-1.51555
27.78,-0.90901
27.77,-0.30295
25.76,0.302949
25.76,0.909006
25.77,1.515545
25.77,2.122888
25.75,2.731362
25.74,3.341297
25.73,3.953028
25.73,4.566898
25.73,5.183259
25.72,5.802471
25.72,6.424907
25.73,7.050952
25.74,7.681006
25.73,8.315488
25.72,8.954834
25.7,9.599501
25.7,10.24997
25.71,10.90676
25.68,11.5704
25.66,12.24148
25.66,12.92059
25.66,13.60841
25.63,14.30563
25.58,15.01303
27.58,15.73141
27.61,16.46168
27.62,17.20481
27.61,17.96188
27.6,18.73404
27.59,19.5226
27.6,20.32899
27.57,21.15481
27.56,22.00185
27.55,22.87213
27.53,23.76793
27.51,24.69184
27.52,25.64687
27.51,26.63647
27.5,27.66467
27.52,28.73624
27.56,29.85687
27.54,31.03341
27.56,32.27427
27.6,33.58996
27.63,34.99383
27.57,36.50335
27.57,38.14207
27.57,39.94304
24.75,-39.943
24.72,-38.1421
24.8,-36.5034
24.91,-34.9938
24.93,-33.59
24.98,-32.2743
25.02,-31.0334
25.05,-29.8569
25.06,-28.7362
25.08,-27.6647
25.09,-26.6365
25.12,-25.6469
25.15,-24.6918
25.19,-23.7679
25.2,-22.8721
25.22,-22.0019
25.23,-21.1548
25.23,-20.329
25.21,-19.5226
25.22,-18.734
25.26,-17.9619
25.27,-17.2048
25.27,-16.4617
25.28,-15.7314
27.3,-15.013
27.31,-14.3056
27.31,-13.6084
27.3,-12.9206
27.3,-12.2415
27.3,-11.5704
27.28,-10.9068
27.26,-10.25
27.26,-9.5995
27.25,-8.95483
27.26,-8.31549
27.25,-7.68101
27.24,-7.05095
27.24,-6.42491
27.23,-5.80247
27.24,-5.18326
27.24,-4.5669
27.25,-3.95303
27.26,-3.3413
27.28,-2.73136
27.27,-2.12289
27.27,-1.51555
27.26,-0.90901
27.25,-0.30295
25.24,0.302949
25.24,0.909006
25.25,1.515545
25.25,2.122888
25.23,2.731362
25.22,3.341297
25.21,3.953028
25.21,4.566898
25.21,5.183259
25.2,5.802471
25.2,6.424907
25.21,7.050952
25.22,7.681006
25.21,8.315488
25.2,8.954834
25.18,9.599501
25.18,10.24997
25.19,10.90676
25.16,11.5704
25.14,12.24148
25.14,12.92059
25.14,13.60841
25.11,14.30563
25.06,15.01303
27.06,15.73141
27.09,16.46168
27.1,17.20481
27.09,17.96188
27.08,18.73404
27.07,19.5226
27.08,20.32899
27.05,21.15481
27.04,22.00185
27.03,22.87213
27.01,23.76793
26.99,24.69184
27.0,25.64687
26.99,26.63647
26.98,27.66467
27.0,28.73624
27.04,29.85687
27.02,31.03341
27.04,32.27427
27.08,33.58996
27.11,34.99383
27.05,36.50335
27.05,38.14207
27.05,39.94304
24.22,-39.943
24.19,-38.1421
24.27,-36.5034
24.38,-34.9938
24.4,-33.59
24.45,-32.2743
24.49,-31.0334
24.52,-29.8569
24.53,-28.7362
24.55,-27.6647
24.56,-26.6365
24.59,-25.6469
24.62,-24.6918
24.66,-23.7679
24.67,-22.8721
24.69,-22.0019
24.7,-21.1548
24.7,-20.329
24.68,-19.5226
24.69,-18.734
24.73,-17.9619
24.74,-17.2048
24.74,-16.4617
24.75,-15.7314
26.77,-15.013
26.78,-14.3056
26.78,-13.6084
26.77,-12.9206
26.77,-12.2415
26.77,-11.5704
26.75,-10.9068
26.73,-10.25
26.73,-9.5995
26.72,-8.95483
26.73,-8.31549
26.72,-7.68101
26.71,-7.05095
26.71,-6.42491
26.7,-5.80247
26.71,-5.18326
26.71,-4.5669
26.72,-3.95303
26.73,-3.3413
26.75,-2.73136
26.74,-2.12289
26.74,-1.51555
26.73,-0.90901
26.72,-0.30295
24.71,0.302949
24.71,0.909006
24.72,1.515545
24.72,2.122888
24.7,2.731362
24.69,3.341297
24.68,3.953028
24.68,4.566898
24.68,5.183259
24.67,5.802471
24.67,6.424907
24.68,7.050952
24.69,7.681006
24.68,8.315488
24.67,8.954834
24.65,9.599501
24.65,10.24997
24.66,10.90676
24.63,11.5704
24.61,12.24148
24.61,12.92059
24.61,13.60841
24.58,14.30563
24.53,15.01303
26.53,15.73141
26.56,16.46168
26.57,17.20481
26.56,17.96188
26.55,18.73404
26.54,19.5226
26.55,20.32899
26.52,21.15481
26.51,22.00185
26.5,22.87213
26.48,23.76793
26.46,24.69184
26.47,25.64687
26.46,26.63647
26.45,27.66467
26.47,28.73624
26.51,29.85687
26.49,31.03341
26.51,32.27427
26.55,33.58996
26.58,34.99383
26.52,36.50335
26.52,38.14207
26.52,39.94304
23.7,-39.943
23.67,-38.1421
23.75,-36.5034
23.86,-34.9938
23.88,-33.59
23.93,-32.2743
23.97,-31.0334
24.0,-29.8569
24.01,-28.7362
24.03,-27.6647
24.04,-26.6365
24.07,-25.6469
24.1,-24.6918
24.14,-23.7679
24.15,-22.8721
24.17,-22.0019
24.18,-21.1548
24.18,-20.329
24.16,-19.5226
24.17,-18.734
24.21,-17.9619
24.22,-17.2048
24.22,-16.4617
24.23,-15.7314
26.25,-15.013
26.26,-14.3056
26.26,-13.6084
26.25,-12.9206
26.25,-12.2415
26.25,-11.5704
26.23,-10.9068
26.21,-10.25
26.21,-9.5995
26.2,-8.95483
26.21,-8.31549
26.2,-7.68101
26.19,-7.05095
26.19,-6.42491
26.18,-5.80247
26.19,-5.18326
26.19,-4.5669
26.2,-3.95303
26.21,-3.3413
26.23,-2.73136
26.22,-2.12289
26.22,-1.51555
26.21,-0.90901
26.2,-0.30295
24.19,0.302949
24.19,0.909006
24.2,1.515545
24.2,2.122888
24.18,2.731362
24.17,3.341297
24.16,3.953028
24.16,4.566898
24.16,5.183259
24.15,5.802471
24.15,6.424907
24.16,7.050952
24.17,7.681006
24.16,8.315488
24.15,8.954834
24.13,9.599501
24.13,10.24997
24.14,10.90676
24.11,11.5704
24.09,12.24148
24.09,12.92059
24.09,13.60841
24.06,14.30563
24.01,15.01303
26.01,15.73141
26.04,16.46168
26.05,17.20481
26.04,17.96188
26.03,18.73404
26.02,19.5226
26.03,20.32899
26.0,21.15481
25.99,22.00185
25.98,22.87213
25.96,23.76793
25.94,24.69184
25.95,25.64687
25.94,26.63647
25.93,27.66467
25.95,28.73624
25.99,29.85687
25.97,31.03341
25.99,32.27427
26.03,33.58996
26.06,34.99383
26.0,36.50335
26.0,38.14207
26.0,39.94304
23.18,-39.943
23.15,-38.1421
23.23,-36.5034
23.34,-34.9938
23.36,-33.59
23.41,-32.2743
23.45,-31.0334
23.48,-29.8569
23.49,-28.7362
23.51,-27.6647
23.52,-26.6365
23.55,-25.6469
23.58,-24.6918
23.62,-23.7679
23.63,-22.8721
23.65,-22.0019
23.66,-21.1548
23.66,-20.329
23.64,-19.5226
23.65,-18.734
23.69,-17.9619
23.7,-17.2048
23.7,-16.4617
23.71,-15.7314
25.73,-15.013
25.74,-14.3056
25.74,-13.6084
25.73,-12.9206
25.73,-12.2415
25.73,-11.5704
25.71,-10.9068
25.69,-10.25
25.69,-9.5995
25.68,-8.95483
25.69,-8.31549
25.68,-7.68101
25.67,-7.05095
25.67,-6.42491
25.66,-5.80247
25.67,-5.18326
25.67,-4.5669
25.68,-3.95303
25.69,-3.3413
25.71,-2.73136
25.7,-2.12289
25.7,-1.51555
25.69,-0.90901
25.68,-0.30295
23.67,0.302949
23.67,0.909006
23.68,1.515545
23.68,2.122888
23.66,2.731362
23.65,3.341297
23.64,3.953028
23.64,4.566898
23.64,5.183259
23.63,5.802471
23.63,6.424907
23.64,7.050952
23.65,7.681006
23.64,8.315488
23.63,8.954834
23.61,9.599501
23.61,10.24997
23.62,10.90676
23.59,11.5704
23.57,12.24148
23.57,12.92059
23.57,13.60841
23.54,14.30563
23.49,15.01303
25.49,15.73141
25.52,16.46168
25.53,17.20481
25.52,17.96188
25.51,18.73404
25.5,19.5226
25.51,20.32899
25.48,21.15481
25.47,22.00185
25.46,22.87213
25.44,23.76793
25.42,24.69184
25.43,25.64687
25.42,26.63647
25.41,27.66467
25.43,28.73624
25.47,29.85687
25.45,31.03341
25.47,32.27427
25.51,33.58996
25.54,34.99383
25.48,36.50335
25.48,38.14207
25.48,39.94304
22.66,-39.943
22.63,-38.1421
22.71,-36.5034
22.82,-34.9938
22.84,-33.59
22.89,-32.2743
22.93,-31.0334
22.96,-29.8569
22.97,-28.7362
22.99,-27.6647
23.0,-26.6365
23.03,-25.6469
23.06,-24.6918
23.1,-23.7679
23.11,-22.8721
23.13,-22.0019
23.14,-21.1548
23.14,-20.329
23.12,-19.5226
23.13,-18.734
23.17,-17.9619
23.18,-17.2048
23.18,-16.4617
23.19,-15.7314
25.21,-15.013
25.22,-14.3056
25.22,-13.6084
25.21,-12.9206
25.21,-12.2415
25.21,-11.5704
25.19,-10.9068
25.17,-10.25
25.17,-9.5995
25.16,-8.95483
25.17,-8.31549
25.16,-7.68101
25.15,-7.05095
25.15,-6.42491
25.14,-5.80247
25.15,-5.18326
25.15,-4.5669
25.16,-3.95303
25.17,-3.3413
25.19,-2.73136
25.18,-2.12289
25.18,-1.51555
25.17,-0.90901
25.16,-0.30295
23.15,0.302949
23.15,0.909006
23.16,1.515545
23.16,2.122888
23.14,2.731362
23.13,3.341297
23.12,3.953028
23.12,4.566898
23.12,5.183259
23.11,5.802471
23.11,6.424907
23.12,7.050952
23.13,7.681006
23.12,8.315488
23.11,8.954834
23.09,9.599501
23.09,10.24997
23.1,10.90676
23.07,11.5704
23.05,12.24148
23.05,12.92059
23.05,13.60841
23.02,14.30563
22.97,15.01303
24.97,15.73141
25.0,16.46168
25.01,17.20481
25.0,17.96188
24.99,18.73404
24.98,19.5226
24.99,20.32899
24.96,21.15481
24.95,22.00185
24.94,22.87213
24.92,23.76793
24.9,24.69184
24.91,25.64687
24.9,26.63647
24.89,27.66467
24.91,28.73624
24.95,29.85687
24.93,31.03341
24.95,32.27427
24.99,33.58996
25.02,34.99383
24.96,36.50335
24.96,38.14207
24.96,39.94304
22.13,-39.943
22.1,-38.1421
22.18,-36.5034
22.29,-34.9938
22.31,-33.59
22.36,-32.2743
22.4,-31.0334
22.43,-29.8569
22.44,-28.7362
22.46,-27.6647
22.47,-26.6365
22.5,-25.6469
22.53,-24.6918
22.57,-23.7679
22.58,-22.8721
22.6,-22.0019
22.61,-21.1548
22.61,-20.329
22.59,-19.5226
22.6,-18.734
22.64,-17.9619
22.65,-17.2048
22.65,-16.4617
22.66,-15.7314
24.68,-15.013
24.69,-14.3056
24.69,-13.6084
24.68,-12.9206
24.68,-12.2415
24.68,-11.5704
24.66,-10.9068
24.64,-10.25
24.64,-9.5995
24.63,-8.95483
24.64,-8.31549
24.63,-7.68101
24.62,-7.05095
24.62,-6.42491
24.61,-5.80247
24.62,-5.18326
24.62,-4.5669
24.63,-3.95303
24.64,-3.3413
24.66,-2.73136
24.65,-2.12289
24.65,-1.51555
24.64,-0.90901
24.63,-0.30295
22.62,0.302949
22.62,0.909006
22.63,1.515545
22.63,2.122888
22.61,2.731362
22.6,3.341297
22.59,3.953028
22.59,4.566898
22.59,5.183259
22.58,5.802471
22.58,6.424907
22.59,7.050952
22.6,7.681006
22.59,8.315488
22.58,8.954834
22.56,9.599501
22.56,10.24997
22.57,10.90676
22.54,11.5704
22.52,12.24148
22.52,12.92059
22.52,13.60841
22.49,14.30563
22.44,15.01303
24.44,15.73141
24.47,16.46168
24.48,17.20481
24.47,17.96188
24.46,18.73404
24.45,19.5226
24.46,20.32899
24.43,21.15481
24.42,22.00185
24.41,22.87213
24.39,23.76793
24.37,24.69184
24.38,25.64687
24.37,26.63647
24.36,27.66467
24.38,28.73624
24.42,29.85687
24.4,31.03341
24.42,32.27427
24.46,33.58996
24.49,34.99383
24.43,36.50335
24.43,38.14207
24.43,39.94304
21.61,-39.943
21.58,-38.1421
21.66,-36.5034
21.77,-34.9938
21.79,-33.59
21.84,-32.2743
21.88,-31.0334
21.91,-29.8569
21.92,-28.7362
21.94,-27.6647
21.95,-26.6365
21.98,-25.6469
22.01,-24.6918
22.05,-23.7679
22.06,-22.8721
22.08,-22.0019
22.09,-21.1548
22.09,-20.329
22.07,-19.5226
22.08,-18.734
22.12,-17.9619
22.13,-17.2048
22.13,-16.4617
22.14,-15.7314
24.16,-15.013
24.17,-14.3056
24.17,-13.6084
24.16,-12.9206
24.16,-12.2415
24.16,-11.5704
24.14,-10.9068
24.12,-10.25
24.12,-9.5995
24.11,-8.95483
24.12,-8.31549
24.11,-7.68101
24.1,-7.05095
24.1,-6.42491
24.09,-5.80247
24.1,-5.18326
24.1,-4.5669
24.11,-3.95303
24.12,-3.3413
24.14,-2.73136
24.13,-2.12289
24.13,-1.51555
24.12,-0.90901
24.11,-0.30295
22.1,0.302949
22.1,0.909006
22.11,1.515545
22.11,2.122888
22.09,2.731362
22.08,3.341297
22.07,3.953028
22.07,4.566898
22.07,5.183259
22.06,5.802471
22.06,6.424907
22.07,7.050952
22.08,7.681006
22.07,8.315488
22.06,8.954834
22.04,9.599501
22.04,10.24997
22.05,10.90676
22.02,11.5704
22.0,12.24148
22.0,12.92059
22.0,13.60841
21.97,14.30563
21.92,15.01303
23.92,15.73141
23.95,16.46168
23.96,17.20481
23.95,17.96188
23.94,18.73404
23.93,19.5226
23.94,20.32899
23.91,21.15481
23.9,22.00185
23.89,22.87213
23.87,23.76793
23.85,24.69184
23.86,25.64687
23.85,26.63647
23.84,27.66467
23.86,28.73624
23.9,29.85687
23.88,31.03341
23.9,32.27427
23.94,33.58996
23.97,34.99383
23.91,36.50335
23.91,38.14207
23.91,39.94304
21.09,-39.943
21.06,-38.1421
21.14,-36.5034
21.25,-34.9938
21.27,-33.59
21.32,-32.2743
21.36,-31.0334
21.39,-29.8569
21.4,-28.7362
21.42,-27.6647
21.43,-26.6365
21.46,-25.6469
21.49,-24.6918
21.53,-23.7679
21.54,-22.8721
21.56,-22.0019
21.57,-21.1548
21.57,-20.329
21.55,-19.5226
21.56,-18.734
21.6,-17.9619
21.61,-17.2048
21.61,-16.4617
21.62,-15.7314
23.64,-15.013
23.65,-14.3056
23.65,-13.6084
23.64,-12.9206
23.64,-12.2415
23.64,-11.5704
23.62,-10.9068
23.6,-10.25
23.6,-9.5995
23.59,-8.95483
23.6,-8.31549
23.59,-7.68101
23.58,-7.05095
23.58,-6.42491
23.57,-5.80247
23.58,-5.18326
23.58,-4.5669
23.59,-3.95303
23.6,-3.3413
23.62,-2.73136
23.61,-2.12289
23.61,-1.51555
23.6,-0.90901
23.59,-0.30295
21.58,0.302949
21.58,0.909006
21.59,1.515545
21.59,2.122888
21.57,2.731362
21.56,3.341297
21.55,3.953028
21.55,4.566898
21.55,5.183259
21.54,5.802471
21.54,6.424907
21.55,7.050952
21.56,7.681006
21.55,8.315488
21.54,8.954834
21.52,9.599501
21.52,10.24997
21.53,10.90676
21.5,11.5704
21.48,12.24148
21.48,12.92059
21.48,13.60841
21.45,14.30563
21.4,15.01303
23.4,15.73141
23.43,16.46168
23.44,17.20481
23.43,17.96188
23.42,18.73404
23.41,19.5226
23.42,20.32899
23.39,21.15481
23.38,22.00185
23.37,22.87213
23.35,23.76793
23.33,24.69184
23.34,25.64687
23.33,26.63647
23.32,27.66467
23.34,28.73624
23.38,29.85687
23.36,31.03341
23.38,32.27427
23.42,33.58996
23.45,34.99383
23.39,36.50335
23.39,38.14207
23.39,39.94304
20.57,-39.943
20.54,-38.1421
20.62,-36.5034
20.73,-34.9938
20.75,-33.59
20.8,-32.2743
20.84,-31.0334
20.87,-29.8569
20.88,-28.7362
20.9,-27.6647
20.91,-26.6365
20.94,-25.6469
20.97,-24.6918
21.01,-23.7679
21.02,-22.8721
21.04,-22.0019
21.05,-21.1548
21.05,-20.329
21.03,-19.5226
21.04,-18.734
21.08,-17.9619
21.09,-17.2048
21.09,-16.4617
21.1,-15.7314
23.12,-15.013
23.13,-14.3056
23.13,-13.6084
23.12,-12.9206
23.12,-12.2415
23.12,-11.5704
23.1,-10.9068
23.08,-10.25
23.08,-9.5995
23.07,-8.95483
23.08,-8.31549
23.07,-7.68101
23.06,-7.05095
23.06,-6.42491
23.05,-5.80247
23.06,-5.18326
23.06,-4.5669
23.07,-3.95303
23.08,-3.3413
23.1,-2.73136
23.09,-2.12289
23.09,-1.51555
23.08,-0.90901
23.07,-0.30295
21.06,0.302949
21.06,0.909006
21.07,1.515545
21.07,2.122888
21.05,2.731362
21.04,3.341297
21.03,3.953028
21.03,4.566898
21.03,5.183259
21.02,5.802471
21.02,6.424907
21.03,7.050952
21.04,7.681006
21.03,8.315488
21.02,8.954834
21.0,9.599501
21.0,10.24997
21.01,10.90676
20.98,11.5704
20.96,12.24148
20.96,12.92059
20.96,13.60841
20.93,14.30563
20.88,15.01303
22.88,15.73141
22.91,16.46168
22.92,17.20481
22.91,17.96188
22.9,18.73404
22.89,19.5226
22.9,20.32899
22.87,21.15481
22.86,22.00185
22.85,22.87213
22.83,23.76793
22.81,24.69184
22.82,25.64687
22.81,26.63647
22.8,27.66467
22.82,28.73624
22.86,29.85687
22.84,31.03341
22.86,32.27427
22.9,33.58996
22.93,34.99383
22.87,36.50335
22.87,38.14207
22.87,39.94304
20.04,-39.943
20.01,-38.1421
20.09,-36.5034
20.2,-34.9938
20.22,-33.59
20.27,-32.2743
20.31,-31.0334
20.34,-29.8569
20.35,-28.7362
20.37,-27.6647
20.38,-26.6365
20.41,-25.6469
20.44,-24.6918
20.48,-23.7679
20.49,-22.8721
20.51,-22.0019
20.52,-21.1548
20.52,-20.329
20.5,-19.5226
20.51,-18.734
20.55,-17.9619
20.56,-17.2048
20.56,-16.4617
20.57,-15.7314
22.59,-15.013
22.6,-14.3056
22.6,-13.6084
22.59,-12.9206
22.59,-12.2415
22.59,-11.5704
22.57,-10.9068
22.55,-10.25
22.55,-9.5995
22.54,-8.95483
22.55,-8.31549
22.54,-7.68101
22.53,-7.05095
22.53,-6.42491
22.52,-5.80247
22.53,-5.18326
22.53,-4.5669
22.54,-3.95303
22.55,-3.3413
22.57,-2.73136
22.56,-2.12289
22.56,-1.51555
22.55,-0.90901
22.54,-0.30295
20.53,0.302949
20.53,0.909006
20.54,1.515545
20.54,2.122888
20.52,2.731362
20.51,3.341297
20.5,3.953028
20.5,4.566898
20.5,5.183259
20.49,5.802471
20.49,6.424907
20.5,7.050952
20.51,7.681006
20.5,8.315488
20.49,8.954834
20.47,9.599501
20.47,10.24997
20.48,10.90676
20.45,11.5704
20.43,12.24148
20.43,12.92059
20.43,13.60841
20.4,14.30563
20.35,15.01303
22.35,15.73141
22.38,16.46168
22.39,17.20481
22.38,17.96188
22.37,18.73404
22.36,19.5226
22.37,20.32899
22.34,21.15481
22.33,22.00185
22.32,22.87213
22.3,23.76793
22.28,24.69184
22.29,25.64687
22.28,26.63647
22.27,27.66467
22.29,28.73624
22.33,29.85687
22.31,31.03341
22.33,32.27427
22.37,33.58996
22.4,34.99383
22.34,36.50335
22.34,38.14207
22.34,39.94304
19.52,-39.943
19.49,-38.1421
19.57,-36.5034
19.68,-34.9938
19.7,-33.59
19.75,-32.2743
19.79,-31.0334
19.82,-29.8569
19.83,-28.7362
19.85,-27.6647
19.86,-26.6365
19.89,-25.6469
19.92,-24.6918
19.96,-23.7679
19.97,-22.8721
19.99,-22.0019
20.0,-21.1548
20.0,-20.329
19.98,-19.5226
19.99,-18.734
20.03,-17.9619
20.04,-17.2048
20.04,-16.4617
20.05,-15.7314
22.07,-15.013
22.08,-14.3056
22.08,-13.6084
22.07,-12.9206
22.07,-12.2415
22.07,-11.5704
22.05,-10.9068
22.03,-10.25
22.03,-9.5995
22.02,-8.95483
22.03,-8.31549
22.02,-7.68101
22.01,-7.05095
22.01,-6.42491
22.0,-5.80247
22.01,-5.18326
22.01,-4.5669
22.02,-3.95303
22.03,-3.3413
22.05,-2.73136
22.04,-2.12289
22.04,-1.51555
22.03,-0.90901
22.02,-0.30295
20.01,0.302949
20.01,0.909006
20.02,1.515545
20.02,2.122888
20.0,2.731362
19.99,3.341297
19.98,3.953028
19.98,4.566898
19.98,5.183259
19.97,5.802471
19.97,6.424907
19.98,7.050952
19.99,7.681006
19.98,8.315488
19.97,8.954834
19.95,9.599501
19.95,10.24997
19.96,10.90676
19.93,11.5704
19.91,12.24148
19.91,12.92059
19.91,13.60841
19.88,14.30563
19.83,15.01303
21.83,15.73141
21.86,16.46168
21.87,17.20481
21.86,17.96188
21.85,18.73404
21.84,19.5226
21.85,20.32899
21.82,21.15481
21.81,22.00185
21.8,22.87213
21.78,23.76793
21.76,24.69184
21.77,25.64687
21.76,26.63647
21.75,27.66467
21.77,28.73624
21.81,29.85687
21.79,31.03341
21.81,32.27427
21.85,33.58996
21.88,34.99383
21.82,36.50335
21.82,38.14207
21.82,39.94304
19.0,-39.943
18.97,-38.1421
19.05,-36.5034
19.16,-34.9938
19.18,-33.59
19.23,-32.2743
19.27,-31.0334
19.3,-29.8569
19.31,-28.7362
19.33,-27.6647
19.34,-26.6365
19.37,-25.6469
19.4,-24.6918
19.44,-23.7679
19.45,-22.8721
19.47,-22.0019
19.48,-21.1548
19.48,-20.329
19.46,-19.5226
19.47,-18.734
19.51,-17.9619
19.52,-17.2048
19.52,-16.4617
19.53,-15.7314
21.55,-15.013
21.56,-14.3056
21.56,-13.6084
21.55,-12.9206
21.55,-12.2415
21.55,-11.5704
21.53,-10.9068
21.51,-10.25
21.51,-9.5995
21.5,-8.95483
21.51,-8.31549
21.5,-7.68101
21.49,-7.05095
21.49,-6.42491
21.48,-5.80247
21.49,-5.18326
21.49,-4.5669
21.5,-3.95303
21.51,-3.3413
21.53,-2.73136
21.52,-2.12289
21.52,-1.51555
21.51,-0.90901
21.5,-0.30295
19.49,0.302949
19.49,0.909006
19.5,1.515545
19.5,2.122888
19.48,2.731362
19.47,3.341297
19.46,3.953028
19.46,4.566898
19.46,5.183259
19.45,5.802471
19.45,6.424907
19.46,7.050952
19.47,7.681006
19.46,8.315488
19.45,8.954834
19.43,9.599501
19.43,10.24997
19.44,10.90676
19.41,11.5704
19.39,12.24148
19.39,12.92059
19.39,13.60841
19.36,14.30563
19.31,15.01303
21.31,15.73141
21.34,16.46168
21.35,17.20481
21.34,17.96188
21.33,18.73404
21.32,19.5226
21.33,20.32899
21.3,21.15481
21.29,22.00185
21.28,22.87213
21.26,23.76793
21.24,24.69184
21.25,25.64687
21.24,26.63647
21.23,27.66467
21.25,28.73624
21.29,29.85687
21.27,31.03341
21.29,32.27427
21.33,33.58996
21.36,34.99383
21.3,36.50335
21.3,38.14207
21.3,39.94304
18.48,-39.943
18.45,-38.1421
18.53,-36.5034
18.64,-34.9938
18.66,-33.59
18.71,-32.2743
18.75,-31.0334
18.78,-29.8569
18.79,-28.7362
18.81,-27.6647
18.82,-26.6365
18.85,-25.6469
18.88,-24.6918
18.92,-23.7679
18.93,-22.8721
18.95,-22.0019
18.96,-21.1548
18.96,-20.329
18.94,-19.5226
18.95,-18.734
18.99,-17.9619
19.0,-17.2048
19.0,-16.4617
19.01,-15.7314
21.03,-15.013
21.04,-14.3056
21.04,-13.6084
21.03,-12.9206
21.03,-12.2415
21.03,-11.5704
21.01,-10.9068
20.99,-10.25
20.99,-9.5995
20.98,-8.95483
20.99,-8.31549
20.98,-7.68101
20.97,-7.05095
20.97,-6.42491
20.96,-5.80247
20.97,-5.18326
20.97,-4.5669
20.98,-3.95303
20.99,-3.3413
21.01,-2.73136
21.0,-2.12289
21.0,-1.51555
20.99,-0.90901
20.98,-0.30295
18.97,0.302949
18.97,0.909006
18.98,1.515545
18.98,2.122888
18.96,2.731362
18.95,3.341297
18.94,3.953028
18.94,4.566898
18.94,5.183259
18.93,5.802471
18.93,6.424907
18.94,7.050952
18.95,7.681006
18.94,8.315488
18.93,8.954834
18.91,9.599501
18.91,10.24997
18.92,10.90676
18.89,11.5704
18.87,12.24148
18.87,12.92059
18.87,13.60841
18.84,14.30563
18.79,15.01303
20.79,15.73141
20.82,16.46168
20.83,17.20481
20.82,17.96188
20.81,18.73404
20.8,19.5226
20.81,20.32899
20.78,21.15481
20.77,22.00185
20.76,22.87213
20.74,23.76793
20.72,24.69184
20.73,25.64687
20.72,26.63647
20.71,27.66467
20.73,28.73624
20.77,29.85687
20.75,31.03341
20.77,32.27427
20.81,33.58996
20.84,34.99383
20.78,36.50335
20.78,38.14207
20.78,39.94304
17.95,-39.943
17.92,-38.1421
18.0,-36.5034
18.11,-34.9938
18.13,-33.59
18.18,-32.2743
18.22,-31.0334
18.25,-29.8569
18.26,-28.7362
18.28,-27.6647
18.29,-26.6365
18.32,-25.6469
18.35,-24.6918
18.39,-23.7679
18.4,-22.8721
18.42,-22.0019
18.43,-21.1548
18.43,-20.329
18.41,-19.5226
18.42,-18.734
18.46,-17.9619
18.47,-17.2048
18.47,-16.4617
18.48,-15.7314
20.5,-15.013
20.51,-14.3056
20.51,-13.6084
20.5,-12.9206
20.5,-12.2415
20.5,-11.5704
20.48,-10.9068
20.46,-10.25
20.46,-9.5995
20.45,-8.95483
20.46,-8.31549
20.45,-7.68101
20.44,-7.05095
20.44,-6.42491
20.43,-5.80247
20.44,-5.18326
20.44,-4.5669
20.45,-3.95303
20.46,-3.3413
20.48,-2.73136
20.47,-2.12289
20.47,-1.51555
20.46,-0.90901
20.45,-0.30295
18.44,0.302949
18.44,0.909006
18.45,1.515545
18.45,2.122888
18.43,2.731362
18.42,3.341297
18.41,3.953028
18.41,4.566898
18.41,5.183259
18.4,5.802471
18.4,6.424907
18.41,7.050952
18.42,7.681006
18.41,8.315488
18.4,8.954834
18.38,9.599501
18.38,10.24997
18.39,10.90676
18.36,11.5704
18.34,12.24148
18.34,12.92059
18.34,13.60841
18.31,14.30563
18.26,15.01303
20.26,15.73141
20.29,16.46168
20.3,17.20481
20.29,17.96188
20.28,18.73404
20.27,19.5226
20.28,20.32899
20.25,21.15481
20.24,22.00185
20.23,22.87213
20.21,23.76793
20.19,24.69184
20.2,25.64687
20.19,26.63647
20.18,27.66467
20.2,28.73624
20.24,29.85687
20.22,31.03341
20.24,32.27427
20.28,33.58996
20.31,34.99383
20.25,36.50335
20.25,38.14207
20.25,39.94304
17.43,-39.943
17.4,-38.1421
17.48,-36.5034
17.59,-34.9938
17.61,-33.59
17.66,-32.2743
17.7,-31.0334
17.73,-29.8569
17.74,-28.7362
17.76,-27.6647
17.77,-26.6365
17.8,-25.6469
17.83,-24.6918
17.87,-23.7679
17.88,-22.8721
17.9,-22.0019
17.91,-21.1548
17.91,-20.329
17.89,-19.5226
17.9,-18.734
17.94,-17.9619
17.95,-17.2048
17.95,-16.4617
17.96,-15.7314
19.98,-15.013
19.99,-14.3056
19.99,-13.6084
19.98,-12.9206
19.98,-12.2415
19.98,-11.5704
19.96,-10.9068
19.94,-10.25
19.94,-9.5995
19.93,-8.95483
19.94,-8.31549
19.93,-7.68101
19.92,-7.05095
19.92,-6.42491
19.91,-5.80247
19.92,-5.18326
19.92,-4.5669
19.93,-3.95303
19.94,-3.3413
19.96,-2.73136
19.95,-2.12289
19.95,-1.51555
19.94,-0.90901
19.93,-0.30295
17.92,0.302949
17.92,0.909006
17.93,1.515545
17.93,2.122888
17.91,2.731362
17.9,3.341297
17.89,3.953028
17.89,4.566898
17.89,5.183259
17.88,5.802471
17.88,6.424907
17.89,7.050952
17.9,7.681006
17.89,8.315488
17.88,8.954834
17.86,9.599501
17.86,10.24997
17.87,10.90676
17.84,11.5704
17.82,12.24148
17.82,12.92059
17.82,13.60841
17.79,14.30563
17.74,15.01303
19.74,15.73141
19.77,16.46168
19.78,17.20481
19.77,17.96188
19.76,18.73404
19.75,19.5226
19.76,20.32899
19.73,21.15481
19.72,22.00185
19.71,22.87213
19.69,23.76793
19.67,24.69184
19.68,25.64687
19.67,26.63647
19.66,27.66467
19.68,28.73624
19.72,29.85687
19.7,31.03341
19.72,32.27427
19.76,33.58996
19.79,34.99383
19.73,36.50335
19.73,38.14207
19.73,39.94304
16.91,-39.943
16.88,-38.1421
16.96,-36.5034
17.07,-34.9938
17.09,-33.59
17.14,-32.2743
17.18,-31.0334
17.21,-29.8569
17.22,-28.7362
17.24,-27.6647
17.25,-26.6365
17.28,-25.6469
17.31,-24.6918
17.35,-23.7679
17.36,-22.8721
17.38,-22.0019
17.39,-21.1548
17.39,-20.329
17.37,-19.5226
17.38,-18.734
17.42,-17.9619
17.43,-17.2048
17.43,-16.4617
17.44,-15.7314
19.46,-15.013
19.47,-14.3056
19.47,-13.6084
19.46,-12.9206
19.46,-12.2415
19.46,-11.5704
19.44,-10.9068
19.42,-10.25
19.42,-9.5995
19.41,-8.95483
19.42,-8.31549
19.41,-7.68101
19.4,-7.05095
19.4,-6.42491
19.39,-5.80247
19.4,-5.18326
19.4,-4.5669
19.41,-3.95303
19.42,-3.3413
19.44,-2.73136
19.43,-2.12289
19.43,-1.51555
19.42,-0.90901
19.41,-0.30295
17.4,0.302949
17.4,0.909006
17.41,1.515545
17.41,2.122888
17.39,2.731362
17.38,3.341297
17.37,3.953028
17.37,4.566898
17.37,5.183259
17.36,5.802471
17.36,6.424907
17.37,7.050952
17.38,7.681006
17.37,8.315488
17.36,8.954834
17.34,9.599501
17.34,10.24997
17.35,10.90676
17.32,11.5704
17.3,12.24148
17.3,12.92059
17.3,13.60841
17.27,14.30563
17.22,15.01303
19.22,15.73141
19.25,16.46168
19.26,17.20481
19.25,17.96188
19.24,18.73404
19.23,19.5226
19.24,20.32899
19.21,21.15481
19.2,22.00185
19.19,22.87213
19.17,23.76793
19.15,24.69184
19.16,25.64687
19.15,26.63647
19.14,27.66467
19.16,28.73624
19.2,29.85687
19.18,31.03341
19.2,32.27427
19.24,33.58996
19.27,34.99383
19.21,36.50335
19.21,38.14207
19.21,39.94304
16.39,-39.943
16.36,-38.1421
16.44,-36.5034
16.55,-34.9938
16.57,-33.59
16.62,-32.2743
16.66,-31.0334
16.69,-29.8569
16.7,-28.7362
16.72,-27.6647
16.73,-26.6365
16.76,-25.6469
16.79,-24.6918
16.83,-23.7679
16.84,-22.8721
16.86,-22.0019
16.87,-21.1548
16.87,-20.329
16.85,-19.5226
16.86,-18.734
16.9,-17.9619
16.91,-17.2048
16.91,-16.4617
16.92,-15.7314
18.94,-15.013
18.95,-14.3056
18.95,-13.6084
18.94,-12.9206
18.94,-12.2415
18.94,-11.5704
18.92,-10.9068
18.9,-10.25
18.9,-9.5995
18.89,-8.95483
18.9,-8.31549
18.89,-7.68101
18.88,-7.05095
18.88,-6.42491
18.87,-5.80247
18.88,-5.18326
18.88,-4.5669
18.89,-3.95303
18.9,-3.3413
18.92,-2.73136
18.91,-2.12289
18.91,-1.51555
18.9,-0.90901
18.89,-0.30295
16.88,0.302949
16.88,0.909006
16.89,1.515545
16.89,2.122888
16.87,2.731362
16.86,3.341297
16.85,3.953028
16.85,4.566898
16.85,5.183259
16.84,5.802471
16.84,6.424907
16.85,7.050952
16.86,7.681006
16.85,8.315488
16.84,8.954834
16.82,9.599501
16.82,10.24997
16.83,10.90676
16.8,11.5704
16.78,12.24148
16.78,12.92059
16.78,13.60841
16.75,14.30563
16.7,15.01303
18.7,15.73141
18.73,16.46168
18.74,17.20481
18.73,17.96188
18.72,18.73404
18.71,19.5226
18.72,20.32899
18.69,21.15481
18.68,22.00185
18.67,22.87213
18.65,23.76793
18.63,24.69184
18.64,25.64687
18.63,26.63647
18.62,27.66467
18.64,28.73624
18.68,29.85687
18.66,31.03341
18.68,32.27427
18.72,33.58996
18.75,34.99383
18.69,36.50335
18.69,38.14207
18.69,39.94304
15.86,-39.943
15.83,-38.1421
15.91,-36.5034
16.02,-34.9938
16.04,-33.59
16.09,-32.2743
16.13,-31.0334
16.16,-29.8569
16.17,-28.7362
16.19,-27.6647
16.2,-26.6365
16.23,-25.6469
16.26,-24.6918
16.3,-23.7679
16.31,-22.8721
16.33,-22.0019
16.34,-21.1548
16.34,-20.329
16.32,-19.5226
16.33,-18.734
16.37,-17.9619
16.38,-17.2048
16.38,-16.4617
16.39,-15.7314
18.41,-15.013
18.42,-14.3056
18.42,-13.6084
18.41,-12.9206
18.41,-12.2415
18.41,-11.5704
18.39,-10.9068
18.37,-10.25
18.37,-9.5995
18.36,-8.95483
18.37,-8.31549
18.36,-7.68101
18.35,-7.05095
18.35,-6.42491
18.34,-5.80247
18.35,-5.18326
18.35,-4.5669
18.36,-3.95303
18.37,-3.3413
18.39,-2.73136
18.38,-2.12289
18.38,-1.51555
18.37,-0.90901
18.36,-0.30295
16.35,0.302949
16.35,0.909006
16.36,1.515545
16.36,2.122888
16.34,2.731362
16.33,3.341297
16.32,3.953028
16.32,4.566898
16.32,5.183259
16.31,5.802471
16.31,6.424907
16.32,7.050952
16.33,7.681006
16.32,8.315488
16.31,8.954834
16.29,9.599501
16.29,10.24997
16.3,10.90676
16.27,11.5704
16.25,12.24148
16.25,12.92059
16.25,13.60841
16.22,14.30563
16.17,15.01303
18.17,15.73141
18.2,16.46168
18.21,17.20481
18.2,17.96188
18.19,18.73404
18.18,19.5226
18.19,20.32899
18.16,21.15481
18.15,22.00185
18.14,22.87213
18.12,23.76793
18.1,24.69184
18.11,25.64687
18.1,26.63647
18.09,27.66467
18.11,28.73624
18.15,29.85687
18.13,31.03341
18.15,32.27427
18.19,33.58996
18.22,34.99383
18.16,36.50335
18.16,38.14207
18.16,39.94304
15.34,-39.943
15.31,-38.1421
15.39,-36.5034
15.5,-34.9938
15.52,-33.59
15.57,-32.2743
15.61,-31.0334
15.64,-29.8569
15.65,-28.7362
15.67,-27.6647
15.68,-26.6365
15.71,-25.6469
15.74,-24.6918
15.78,-23.7679
15.79,-22.8721
15.81,-22.0019
15.82,-21.1548
15.82,-20.329
15.8,-19.5226
15.81,-18.734
15.85,-17.9619
15.86,-17.2048
15.86,-16.4617
15.87,-15.7314
17.89,-15.013
17.9,-14.3056
17.9,-13.6084
17.89,-12.9206
17.89,-12.2415
17.89,-11.5704
17.87,-10.9068
17.85,-10.25
17.85,-9.5995
17.84,-8.95483
17.85,-8.31549
17.84,-7.68101
17.83,-7.05095
17.83,-6.42491
17.82,-5.80247
17.83,-5.18326
17.83,-4.5669
17.84,-3.95303
17.85,-3.3413
17.87,-2.73136
17.86,-2.12289
17.86,-1.51555
17.85,-0.90901
17.84,-0.30295
15.83,0.302949
15.83,0.909006
15.84,1.515545
15.84,2.122888
15.82,2.731362
15.81,3.341297
15.8,3.953028
15.8,4.566898
15.8,5.183259
15.79,5.802471
15.79,6.424907
15.8,7.050952
15.81,7.681006
15.8,8.315488
15.79,8.954834
15.77,9.599501
15.77,10.24997
15.78,10.90676
15.75,11.5704
15.73,12.24148
15.73,12.92059
15.73,13.60841
15.7,14.30563
15.65,15.01303
17.65,15.73141
17.68,16.46168
17.69,17.20481
17.68,17.96188
17.67,18.73404
17.66,19.5226
17.67,20.32899
17.64,21.15481
17.63,22.00185
17.62,22.87213
17.6,23.76793
17.58,24.69184
17.59,25.64687
17.58,26.63647
17.57,27.66467
17.59,28.73624
17.63,29.85687
17.61,31.03341
17.63,32.27427
17.67,33.58996
17.7,34.99383
17.64,36.50335
17.64,38.14207
17.64,39.94304
14.82,-39.943
14.79,-38.1421
14.87,-36.5034
14.98,-34.9938
15.0,-33.59
15.05,-32.2743
15.09,-31.0334
15.12,-29.8569
15.13,-28.7362
15.15,-27.6647
15.16,-26.6365
15.19,-25.6469
15.22,-24.6918
15.26,-23.7679
15.27,-22.8721
15.29,-22.0019
15.3,-21.1548
15.3,-20.329
15.28,-19.5226
15.29,-18.734
15.33,-17.9619
15.34,-17.2048
15.34,-16.4617
15.35,-15.7314
17.37,-15.013
17.38,-14.3056
17.38,-13.6084
17.37,-12.9206
17.37,-12.2415
17.37,-11.5704
17.35,-10.9068
17.33,-10.25
17.33,-9.5995
17.32,-8.95483
17.33,-8.31549
17.32,-7.68101
17.31,-7.05095
17.31,-6.42491
17.3,-5.80247
17.31,-5.18326
17.31,-4.5669
17.32,-3.95303
17.33,-3.3413
17.35,-2.73136
17.34,-2.12289
17.34,-1.51555
17.33,-0.90901
17.32,-0.30295
15.31,0.302949
15.31,0.909006
15.32,1.515545
15.32,2.122888
15.3,2.731362
15.29,3.341297
15.28,3.953028
15.28,4.566898
15.28,5.183259
15.27,5.802471
15.27,6.424907
15.28,7.050952
15.29,7.681006
15.28,8.315488
15.27,8.954834
15.25,9.599501
15.25,10.24997
15.26,10.90676
15.23,11.5704
15.21,12.24148
15.21,12.92059
15.21,13.60841
15.18,14.30563
15.13,15.01303
17.13,15.73141
17.16,16.46168
17.17,17.20481
17.16,17.96188
17.15,18.73404
17.14,19.5226
17.15,20.32899
17.12,21.15481
17.11,22.00185
17.1,22.87213
17.08,23.76793
17.06,24.69184
17.07,25.64687
17.06,26.63647
17.05,27.66467
17.07,28.73624
17.11,29.85687
17.09,31.03341
17.11,32.27427
17.15,33.58996
17.18,34.99383
17.12,36.50335
17.12,38.14207
17.12,39.94304
14.3,-39.943
14.27,-38.1421
14.35,-36.5034
14.46,-34.9938
14.48,-33.59
14.53,-32.2743
14.57,-31.0334
14.6,-29.8569
14.61,-28.7362
14.63,-27.6647
14.64,-26.6365
14.67,-25.6469
14.7,-24.6918
14.74,-23.7679
14.75,-22.8721
14.77,-22.0019
14.78,-21.1548
14.78,-20.329
14.76,-19.5226
14.77,-18.734
14.81,-17.9619
14.82,-17.2048
14.82,-16.4617
14.83,-15.7314
16.85,-15.013
16.86,-14.3056
16.86,-13.6084
16.85,-12.9206
16.85,-12.2415
16.85,-11.5704
16.83,-10.9068
16.81,-10.25
16.81,-9.5995
16.8,-8.95483
16.81,-8.31549
16.8,-7.68101
16.79,-7.05095
16.79,-6.42491
16.78,-5.80247
16.79,-5.18326
16.79,-4.5669
16.8,-3.95303
16.81,-3.3413
16.83,-2.73136
16.82,-2.12289
16.82,-1.51555
16.81,-0.90901
16.8,-0.30295
14.79,0.302949
14.79,0.909006
14.8,1.515545
14.8,2.122888
14.78,2.731362
14.77,3.341297
14.76,3.953028
14.76,4.566898
14.76,5.183259
14.75,5.802471
14.75,6.424907
14.76,7.050952
14.77,7.681006
14.76,8.315488
14.75,8.954834
14.73,9.599501
14.73,10.24997
14.74,10.90676
14.71,11.5704
14.69,12.24148
14.69,12.92059
14.69,13.60841
14.66,14.30563
14.61,15.01303
16.61,15.73141
16.64,16.46168
16.65,17.20481
16.64,17.96188
16.63,18.73404
16.62,19.5226
16.63,20.32899
16.6,21.15481
16.59,22.00185
16.58,22.87213
16.56,23.76793
16.54,24.69184
16.55,25.64687
16.54,26.63647
16.53,27.66467
16.55,28.73624
16.59,29.85687
16.57,31.03341
16.59,32.27427
16.63,33.58996
16.66,34.99383
16.6,36.50335
16.6,38.14207
16.6,39.94304
13.77,-39.943
13.74,-38.1421
13.82,-36.5034
13.93,-34.9938
13.95,-33.59
14.0,-32.2743
14.04,-31.0334
14.07,-29.8569
14.08,-28.7362
14.1,-27.6647
14.11,-26.6365
14.14,-25.6469
14.17,-24.6918
14.21,-23.7679
14.22,-22.8721
14.24,-22.0019
14.25,-21.1548
14.25,-20.329
14.23,-19.5226
14.24,-18.734
14.28,-17.9619
14.29,-17.2048
14.29,-16.4617
14.3,-15.7314
16.32,-15.013
16.33,-14.3056
16.33,-13.6084
16.32,-12.9206
16.32,-12.2415
16.32,-11.5704
16.3,-10.9068
16.28,-10.25
16.28,-9.5995
16.27,-8.95483
16.28,-8.31549
16.27,-7.68101
16.26,-7.05095
16.26,-6.42491
16.25,-5.80247
16.26,-5.18326
16.26,-4.5669
16.27,-3.95303
16.28,-3.3413
16.3,-2.73136
16.29,-2.12289
16.29,-1.51555
16.28,-0.90901
16.27,-0.30295
14.26,0.302949
14.26,0.909006
14.27,1.515545
14.27,2.122888
14.25,2.731362
14.24,3.341297
14.23,3.953028
14.23,4.566898
14.23,5.183259
14.22,5.802471
14.22,6.424907
14.23,7.050952
14.24,7.681006
14.23,8.315488
14.22,8.954834
14.2,9.599501
14.2,10.24997
14.21,10.90676
14.18,11.5704
14.16,12.24148
14.16,12.92059
14.16,13.60841
14.13,14.30563
14.08,15.01303
16.08,15.73141
16.11,16.46168
16.12,17.20481
16.11,17.96188
16.1,18.73404
16.09,19.5226
16.1,20.32899
16.07,21.15481
16.06,22.00185
16.05,22.87213
16.03,23.76793
16.01,24.69184
16.02,25.64687
16.01,26.63647
16.0,27.66467
16.02,28.73624
16.06,29.85687
16.04,31.03341
16.06,32.27427
16.1,33.58996
16.13,34.99383
16.07,36.50335
16.07,38.14207
16.07,39.94304
13.25,-39.943
13.22,-38.1421
13.3,-36.5034
13.41,-34.9938
13.43,-33.59
13.48,-32.2743
13.52,-31.0334
13.55,-29.8569
13.56,-28.7362
13.58,-27.6647
13.59,-26.6365
13.62,-25.6469
13.65,-24.6918
13.69,-23.7679
13.7,-22.8721
13.72,-22.0019
13.73,-21.1548
13.73,-20.329
13.71,-19.5226
13.72,-18.734
13.76,-17.9619
13.77,-17.2048
13.77,-16.4617
13.78,-15.7314
15.8,-15.013
15.81,-14.3056
15.81,-13.6084
15.8,-12.9206
15.8,-12.2415
15.8,-11.5704
15.78,-10.9068
15.76,-10.25
15.76,-9.5995
15.75,-8.95483
15.76,-8.31549
15.75,-7.68101
15.74,-7.05095
15.74,-6.42491
15.73,-5.80247
15.74,-5.18326
15.74,-4.5669
15.75,-3.95303
15.76,-3.3413
15.78,-2.73136
15.77,-2.12289
15.77,-1.51555
15.76,-0.90901
15.75,-0.30295
13.74,0.302949
13.74,0.909006
13.75,1.515545
13.75,2.122888
13.73,2.731362
13.72,3.341297
13.71,3.953028
13.71,4.566898
13.71,5.183259
13.7,5.802471
13.7,6.424907
13.71,7.050952
13.72,7.681006
13.71,8.315488
13.7,8.954834
13.68,9.599501
13.68,10.24997
13.69,10.90676
13.66,11.5704
13.64,12.24148
13.64,12.92059
13.64,13.60841
13.61,14.30563
13.56,15.01303
15.56,15.73141
15.59,16.46168
15.6,17.20481
15.59,17.96188
15.58,18.73404
15.57,19.5226
15.58,20.32899
15.55,21.15481
15.54,22.00185
15.53,22.87213
15.51,23.76793
15.49,24.69184
15.5,25.64687
15.49,26.63647
15.48,27.66467
15.5,28.73624
15.54,29.85687
15.52,31.03341
15.54,32.27427
15.58,33.58996
15.61,34.99383
15.55,36.50335
15.55,38.14207
15.55,39.94304
12.73,-39.943
12.7,-38.1421
12.78,-36.5034
12.89,-34.9938
12.91,-33.59
12.96,-32.2743
13.0,-31.0334
13.03,-29.8569
13.04,-28.7362
13.06,-27.6647
13.07,-26.6365
13.1,-25.6469
13.13,-24.6918
13.17,-23.7679
13.18,-22.8721
13.2,-22.0019
13.21,-21.1548
13.21,-20.329
13.19,-19.5226
13.2,-18.734
13.24,-17.9619
13.25,-17.2048
13.25,-16.4617
13.26,-15.7314
15.28,-15.013
15.29,-14.3056
15.29,-13.6084
15.28,-12.9206
15.28,-12.2415
15.28,-11.5704
15.26,-10.9068
15.24,-10.25
15.24,-9.5995
15.23,-8.95483
15.24,-8.31549
15.23,-7.68101
15.22,-7.05095
15.22,-6.42491
15.21,-5.80247
15.22,-5.18326
15.22,-4.5669
15.23,-3.95303
15.24,-3.3413
15.26,-2.73136
15.25,-2.12289
15.25,-1.51555
15.24,-0.90901
15.23,-0.30295
13.22,0.302949
13.22,0.909006
13.23,1.515545
13.23,2.122888
13.21,2.731362
13.2,3.341297
13.19,3.953028
13.19,4.566898
13.19,5.183259
13.18,5.802471
13.18,6.424907
13.19,7.050952
13.2,7.681006
13.19,8.315488
13.18,8.954834
13.16,9.599501
13.16,10.24997
13.17,10.90676
13.14,11.5704
13.12,12.24148
13.12,12.92059
13.12,13.60841
13.09,14.30563
13.04,15.01303
15.04,15.73141
15.07,16.46168
15.08,17.20481
15.07,17.96188
15.06,18.73404
15.05,19.5226
15.06,20.32899
15.03,21.15481
15.02,22.00185
15.01,22.87213
14.99,23.76793
14.97,24.69184
14.98,25.64687
14.97,26.63647
14.96,27.66467
14.98,28.73624
15.02,29.85687
15.0,31.03341
15.02,32.27427
15.06,33.58996
15.09,34.99383
15.03,36.50335
15.03,38.14207
15.03,39.94304
12.21,-39.943
12.18,-38.1421
12.26,-36.5034
12.37,-34.9938
12.39,-33.59
12.44,-32.2743
12.48,-31.0334
12.51,-29.8569
12.52,-28.7362
12.54,-27.6647
12.55,-26.6365
12.58,-25.6469
12.61,-24.6918
12.65,-23.7679
12.66,-22.8721
12.68,-22.0019
12.69,-21.1548
12.69,-20.329
12.67,-19.5226
12.68,-18.734
12.72,-17.9619
12.73,-17.2048
12.73,-16.4617
12.74,-15.7314
14.76,-15.013
14.77,-14.3056
14.77,-13.6084
14.76,-12.9206
14.76,-12.2415
14.76,-11.5704
14.74,-10.9068
14.72,-10.25
14.72,-9.5995
14.71,-8.95483
14.72,-8.31549
14.71,-7.68101
14.7,-7.05095
14.7,-6.42491
14.69,-5.80247
14.7,-5.18326
14.7,-4.5669
14.71,-3.95303
14.72,-3.3413
14.74,-2.73136
14.73,-2.12289
14.73,-1.51555
14.72,-0.90901
14.71,-0.30295
12.7,0.302949
12.7,0.909006
12.71,1.515545
12.71,2.122888
12.69,2.731362
12.68,3.341297
12.67,3.953028
12.67,4.566898
12.67,5.183259
12.66,5.802471
12.66,6.424907
12.67,7.050952
12.68,7.681006
12.67,8.315488
12.66,8.954834
12.64,9.599501
12.64,10.24997
12.65,10.90676
12.62,11.5704
12.6,12.24148
12.6,12.92059
12.6,13.60841
12.57,14.30563
12.52,15.01303
14.52,15.73141
14.55,16.46168
14.56,17.20481
14.55,17.96188
14.54,18.73404
14.53,19.5226
14.54,20.32899
14.51,21.15481
14.5,22.00185
14.49,22.87213
14.47,23.76793
14.45,24.69184
14.46,25.64687
14.45,26.63647
14.44,27.66467
14.46,28.73624
14.5,29.85687
14.48,31.03341
14.5,32.27427
14.54,33.58996
14.57,34.99383
14.51,36.50335
14.51,38.14207
14.51,39.94304
11.68,-39.943
11.65,-38.1421
11.73,-36.5034
11.84,-34.9938
11.86,-33.59
11.91,-32.2743
11.95,-31.0334
11.98,-29.8569
11.99,-28.7362
12.01,-27.6647
12.02,-26.6365
12.05,-25.6469
12.08,-24.6918
12.12,-23.7679
12.13,-22.8721
12.15,-22.0019
12.16,-21.1548
12.16,-20.329
12.14,-19.5226
12.15,-18.734
12.19,-17.9619
12.2,-17.2048
12.2,-16.4617
12.21,-15.7314
14.23,-15.013
14.24,-14.3056
14.24,-13.6084
14.23,-12.9206
14.23,-12.2415
14.23,-11.5704
14.21,-10.9068
14.19,-10.25
14.19,-9.5995
14.18,-8.95483
14.19,-8.31549
14.18,-7.68101
14.17,-7.05095
14.17,-6.42491
14.16,-5.80247
14.17,-5.18326
14.17,-4.5669
14.18,-3.95303
14.19,-3.3413
14.21,-2.73136
14.2,-2.12289
14.2,-1.51555
14.19,-0.90901
14.18,-0.30295
12.17,0.302949
12.17,0.909006
12.18,1.515545
12.18,2.122888
12.16,2.731362
12.15,3.341297
12.14,3.953028
12.14,4.566898
12.14,5.183259
12.13,5.802471
12.13,6.424907
12.14,7.050952
12.15,7.681006
12.14,8.315488
12.13,8.954834
12.11,9.599501
12.11,10.24997
12.12,10.90676
12.09,11.5704
12.07,12.24148
12.07,12.92059
12.07,13.60841
12.04,14.30563
11.99,15.01303
13.99,15.73141
14.02,16.46168
14.03,17.20481
14.02,17.96188
14.01,18.73404
14.0,19.5226
14.01,20.32899
13.98,21.15481
13.97,22.00185
13.96,22.87213
13.94,23.76793
13.92,24.69184
13.93,25.64687
13.92,26.63647
13.91,27.66467
13.93,28.73624
13.97,29.85687
13.95,31.03341
13.97,32.27427
14.01,33.58996
14.04,34.99383
13.98,36.50335
13.98,38.14207
13.98,39.94304
11.16,-39.943
11.13,-38.1421
11.21,-36.5034
11.32,-34.9938
11.34,-33.59
11.39,-32.2743
11.43,-31.0334
11.46,-29.8569
11.47,-28.7362
11.49,-27.6647
11.5,-26.6365
11.53,-25.6469
11.56,-24.6918
11.6,-23.7679
11.61,-22.8721
11.63,-22.0019
11.64,-21.1548
11.64,-20.329
11.62,-19.5226
11.63,-18.734
11.67,-17.9619
11.68,-17.2048
11.68,-16.4617
11.69,-15.7314
13.71,-15.013
13.72,-14.3056
13.72,-13.6084
13.71,-12.9206
13.71,-12.2415
13.71,-11.5704
13.69,-10.9068
13.67,-10.25
13.67,-9.5995
13.66,-8.95483
13.67,-8.31549
13.66,-7.68101
13.65,-7.05095
13.65,-6.42491
13.64,-5.80247
13.65,-5.18326
13.65,-4.5669
13.66,-3.95303
13.67,-3.3413
13.69,-2.73136
13.68,-2.12289
13.68,-1.51555
13.67,-0.90901
13.66,-0.30295
11.65,0.302949
11.65,0.909006
11.66,1.515545
11.66,2.122888
11.64,2.731362
11.63,3.341297
11.62,3.953028
11.62,4.566898
11.62,5.183259
11.61,5.802471
11.61,6.424907
11.62,7.050952
11.63,7.681006
11.62,8.315488
11.61,8.954834
11.59,9.599501
11.59,10.24997
11.6,10.90676
11.57,11.5704
11.55,12.24148
11.55,12.92059
11.55,13.60841
11.52,14.30563
11.47,15.01303
13.47,15.73141
13.5,16.46168
13.51,17.20481
13.5,17.96188
13.49,18.73404
13.48,19.5226
13.49,20.32899
13.46,21.15481
13.45,22.00185
13.44,22.87213
13.42,23.76793
13.4,24.69184
13.41,25.64687
13.4,26.63647
13.39,27.66467
13.41,28.73624
13.45,29.85687
13.43,31.03341
13.45,32.27427
13.49,33.58996
13.52,34.99383
13.46,36.50335
13.46,38.14207
13.46,39.94304
10.64,-39.943
10.61,-38.1421
10.69,-36.5034
10.8,-34.9938
10.82,-33.59
10.87,-32.2743
10.91,-31.0334
10.94,-29.8569
10.95,-28.7362
10.97,-27.6647
10.98,-26.6365
11.01,-25.6469
11.04,-24.6918
11.08,-23.7679
11.09,-22.8721
11.11,-22.0019
11.12,-21.1548
11.12,-20.329
11.1,-19.5226
11.11,-18.734
11.15,-17.9619
11.16,-17.2048
11.16,-16.4617
11.17,-15.7314
13.19,-15.013
13.2,-14.3056
13.2,-13.6084
13.19,-12.9206
13.19,-12.2415
13.19,-11.5704
13.17,-10.9068
13.15,-10.25
13.15,-9.5995
13.14,-8.95483
13.15,-8.31549
13.14,-7.68101
13.13,-7.05095
13.13,-6.42491
13.12,-5.80247
13.13,-5.18326
13.13,-4.5669
13.14,-3.95303
13.15,-3.3413
13.17,-2.73136
13.16,-2.12289
13.16,-1.51555
13.15,-0.90901
13.14,-0.30295
11.13,0.302949
11.13,0.909006
11.14,1.515545
11.14,2.122888
11.12,2.731362
11.11,3.341297
11.1,3.953028
11.1,4.566898
11.1,5.183259
11.09,5.802471
11.09,6.424907
11.1,7.050952
11.11,7.681006
11.1,8.315488
11.09,8.954834
11.07,9.599501
11.07,10.24997
11.08,10.90676
11.05,11.5704
11.03,12.24148
11.03,12.92059
11.03,13.60841
11.0,14.30563
10.95,15.01303
12.95,15.73141
12.98,16.46168
12.99,17.20481
12.98,17.96188
12.97,18.73404
12.96,19.5226
12.97,20.32899
12.94,21.15481
12.93,22.00185
12.92,22.87213
12.9,23.76793
12.88,24.69184
12.89,25.64687
12.88,26.63647
12.87,27.66467
12.89,28.73624
12.93,29.85687
12.91,31.03341
12.93,32.27427
12.97,33.58996
13.0,34.99383
12.94,36.50335
12.94,38.14207
12.94,39.94304
10.12,-39.943
10.09,-38.1421
10.17,-36.5034
10.28,-34.9938
10.3,-33.59
10.35,-32.2743
10.39,-31.0334
10.42,-29.8569
10.43,-28.7362
10.45,-27.6647
10.46,-26.6365
10.49,-25.6469
10.52,-24.6918
10.56,-23.7679
10.57,-22.8721
10.59,-22.0019
10.6,-21.1548
10.6,-20.329
10.58,-19.5226
10.59,-18.734
10.63,-17.9619
10.64,-17.2048
10.64,-16.4617
10.65,-15.7314
12.67,-15.013
12.68,-14.3056
12.68,-13.6084
12.67,-12.9206
12.67,-12.2415
12.67,-11.5704
12.65,-10.9068
12.63,-10.25
12.63,-9.5995
12.62,-8.95483
12.63,-8.31549
12.62,-7.68101
12.61,-7.05095
12.61,-6.42491
12.6,-5.80247
12.61,-5.18326
12.61,-4.5669
12.62,-3.95303
12.63,-3.3413
12.65,-2.73136
12.64,-2.12289
12.64,-1.51555
12.63,-0.90901
12.62,-0.30295
10.61,0.302949
10.61,0.909006
10.62,1.515545
10.62,2.122888
10.6,2.731362
10.59,3.341297
10.58,3.953028
10.58,4.566898
10.58,5.183259
10.57,5.802471
10.57,6.424907
10.58,7.050952
10.59,7.681006
10.58,8.315488
10.57,8.954834
10.55,9.599501
10.55,10.24997
10.56,10.90676
10.53,11.5704
10.51,12.24148
10.51,12.92059
10.51,13.60841
10.48,14.30563
10.43,15.01303
12.43,15.73141
12.46,16.46168
12.47,17.20481
12.46,17.96188
12.45,18.73404
12.44,19.5226
12.45,20.32899
12.42,21.15481
12.41,22.00185
12.4,22.87213
12.38,23.76793
12.36,24.69184
12.37,25.64687
12.36,26.63647
12.35,27.66467
12.37,28.73624
12.41,29.85687
12.39,31.03341
12.41,32.27427
12.45,33.58996
12.48,34.99383
12.42,36.50335
12.42,38.14207
12.42,39.94304
9.59,-39.943
9.56,-38.1421
9.64,-36.5034
9.75,-34.9938
9.77,-33.59
9.82,-32.2743
9.86,-31.0334
9.89,-29.8569
9.9,-28.7362
9.92,-27.6647
9.93,-26.6365
9.96,-25.6469
9.99,-24.6918
10.03,-23.7679
10.04,-22.8721
10.06,-22.0019
10.07,-21.1548
10.07,-20.329
10.05,-19.5226
10.06,-18.734
10.1,-17.9619
10.11,-17.2048
10.11,-16.4617
10.12,-15.7314
12.14,-15.013
12.15,-14.3056
12.15,-13.6084
12.14,-12.9206
12.14,-12.2415
12.14,-11.5704
12.12,-10.9068
12.1,-10.25
12.1,-9.5995
12.09,-8.95483
12.1,-8.31549
12.09,-7.68101
12.08,-7.05095
12.08,-6.42491
12.07,-5.80247
12.08,-5.18326
12.08,-4.5669
12.09,-3.95303
12.1,-3.3413
12.12,-2.73136
12.11,-2.12289
12.11,-1.51555
12.1,-0.90901
12.09,-0.30295
10.08,0.302949
10.08,0.909006
10.09,1.515545
10.09,2.122888
10.07,2.731362
10.06,3.341297
10.05,3.953028
10.05,4.566898
10.05,5.183259
10.04,5.802471
10.04,6.424907
10.05,7.050952
10.06,7.681006
10.05,8.315488
10.04,8.954834
10.02,9.599501
10.02,10.24997
10.03,10.90676
10.0,11.5704
9.98,12.24148
9.98,12.92059
9.98,13.60841
9.95,14.30563
9.9,15.01303
11.9,15.73141
11.93,16.46168
11.94,17.20481
11.93,17.96188
11.92,18.73404
11.91,19.5226
11.92,20.32899
11.89,21.15481
11.88,22.00185
11.87,22.87213
11.85,23.76793
11.83,24.69184
11.84,25.64687
11.83,26.63647
11.82,27.66467
11.84,28.73624
11.88,29.85687
11.86,31.03341
11.88,32.27427
11.92,33.58996
11.95,34.99383
11.89,36.50335
11.89,38.14207
11.89,39.94304
9.07,-39.943
9.04,-38.1421
9.12,-36.5034
9.23,-34.9938
9.25,-33.59
9.3,-32.2743
9.34,-31.0334
9.37,-29.8569
9.38,-28.7362
9.4,-27.6647
9.41,-26.6365
9.44,-25.6469
9.47,-24.6918
9.51,-23.7679
9.52,-22.8721
9.54,-22.0019
9.55,-21.1548
9.55,-20.329
9.53,-19.5226
9.54,-18.734
9.58,-17.9619
9.59,-17.2048
9.59,-16.4617
9.6,-15.7314
11.62,-15.013
11.63,-14.3056
11.63,-13.6084
11.62,-12.9206
11.62,-12.2415
11.62,-11.5704
11.6,-10.9068
11.58,-10.25
11.58,-9.5995
11.57,-8.95483
11.58,-8.31549
11.57,-7.68101
11.56,-7.05095
11.56,-6.42491
11.55,-5.80247
11.56,-5.18326
11.56,-4.5669
11.57,-3.95303
11.58,-3.3413
11.6,-2.73136
11.59,-2.12289
11.59,-1.51555
11.58,-0.90901
11.57,-0.30295
9.56,0.302949
9.56,0.909006
9.57,1.515545
9.57,2.122888
9.55,2.731362
9.54,3.341297
9.53,3.953028
9.53,4.566898
9.53,5.183259
9.52,5.802471
9.52,6.424907
9.53,7.050952
9.54,7.681006
9.53,8.315488
9.52,8.954834
9.5,9.599501
9.5,10.24997
9.51,10.90676
9.48,11.5704
9.46,12.24148
9.46,12.92059
9.46,13.60841
9.43,14.30563
9.38,15.01303
11.38,15.73141
11.41,16.46168
11.42,17.20481
11.41,17.96188
11.4,18.73404
11.39,19.5226
11.4,20.32899
11.37,21.15481
11.36,22.00185
11.35,22.87213
11.33,23.76793
11.31,24.69184
11.32,25.64687
11.31,26.63647
11.3,27.66467
11.32,28.73624
11.36,29.85687
11.34,31.03341
11.36,32.27427
11.4,33.58996
11.43,34.99383
11.37,36.50335
11.37,38.14207
11.37,39.94304
8.55,-39.943
8.52,-38.1421
8.6,-36.5034
8.71,-34.9938
8.73,-33.59
8.78,-32.2743
8.82,-31.0334
8.85,-29.8569
8.86,-28.7362
8.88,-27.6647
8.89,-26.6365
8.92,-25.6469
8.95,-24.6918
8.99,-23.7679
9.0,-22.8721
9.02,-22.0019
9.03,-21.1548
9.03,-20.329
9.01,-19.5226
9.02,-18.734
9.06,-17.9619
9.07,-17.2048
9.07,-16.4617
9.08,-15.7314
11.1,-15.013
11.11,-14.3056
11.11,-13.6084
11.1,-12.9206
11.1,-12.2415
11.1,-11.5704
11.08,-10.9068
11.06,-10.25
11.06,-9.5995
11.05,-8.95483
11.06,-8.31549
11.05,-7.68101
11.04,-7.05095
11.04,-6.42491
11.03,-5.80247
11.04,-5.18326
11.04,-4.5669
11.05,-3.95303
11.06,-3.3413
11.08,-2.73136
11.07,-2.12289
11.07,-1.51555
11.06,-0.90901
11.05,-0.30295
9.04,0.302949
9.04,0.909006
9.05,1.515545
9.05,2.122888
9.03,2.731362
9.02,3.341297
9.01,3.953028
9.01,4.566898
9.01,5.183259
9.0,5.802471
9.0,6.424907
9.01,7.050952
9.02,7.681006
9.01,8.315488
9.0,8.954834
8.98,9.599501
8.98,10.24997
8.99,10.90676
8.96,11.5704
8.94,12.24148
8.94,12.92059
8.94,13.60841
8.91,14.30563
8.86,15.01303
10.86,15.73141
10.89,16.46168
10.9,17.20481
10.89,17.96188
10.88,18.73404
10.87,19.5226
10.88,20.32899
10.85,21.15481
10.84,22.00185
10.83,22.87213
10.81,23.76793
10.79,24.69184
10.8,25.64687
10.79,26.63647
10.78,27.66467
10.8,28.73624
10.84,29.85687
10.82,31.03341
10.84,32.27427
10.88,33.58996
10.91,34.99383
10.85,36.50335
10.85,38.14207
10.85,39.94304
8.03,-39.943
8.0,-38.1421
8.08,-36.5034
8.19,-34.9938
8.21,-33.59
8.26,-32.2743
8.3,-31.0334
8.33,-29.8569
8.34,-28.7362
8.36,-27.6647
8.37,-26.6365
8.4,-25.6469
8.43,-24.6918
8.47,-23.7679
8.48,-22.8721
8.5,-22.0019
8.51,-21.1548
8.51,-20.329
8.49,-19.5226
8.5,-18.734
8.54,-17.9619
8.55,-17.2048
8.55,-16.4617
8.56,-15.7314
10.58,-15.013
10.59,-14.3056
10.59,-13.6084
10.58,-12.9206
10.58,-12.2415
10.58,-11.5704
10.56,-10.9068
10.54,-10.25
10.54,-9.5995
10.53,-8.95483
10.54,-8.31549
10.53,-7.68101
10.52,-7.05095
10.52,-6.42491
10.51,-5.80247
10.52,-5.18326
10.52,-4.5669
10.53,-3.95303
10.54,-3.3413
10.56,-2.73136
10.55,-2.12289
10.55,-1.51555
10.54,-0.90901
10.53,-0.30295
8.52,0.302949
8.52,0.909006
8.53,1.515545
8.53,2.122888
8.51,2.731362
8.5,3.341297
8.49,3.953028
8.49,4.566898
8.49,5.183259
8.48,5.802471
8.48,6.424907
8.49,7.050952
8.5,7.681006
8.49,8.315488
8.48,8.954834
8.46,9.599501
8.46,10.24997
8.47,10.90676
8.44,11.5704
8.42,12.24148
8.42,12.92059
8.42,13.60841
8.39,14.30563
8.34,15.01303
10.34,15.73141
10.37,16.46168
10.38,17.20481
10.37,17.96188
10.36,18.73404
10.35,19.5226
10.36,20.32899
10.33,21.15481
10.32,22.00185
10.31,22.87213
10.29,23.76793
10.27,24.69184
10.28,25.64687
10.27,26.63647
10.26,27.66467
10.28,28.73624
10.32,29.85687
10.3,31.03341
10.32,32.27427
10.36,33.58996
10.39,34.99383
10.33,36.50335
10.33,38.14207
10.33,39.94304
7.5,-39.943
7.47,-38.1421
7.55,-36.5034
7.66,-34.9938
7.68,-33.59
7.73,-32.2743
7.77,-31.0334
7.8,-29.8569
7.81,-28.7362
7.83,-27.6647
7.84,-26.6365
7.87,-25.6469
7.9,-24.6918
7.94,-23.7679
7.95,-22.8721
7.97,-22.0019
7.98,-21.1548
7.98,-20.329
7.96,-19.5226
7.97,-18.734
8.01,-17.9619
8.02,-17.2048
8.02,-16.4617
8.03,-15.7314
10.05,-15.013
10.06,-14.3056
10.06,-13.6084
10.05,-12.9206
10.05,-12.2415
10.05,-11.5704
10.03,-10.9068
10.01,-10.25
10.01,-9.5995
10.0,-8.95483
10.01,-8.31549
10.0,-7.68101
9.99,-7.05095
9.99,-6.42491
9.98,-5.80247
9.99,-5.18326
9.99,-4.5669
10.0,-3.95303
10.01,-3.3413
10.03,-2.73136
10.02,-2.12289
10.02,-1.51555
10.01,-0.90901
10.0,-0.30295
7.99,0.302949
7.99,0.909006
8.0,1.515545
8.0,2.122888
7.98,2.731362
7.97,3.341297
7.96,3.953028
7.96,4.566898
7.96,5.183259
7.95,5.802471
7.95,6.424907
7.96,7.050952
7.97,7.681006
7.96,8.315488
7.95,8.954834
7.93,9.599501
7.93,10.24997
7.94,10.90676
7.91,11.5704
7.89,12.24148
7.89,12.92059
7.89,13.60841
7.86,14.30563
7.81,15.01303
9.81,15.73141
9.84,16.46168
9.85,17.20481
9.84,17.96188
9.83,18.73404
9.82,19.5226
9.83,20.32899
9.8,21.15481
9.79,22.00185
9.78,22.87213
9.76,23.76793
9.74,24.69184
9.75,25.64687
9.74,26.63647
9.73,27.66467
9.75,28.73624
9.79,29.85687
9.77,31.03341
9.79,32.27427
9.83,33.58996
9.86,34.99383
9.8,36.50335
9.8,38.14207
9.8,39.94304
6.98,-39.943
6.95,-38.1421
7.03,-36.5034
7.14,-34.9938
7.16,-33.59
7.21,-32.2743
7.25,-31.0334
7.28,-29.8569
7.29,-28.7362
7.31,-27.6647
7.32,-26.6365
7.35,-25.6469
7.38,-24.6918
7.42,-23.7679
7.43,-22.8721
7.45,-22.0019
7.46,-21.1548
7.46,-20.329
7.44,-19.5226
7.45,-18.734
7.49,-17.9619
7.5,-17.2048
7.5,-16.4617
7.51,-15.7314
9.53,-15.013
9.54,-14.3056
9.54,-13.6084
9.53,-12.9206
9.53,-12.2415
9.53,-11.5704
9.51,-10.9068
9.49,-10.25
9.49,-9.5995
9.48,-8.95483
9.49,-8.31549
9.48,-7.68101
9.47,-7.05095
9.47,-6.42491
9.46,-5.80247
9.47,-5.18326
9.47,-4.5669
9.48,-3.95303
9.49,-3.3413
9.51,-2.73136
9.5,-2.12289
9.5,-1.51555
9.49,-0.90901
9.48,-0.30295
7.47,0.302949
7.47,0.909006
7.48,1.515545
7.48,2.122888
7.46,2.731362
7.45,3.341297
7.44,3.953028
7.44,4.566898
7.44,5.183259
7.43,5.802471
7.43,6.424907
7.44,7.050952
7.45,7.681006
7.44,8.315488
7.43,8.954834
7.41,9.599501
7.41,10.24997
7.42,10.90676
7.39,11.5704
7.37,12.24148
7.37,12.92059
7.37,13.60841
7.34,14.30563
7.29,15.01303
9.29,15.73141
9.32,16.46168
9.33,17.20481
9.32,17.96188
9.31,18.73404
9.3,19.5226
9.31,20.32899
9.28,21.15481
9.27,22.00185
9.26,22.87213
9.24,23.76793
9.22,24.69184
9.23,25.64687
9.22,26.63647
9.21,27.66467
9.23,28.73624
9.27,29.85687
9.25,31.03341
9.27,32.27427
9.31,33.58996
9.34,34.99383
9.28,36.50335
9.28,38.14207
9.28,39.94304
6.46,-39.943
6.43,-38.1421
6.51,-36.5034
6.62,-34.9938
6.64,-33.59
6.69,-32.2743
6.73,-31.0334
6.76,-29.8569
6.77,-28.7362
6.79,-27.6647
6.8,-26.6365
6.83,-25.6469
6.86,-24.6918
6.9,-23.7679
6.91,-22.8721
6.93,-22.0019
6.94,-21.1548
6.94,-20.329
6.92,-19.5226
6.93,-18.734
6.97,-17.9619
6.98,-17.2048
6.98,-16.4617
6.99,-15.7314
9.01,-15.013
9.02,-14.3056
9.02,-13.6084
9.01,-12.9206
9.01,-12.2415
9.01,-11.5704
8.99,-10.9068
8.97,-10.25
8.97,-9.5995
8.96,-8.95483
8.97,-8.31549
8.96,-7.68101
8.95,-7.05095
8.95,-6.42491
8.94,-5.80247
8.95,-5.18326
8.95,-4.5669
8.96,-3.95303
8.97,-3.3413
8.99,-2.73136
8.98,-2.12289
8.98,-1.51555
8.97,-0.90901
8.96,-0.30295
6.95,0.302949
6.95,0.909006
6.96,1.515545
6.96,2.122888
6.94,2.731362
6.93,3.341297
6.92,3.953028
6.92,4.566898
6.92,5.183259
6.91,5.802471
6.91,6.424907
6.92,7.050952
6.93,7.681006
6.92,8.315488
6.91,8.954834
6.89,9.599501
6.89,10.24997
6.9,10.90676
6.87,11.5704
6.85,12.24148
6.85,12.92059
6.85,13.60841
6.82,14.30563
6.77,15.01303
8.77,15.73141
8.8,16.46168
8.81,17.20481
8.8,17.96188
8.79,18.73404
8.78,19.5226
8.79,20.32899
8.76,21.15481
8.75,22.00185
8.74,22.87213
8.72,23.76793
8.7,24.69184
8.71,25.64687
8.7,26.63647
8.69,27.66467
8.71,28.73624
8.75,29.85687
8.73,31.03341
8.75,32.27427
8.79,33.58996
8.82,34.99383
8.76,36.50335
8.76,38.14207
8.76,39.94304
5.94,-39.943
5.91,-38.1421
5.99,-36.5034
6.1,-34.9938
6.12,-33.59
6.17,-32.2743
6.21,-31.0334
6.24,-29.8569
6.25,-28.7362
6.27,-27.6647
6.28,-26.6365
6.31,-25.6469
6.34,-24.6918
6.38,-23.7679
6.39,-22.8721
6.41,-22.0019
6.42,-21.1548
6.42,-20.329
6.4,-19.5226
6.41,-18.734
6.45,-17.9619
6.46,-17.2048
6.46,-16.4617
6.47,-15.7314
8.49,-15.013
8.5,-14.3056
8.5,-13.6084
8.49,-12.9206
8.49,-12.2415
8.49,-11.5704
8.47,-10.9068
8.45,-10.25
8.45,-9.5995
8.44,-8.95483
8.45,-8.31549
8.44,-7.68101
8.43,-7.05095
8.43,-6.42491
8.42,-5.80247
8.43,-5.18326
8.43,-4.5669
8.44,-3.95303
8.45,-3.3413
8.47,-2.73136
8.46,-2.12289
8.46,-1.51555
8.45,-0.90901
8.44,-0.30295
6.43,0.302949
6.43,0.909006
6.44,1.515545
6.44,2.122888
6.42,2.731362
6.41,3.341297
6.4,3.953028
6.4,4.566898
6.4,5.183259
6.39,5.802471
6.39,6.424907
6.4,7.050952
6.41,7.681006
6.4,8.315488
6.39,8.954834
6.37,9.599501
6.37,10.24997
6.38,10.90676
6.35,11.5704
6.33,12.24148
6.33,12.92059
6.33,13.60841
6.3,14.30563
6.25,15.01303
8.25,15.73141
8.28,16.46168
8.29,17.20481
8.28,17.96188
8.27,18.73404
8.26,19.5226
8.27,20.32899
8.24,21.15481
8.23,22.00185
8.22,22.87213
8.2,23.76793
8.18,24.69184
8.19,25.64687
8.18,26.63647
8.17,27.66467
8.19,28.73624
8.23,29.85687
8.21,31.03341
8.23,32.27427
8.27,33.58996
8.3,34.99383
8.24,36.50335
8.24,38.14207
8.24,39.94304
5.41,-39.943
5.38,-38.1421
5.46,-36.5034
5.57,-34.9938
5.59,-33.59
5.64,-32.2743
5.68,-31.0334
5.71,-29.8569
5.72,-28.7362
5.74,-27.6647
5.75,-26.6365
5.78,-25.6469
5.81,-24.6918
5.85,-23.7679
5.86,-22.8721
5.88,-22.0019
5.89,-21.1548
5.89,-20.329
5.87,-19.5226
5.88,-18.734
5.92,-17.9619
5.93,-17.2048
5.93,-16.4617
5.94,-15.7314
7.96,-15.013
7.97,-14.3056
7.97,-13.6084
7.96,-12.9206
7.96,-12.2415
7.96,-11.5704
7.94,-10.9068
7.92,-10.25
7.92,-9.5995
7.91,-8.95483
7.92,-8.31549
7.91,-7.68101
7.9,-7.05095
7.9,-6.42491
7.89,-5.80247
7.9,-5.18326
7.9,-4.5669
7.91,-3.95303
7.92,-3.3413
7.94,-2.73136
7.93,-2.12289
7.93,-1.51555
7.92,-0.90901
7.91,-0.30295
5.9,0.302949
5.9,0.909006
5.91,1.515545
5.91,2.122888
5.89,2.731362
5.88,3.341297
5.87,3.953028
5.87,4.566898
5.87,5.183259
5.86,5.802471
5.86,6.424907
5.87,7.050952
5.88,7.681006
5.87,8.315488
5.86,8.954834
5.84,9.599501
5.84,10.24997
5.85,10.90676
5.82,11.5704
5.8,12.24148
5.8,12.92059
5.8,13.60841
5.77,14.30563
5.72,15.01303
7.72,15.73141
7.75,16.46168
7.76,17.20481
7.75,17.96188
7.74,18.73404
7.73,19.5226
7.74,20.32899
7.71,21.15481
7.7,22.00185
7.69,22.87213
7.67,23.76793
7.65,24.69184
7.66,25.64687
7.65,26.63647
7.64,27.66467
7.66,28.73624
7.7,29.85687
7.68,31.03341
7.7,32.27427
7.74,33.58996
7.77,34.99383
7.71,36.50335
7.71,38.14207
7.71,39.94304
4.89,-39.943
4.86,-38.1421
4.94,-36.5034
5.05,-34.9938
5.07,-33.59
5.12,-32.2743
5.16,-31.0334
5.19,-29.8569
5.2,-28.7362
5.22,-27.6647
5.23,-26.6365
5.26,-25.6469
5.29,-24.6918
5.33,-23.7679
5.34,-22.8721
5.36,-22.0019
5.37,-21.1548
5.37,-20.329
5.35,-19.5226
5.36,-18.734
5.4,-17.9619
5.41,-17.2048
5.41,-16.4617
5.42,-15.7314
7.44,-15.013
7.45,-14.3056
7.45,-13.6084
7.44,-12.9206
7.44,-12.2415
7.44,-11.5704
7.42,-10.9068
7.4,-10.25
7.4,-9.5995
7.39,-8.95483
7.4,-8.31549
7.39,-7.68101
7.38,-7.05095
7.38,-6.42491
7.37,-5.80247
7.38,-5.18326
7.38,-4.5669
7.39,-3.95303
7.4,-3.3413
7.42,-2.73136
7.41,-2.12289
7.41,-1.51555
7.4,-0.90901
7.39,-0.30295
5.38,0.302949
5.38,0.909006
5.39,1.515545
5.39,2.122888
5.37,2.731362
5.36,3.341297
5.35,3.953028
5.35,4.566898
5.35,5.183259
5.34,5.802471
5.34,6.424907
5.35,7.050952
5.36,7.681006
5.35,8.315488
5.34,8.954834
5.32,9.599501
5.32,10.24997
5.33,10.90676
5.3,11.5704
5.28,12.24148
5.28,12.92059
5.28,13.60841
5.25,14.30563
5.2,15.01303
7.2,15.73141
7.23,16.46168
7.24,17.20481
7.23,17.96188
7.22,18.73404
7.21,19.5226
7.22,20.32899
7.19,21.15481
7.18,22.00185
7.17,22.87213
7.15,23.76793
7.13,24.69184
7.14,25.64687
7.13,26.63647
7.12,27.66467
7.14,28.73624
7.18,29.85687
7.16,31.03341
7.18,32.27427
7.22,33.58996
7.25,34.99383
7.19,36.50335
7.19,38.14207
7.19,39.94304
4.37,-39.943
4.34,-38.1421
4.42,-36.5034
4.53,-34.9938
4.55,-33.59
4.6,-32.2743
4.64,-31.0334
4.67,-29.8569
4.68,-28.7362
4.7,-27.6647
4.71,-26.6365
4.74,-25.6469
4.77,-24.6918
4.81,-23.7679
4.82,-22.8721
4.84,-22.0019
4.85,-21.1548
4.85,-20.329
4.83,-19.5226
4.84,-18.734
4.88,-17.9619
4.89,-17.2048
4.89,-16.4617
4.9,-15.7314
6.92,-15.013
6.93,-14.3056
6.93,-13.6084
6.92,-12.9206
6.92,-12.2415
6.92,-11.5704
6.9,-10.9068
6.88,-10.25
6.88,-9.5995
6.87,-8.95483
6.88,-8.31549
6.87,-7.68101
6.86,-7.05095
6.86,-6.42491
6.85,-5.80247
6.86,-5.18326
6.86,-4.5669
6.87,-3.95303
6.88,-3.3413
6.9,-2.73136
6.89,-2.12289
6.89,-1.51555
6.88,-0.90901
6.87,-0.30295
4.86,0.302949
4.86,0.909006
4.87,1.515545
4.87,2.122888
4.85,2.731362
4.84,3.341297
4.83,3.953028
4.83,4.566898
4.83,5.183259
4.82,5.802471
4.82,6.424907
4.83,7.050952
4.84,7.681006
4.83,8.315488
4.82,8.954834
4.8,9.599501
4.8,10.24997
4.81,10.90676
4.78,11.5704
4.76,12.24148
4.76,12.92059
4.76,13.60841
4.73,14.30563
4.68,15.01303
6.68,15.73141
6.71,16.46168
6.72,17.20481
6.71,17.96188
6.7,18.73404
6.69,19.5226
6.7,20.32899
6.67,21.15481
6.66,22.00185
6.65,22.87213
6.63,23.76793
6.61,24.69184
6.62,25.64687
6.61,26.63647
6.6,27.66467
6.62,28.73624
6.66,29.85687
6.64,31.03341
6.66,32.27427
6.7,33.58996
6.73,34.99383
6.67,36.50335
6.67,38.14207
6.67,39.94304
3.85,-39.943
3.82,-38.1421
3.9,-36.5034
4.01,-34.9938
4.03,-33.59
4.08,-32.2743
4.12,-31.0334
4.15,-29.8569
4.16,-28.7362
4.18,-27.6647
4.19,-26.6365
4.22,-25.6469
4.25,-24.6918
4.29,-23.7679
4.3,-22.8721
4.32,-22.0019
4.33,-21.1548
4.33,-20.329
4.31,-19.5226
4.32,-18.734
4.36,-17.9619
4.37,-17.2048
4.37,-16.4617
4.38,-15.7314
6.4,-15.013
6.41,-14.3056
6.41,-13.6084
6.4,-12.9206
6.4,-12.2415
6.4,-11.5704
6.38,-10.9068
6.36,-10.25
6.36,-9.5995
6.35,-8.95483
6.36,-8.31549
6.35,-7.68101
6.34,-7.05095
6.34,-6.42491
6.33,-5.80247
6.34,-5.18326
6.34,-4.5669
6.35,-3.95303
6.36,-3.3413
6.38,-2.73136
6.37,-2.12289
6.37,-1.51555
6.36,-0.90901
6.35,-0.30295
4.34,0.302949
4.34,0.909006
4.35,1.515545
4.35,2.122888
4.33,2.731362
4.32,3.341297
4.31,3.953028
4.31,4.566898
4.31,5.183259
4.3,5.802471
4.3,6.424907
4.31,7.050952
4.32,7.681006
4.31,8.315488
4.3,8.954834
4.28,9.599501
4.28,10.24997
4.29,10.90676
4.26,11.5704
4.24,12.24148
4.24,12.92059
4.24,13.60841
4.21,14.30563
4.16,15.01303
6.16,15.73141
6.19,16.46168
6.2,17.20481
6.19,17.96188
6.18,18.73404
6.17,19.5226
6.18,20.32899
6.15,21.15481
6.14,22.00185
6.13,22.87213
6.11,23.76793
6.09,24.69184
6.1,25.64687
6.09,26.63647
6.08,27.66467
6.1,28.73624
6.14,29.85687
6.12,31.03341
6.14,32.27427
6.18,33.58996
6.21,34.99383
6.15,36.50335
6.15,38.14207
6.15,39.94304
3.32,-39.943
3.29,-38.1421
3.37,-36.5034
3.48,-34.9938
3.5,-33.59
3.55,-32.2743
3.59,-31.0334
3.62,-29.8569
3.63,-28.7362
3.65,-27.6647
3.66,-26.6365
3.69,-25.6469
3.72,-24.6918
3.76,-23.7679
3.77,-22.8721
3.79,-22.0019
3.8,-21.1548
3.8,-20.329
3.78,-19.5226
3.79,-18.734
3.83,-17.9619
3.84,-17.2048
3.84,-16.4617
3.85,-15.7314
5.87,-15.013
5.88,-14.3056
5.88,-13.6084
5.87,-12.9206
5.87,-12.2415
5.87,-11.5704
5.85,-10.9068
5.83,-10.25
5.83,-9.5995
5.82,-8.95483
5.83,-8.31549
5.82,-7.68101
5.81,-7.05095
5.81,-6.42491
5.8,-5.80247
5.81,-5.18326
5.81,-4.5669
5.82,-3.95303
5.83,-3.3413
5.85,-2.73136
5.84,-2.12289
5.84,-1.51555
5.83,-0.90901
5.82,-0.30295
3.81,0.302949
3.81,0.909006
3.82,1.515545
3.82,2.122888
3.8,2.731362
3.79,3.341297
3.78,3.953028
3.78,4.566898
3.78,5.183259
3.77,5.802471
3.77,6.424907
3.78,7.050952
3.79,7.681006
3.78,8.315488
3.77,8.954834
3.75,9.599501
3.75,10.24997
3.76,10.90676
3.73,11.5704
3.71,12.24148
3.71,12.92059
3.71,13.60841
3.68,14.30563
3.63,15.01303
5.63,15.73141
5.66,16.46168
5.67,17.20481
5.66,17.96188
5.65,18.73404
5.64,19.5226
5.65,20.32899
5.62,21.15481
5.61,22.00185
5.6,22.87213
5.58,23.76793
5.56,24.69184
5.57,25.64687
5.56,26.63647
5.55,27.66467
5.57,28.73624
5.61,29.85687
5.59,31.03341
5.61,32.27427
5.65,33.58996
5.68,34.99383
5.62,36.50335
5.62,38.14207
5.62,39.94304
2.8,-39.943
2.77,-38.1421
2.85,-36.5034
2.96,-34.9938
2.98,-33.59
3.03,-32.2743
3.07,-31.0334
3.1,-29.8569
3.11,-28.7362
3.13,-27.6647
3.14,-26.6365
3.17,-25.6469
3.2,-24.6918
3.24,-23.7679
3.25,-22.8721
3.27,-22.0019
3.28,-21.1548
3.28,-20.329
3.26,-19.5226
3.27,-18.734
3.31,-17.9619
3.32,-17.2048
3.32,-16.4617
3.33,-15.7314
5.35,-15.013
5.36,-14.3056
5.36,-13.6084
5.35,-12.9206
5.35,-12.2415
5.35,-11.5704
5.33,-10.9068
5.31,-10.25
5.31,-9.5995
5.3,-8.95483
5.31,-8.31549
5.3,-7.68101
5.29,-7.05095
5.29,-6.42491
5.28,-5.80247
5.29,-5.18326
5.29,-4.5669
5.3,-3.95303
5.31,-3.3413
5.33,-2.73136
5.32,-2.12289
5.32,-1.51555
5.31,-0.90901
5.3,-0.30295
3.29,0.302949
3.29,0.909006
3.3,1.515545
3.3,2.122888
3.28,2.731362
3.27,3.341297
3.26,3.953028
3.26,4.566898
3.26,5.183259
3.25,5.802471
3.25,6.424907
3.26,7.050952
3.27,7.681006
3.26,8.315488
3.25,8.954834
3.23,9.599501
3.23,10.24997
3.24,10.90676
3.21,11.5704
3.19,12.24148
3.19,12.92059
3.19,13.60841
3.16,14.30563
3.11,15.01303
5.11,15.73141
5.14,16.46168
5.15,17.20481
5.14,17.96188
5.13,18.73404
5.12,19.5226
5.13,20.32899
5.1,21.15481
5.09,22.00185
5.08,22.87213
5.06,23.76793
5.04,24.69184
5.05,25.64687
5.04,26.63647
5.03,27.66467
5.05,28.73624
5.09,29.85687
5.07,31.03341
5.09,32.27427
5.13,33.58996
5.16,34.99383
5.1,36.50335
5.1,38.14207
5.1,39.94304
2.28,-39.943
2.25,-38.1421
2.33,-36.5034
2.44,-34.9938
2.46,-33.59
2.51,-32.2743
2.55,-31.0334
2.58,-29.8569
2.59,-28.7362
2.61,-27.6647
2.62,-26.6365
2.65,-25.6469
2.68,-24.6918
2.72,-23.7679
2.73,-22.8721
2.75,-22.0019
2.76,-21.1548
2.76,-20.329
2.74,-19.5226
2.75,-18.734
2.79,-17.9619
2.8,-17.2048
2.8,-16.4617
2.81,-15.7314
4.83,-15.013
4.84,-14.3056
4.84,-13.6084
4.83,-12.9206
4.83,-12.2415
4.83,-11.5704
4.81,-10.9068
4.79,-10.25
4.79,-9.5995
4.78,-8.95483
4.79,-8.31549
4.78,-7.68101
4.77,-7.05095
4.77,-6.42491
4.76,-5.80247
4.77,-5.18326
4.77,-4.5669
4.78,-3.95303
4.79,-3.3413
4.81,-2.73136
4.8,-2.12289
4.8,-1.51555
4.79,-0.90901
4.78,-0.30295
2.77,0.302949
2.77,0.909006
2.78,1.515545
2.78,2.122888
2.76,2.731362
2.75,3.341297
2.74,3.953028
2.74,4.566898
2.74,5.183259
2.73,5.802471
2.73,6.424907
2.74,7.050952
2.75,7.681006
2.74,8.315488
2.73,8.954834
2.71,9.599501
2.71,10.24997
2.72,10.90676
2.69,11.5704
2.67,12.24148
2.67,12.92059
2.67,13.60841
2.64,14.30563
2.59,15.01303
4.59,15.73141
4.62,16.46168
4.63,17.20481
4.62,17.96188
4.61,18.73404
4.6,19.5226
4.61,20.32899
4.58,21.15481
4.57,22.00185
4.56,22.87213
4.54,23.76793
4.52,24.69184
4.53,25.64687
4.52,26.63647
4.51,27.66467
4.53,28.73624
4.57,29.85687
4.55,31.03341
4.57,32.27427
4.61,33.58996
4.64,34.99383
4.58,36.50335
4.58,38.14207
4.58,39.94304
1.76,-39.943
1.73,-38.1421
1.81,-36.5034
1.92,-34.9938
1.94,-33.59
1.99,-32.2743
2.03,-31.0334
2.06,-29.8569
2.07,-28.7362
2.09,-27.6647
2.1,-26.6365
2.13,-25.6469
2.16,-24.6918
2.2,-23.7679
2.21,-22.8721
2.23,-22.0019
2.24,-21.1548
2.24,-20.329
2.22,-19.5226
2.23,-18.734
2.27,-17.9619
2.28,-17.2048
2.28,-16.4617
2.29,-15.7314
4.31,-15.013
4.32,-14.3056
4.32,-13.6084
4.31,-12.9206
4.31,-12.2415
4.31,-11.5704
4.29,-10.9068
4.27,-10.25
4.27,-9.5995
4.26,-8.95483
4.27,-8.31549
4.26,-7.68101
4.25,-7.05095
4.25,-6.42491
4.24,-5.80247
4.25,-5.18326
4.25,-4.5669
4.26,-3.95303
4.27,-3.3413
4.29,-2.73136
4.28,-2.12289
4.28,-1.51555
4.27,-0.90901
4.26,-0.30295
2.25,0.302949
2.25,0.909006
2.26,1.515545
2.26,2.122888
2.24,2.731362
2.23,3.341297
2.22,3.953028
2.22,4.566898
2.22,5.183259
2.21,5.802471
2.21,6.424907
2.22,7.050952
2.23,7.681006
2.22,8.315488
2.21,8.954834
2.19,9.599501
2.19,10.24997
2.2,10.90676
2.17,11.5704
2.15,12.24148
2.15,12.92059
2.15,13.60841
2.12,14.30563
2.07,15.01303
4.07,15.73141
4.1,16.46168
4.11,17.20481
4.1,17.96188
4.09,18.73404
4.08,19.5226
4.09,20.32899
4.06,21.15481
4.05,22.00185
4.04,22.87213
4.02,23.76793
4.0,24.69184
4.01,25.64687
4.0,26.63647
3.99,27.66467
4.01,28.73624
4.05,29.85687
4.03,31.03341
4.05,32.27427
4.09,33.58996
4.12,34.99383
4.06,36.50335
4.06,38.14207
4.06,39.94304
1.23,-39.943
1.2,-38.1421
1.28,-36.5034
1.39,-34.9938
1.41,-33.59
1.46,-32.2743
1.5,-31.0334
1.53,-29.8569
1.54,-28.7362
1.56,-27.6647
1.57,-26.6365
1.6,-25.6469
1.63,-24.6918
1.67,-23.7679
1.68,-22.8721
1.7,-22.0019
1.71,-21.1548
1.71,-20.329
1.69,-19.5226
1.7,-18.734
1.74,-17.9619
1.75,-17.2048
1.75,-16.4617
1.76,-15.7314
3.78,-15.013
3.79,-14.3056
3.79,-13.6084
3.78,-12.9206
3.78,-12.2415
3.78,-11.5704
3.76,-10.9068
3.74,-10.25
3.74,-9.5995
3.73,-8.95483
3.74,-8.31549
3.73,-7.68101
3.72,-7.05095
3.72,-6.42491
3.71,-5.80247
3.72,-5.18326
3.72,-4.5669
3.73,-3.95303
3.74,-3.3413
3.76,-2.73136
3.75,-2.12289
3.75,-1.51555
3.74,-0.90901
3.73,-0.30295
1.72,0.302949
1.72,0.909006
1.73,1.515545
1.73,2.122888
1.71,2.731362
1.7,3.341297
1.69,3.953028
1.69,4.566898
1.69,5.183259
1.68,5.802471
1.68,6.424907
1.69,7.050952
1.7,7.681006
1.69,8.315488
1.68,8.954834
1.66,9.599501
1.66,10.24997
1.67,10.90676
1.64,11.5704
1.62,12.24148
1.62,12.92059
1.62,13.60841
1.59,14.30563
1.54,15.01303
3.54,15.73141
3.57,16.46168
3.58,17.20481
3.57,17.96188
3.56,18.73404
3.55,19.5226
3.56,20.32899
3.53,21.15481
3.52,22.00185
3.51,22.87213
3.49,23.76793
3.47,24.69184
3.48,25.64687
3.47,26.63647
3.46,27.66467
3.48,28.73624
3.52,29.85687
3.5,31.03341
3.52,32.27427
3.56,33.58996
3.59,34.99383
3.53,36.50335
3.53,38.14207
3.53,39.94304
0.71,-39.943
0.68,-38.1421
0.76,-36.5034
0.87,-34.9938
0.89,-33.59
0.94,-32.2743
0.98,-31.0334
1.01,-29.8569
1.02,-28.7362
1.04,-27.6647
1.05,-26.6365
1.08,-25.6469
1.11,-24.6918
1.15,-23.7679
1.16,-22.8721
1.18,-22.0019
1.19,-21.1548
1.19,-20.329
1.17,-19.5226
1.18,-18.734
1.22,-17.9619
1.23,-17.2048
1.23,-16.4617
1.24,-15.7314
3.26,-15.013
3.27,-14.3056
3.27,-13.6084
3.26,-12.9206
3.26,-12.2415
3.26,-11.5704
3.24,-10.9068
3.22,-10.25
3.22,-9.5995
3.21,-8.95483
3.22,-8.31549
3.21,-7.68101
3.2,-7.05095
3.2,-6.42491
3.19,-5.80247
3.2,-5.18326
3.2,-4.5669
3.21,-3.95303
3.22,-3.3413
3.24,-2.73136
3.23,-2.12289
3.23,-1.51555
3.22,-0.90901
3.21,-0.30295
1.2,0.302949
1.2,0.909006
1.21,1.515545
1.21,2.122888
1.19,2.731362
1.18,3.341297
1.17,3.953028
1.17,4.566898
1.17,5.183259
1.16,5.802471
1.16,6.424907
1.17,7.050952
1.18,7.681006
1.17,8.315488
1.16,8.954834
1.14,9.599501
1.14,10.24997
1.15,10.90676
1.12,11.5704
1.1,12.24148
1.1,12.92059
1.1,13.60841
1.07,14.30563
1.02,15.01303
3.02,15.73141
3.05,16.46168
3.06,17.20481
3.05,17.96188
3.04,18.73404
3.03,19.5226
3.04,20.32899
3.01,21.15481
3.0,22.00185
2.99,22.87213
2.97,23.76793
2.95,24.69184
2.96,25.64687
2.95,26.63647
2.94,27.66467
2.96,28.73624
3.0,29.85687
2.98,31.03341
3.0,32.27427
3.04,33.58996
3.07,34.99383
3.01,36.50335
3.01,38.14207
3.01,39.94304
0.19,-39.943
0.16,-38.1421
0.24,-36.5034
0.35,-34.9938
0.37,-33.59
0.42,-32.2743
0.46,-31.0334
0.49,-29.8569
0.5,-28.7362
0.52,-27.6647
0.53,-26.6365
0.56,-25.6469
0.59,-24.6918
0.63,-23.7679
0.64,-22.8721
0.66,-22.0019
0.67,-21.1548
0.67,-20.329
0.65,-19.5226
0.66,-18.734
0.7,-17.9619
0.71,-17.2048
0.71,-16.4617
0.72,-15.7314
2.74,-15.013
2.75,-14.3056
2.75,-13.6084
2.74,-12.9206
2.74,-12.2415
2.74,-11.5704
2.72,-10.9068
2.7,-10.25
2.7,-9.5995
2.69,-8.95483
2.7,-8.31549
2.69,-7.68101
2.68,-7.05095
2.68,-6.42491
2.67,-5.80247
2.68,-5.18326
2.68,-4.5669
2.69,-3.95303
2.7,-3.3413
2.72,-2.73136
2.71,-2.12289
2.71,-1.51555
2.7,-0.90901
2.69,-0.30295
0.68,0.302949
0.68,0.909006
0.69,1.515545
0.69,2.122888
0.67,2.731362
0.66,3.341297
0.65,3.953028
0.65,4.566898
0.65,5.183259
0.64,5.802471
0.64,6.424907
0.65,7.050952
0.66,7.681006
0.65,8.315488
0.64,8.954834
0.62,9.599501
0.62,10.24997
0.63,10.90676
0.6,11.5704
0.58,12.24148
0.58,12.92059
0.58,13.60841
0.55,14.30563
0.5,15.01303
2.5,15.73141
2.53,16.46168
2.54,17.20481
2.53,17.96188
2.52,18.73404
2.51,19.5226
2.52,20.32899
2.49,21.15481
2.48,22.00185
2.47,22.87213
2.45,23.76793
2.43,24.69184
2.44,25.64687
2.43,26.63647
2.42,27.66467
2.44,28.73624
2.48,29.85687
2.46,31.03341
2.48,32.27427
2.52,33.58996
2.55,34.99383
2.49,36.50335
2.49,38.14207
2.49,39.94304
-0.33,-39.943
-0.36,-38.1421
-0.28,-36.5034
-0.17,-34.9938
-0.15,-33.59
-0.1,-32.2743
-0.06,-31.0334
-0.03,-29.8569
-0.02,-28.7362
0.0,-27.6647
0.01,-26.6365
0.04,-25.6469
0.07,-24.6918
0.11,-23.7679
0.12,-22.8721
0.14,-22.0019
0.15,-21.1548
0.15,-20.329
0.13,-19.5226
0.14,-18.734
0.18,-17.9619
0.19,-17.2048
0.19,-16.4617
0.2,-15.7314
2.22,-15.013
2.23,-14.3056
2.23,-13.6084
2.22,-12.9206
2.22,-12.2415
2.22,-11.5704
2.2,-10.9068
2.18,-10.25
2.18,-9.5995
2.17,-8.95483
2.18,-8.31549
2.17,-7.68101
2.16,-7.05095
2.16,-6.42491
2.15,-5.80247
2.16,-5.18326
2.16,-4.5669
2.17,-3.95303
2.18,-3.3413
2.2,-2.73136
2.19,-2.12289
2.19,-1.51555
2.18,-0.90901
2.17,-0.30295
0.16,0.302949
0.16,0.909006
0.17,1.515545
0.17,2.122888
0.15,2.731362
0.14,3.341297
0.13,3.953028
0.13,4.566898
0.13,5.183259
0.12,5.802471
0.12,6.424907
0.13,7.050952
0.14,7.681006
0.13,8.315488
0.12,8.954834
0.1,9.599501
0.1,10.24997
0.11,10.90676
0.08,11.5704
0.06,12.24148
0.06,12.92059
0.06,13.60841
0.03,14.30563
-0.02,15.01303
1.98,15.73141
2.01,16.46168
2.02,17.20481
2.01,17.96188
2.0,18.73404
1.99,19.5226
2.0,20.32899
1.97,21.15481
1.96,22.00185
1.95,22.87213
1.93,23.76793
1.91,24.69184
1.92,25.64687
1.91,26.63647
1.9,27.66467
1.92,28.73624
1.96,29.85687
1.94,31.03341
1.96,32.27427
2.0,33.58996
2.03,34.99383
1.97,36.50335
1.97,38.14207
1.97,39.94304
-0.86,-39.943
-0.89,-38.1421
-0.81,-36.5034
-0.7,-34.9938
-0.68,-33.59
-0.63,-32.2743
-0.59,-31.0334
-0.56,-29.8569
-0.55,-28.7362
-0.53,-27.6647
-0.52,-26.6365
-0.49,-25.6469
-0.46,-24.6918
-0.42,-23.7679
-0.41,-22.8721
-0.39,-22.0019
-0.38,-21.1548
-0.38,-20.329
-0.4,-19.5226
-0.39,-18.734
-0.35,-17.9619
-0.34,-17.2048
-0.34,-16.4617
-0.33,-15.7314
1.69,-15.013
1.7,-14.3056
1.7,-13.6084
1.69,-12.9206
1.69,-12.2415
1.69,-11.5704
1.67,-10.9068
1.65,-10.25
1.65,-9.5995
1.64,-8.95483
1.65,-8.31549
1.64,-7.68101
1.63,-7.05095
1.63,-6.42491
1.62,-5.80247
1.63,-5.18326
1.63,-4.5669
1.64,-3.95303
1.65,-3.3413
1.67,-2.73136
1.66,-2.12289
1.66,-1.51555
1.65,-0.90901
1.64,-0.30295
-0.37,0.302949
-0.37,0.909006
-0.36,1.515545
-0.36,2.122888
-0.38,2.731362
-0.39,3.341297
-0.4,3.953028
-0.4,4.566898
-0.4,5.183259
-0.41,5.802471
-0.41,6.424907
-0.4,7.050952
-0.39,7.681006
-0.4,8.315488
-0.41,8.954834
-0.43,9.599501
-0.43,10.24997
-0.42,10.90676
-0.45,11.5704
-0.47,12.24148
-0.47,12.92059
-0.47,13.60841
-0.5,14.30563
-0.55,15.01303
1.45,15.73141
1.48,16.46168
1.49,17.20481
1.48,17.96188
1.47,18.73404
1.46,19.5226
1.47,20.32899
1.44,21.15481
1.43,22.00185
1.42,22.87213
1.4,23.76793
1.38,24.69184
1.39,25.64687
1.38,26.63647
1.37,27.66467
1.39,28.73624
1.43,29.85687
1.41,31.03341
1.43,32.27427
1.47,33.58996
1.5,34.99383
1.44,36.50335
1.44,38.14207
1.44,39.94304
-1.38,-39.943
-1.41,-38.1421
-1.33,-36.5034
-1.22,-34.9938
-1.2,-33.59
-1.15,-32.2743
-1.11,-31.0334
-1.08,-29.8569
-1.07,-28.7362
-1.05,-27.6647
-1.04,-26.6365
-1.01,-25.6469
-0.98,-24.6918
-0.94,-23.7679
-0.93,-22.8721
-0.91,-22.0019
-0.9,-21.1548
-0.9,-20.329
-0.92,-19.5226
-0.91,-18.734
-0.87,-17.9619
-0.86,-17.2048
-0.86,-16.4617
-0.85,-15.7314
1.17,-15.013
1.18,-14.3056
1.18,-13.6084
1.17,-12.9206
1.17,-12.2415
1.17,-11.5704
1.15,-10.9068
1.13,-10.25
1.13,-9.5995
1.12,-8.95483
1.13,-8.31549
1.12,-7.68101
1.11,-7.05095
1.11,-6.42491
1.1,-5.80247
1.11,-5.18326
1.11,-4.5669
1.12,-3.95303
1.13,-3.3413
1.15,-2.73136
1.14,-2.12289
1.14,-1.51555
1.13,-0.90901
1.12,-0.30295
-0.89,0.302949
-0.89,0.909006
-0.88,1.515545
-0.88,2.122888
-0.9,2.731362
-0.91,3.341297
-0.92,3.953028
-0.92,4.566898
-0.92,5.183259
-0.93,5.802471
-0.93,6.424907
-0.92,7.050952
-0.91,7.681006
-0.92,8.315488
-0.93,8.954834
-0.95,9.599501
-0.95,10.24997
-0.94,10.90676
-0.97,11.5704
-0.99,12.24148
-0.99,12.92059
-0.99,13.60841
-1.02,14.30563
-1.07,15.01303
0.93,15.73141
0.96,16.46168
0.97,17.20481
0.96,17.96188
0.95,18.73404
0.94,19.5226
0.95,20.32899
0.92,21.15481
0.91,22.00185
0.9,22.87213
0.88,23.76793
0.86,24.69184
0.87,25.64687
0.86,26.63647
0.85,27.66467
0.87,28.73624
0.91,29.85687
0.89,31.03341
0.91,32.27427
0.95,33.58996
0.98,34.99383
0.92,36.50335
0.92,38.14207
0.92,39.94304
-1.9,-39.943
-1.93,-38.1421
-1.85,-36.5034
-1.74,-34.9938
-1.72,-33.59
-1.67,-32.2743
-1.63,-31.0334
-1.6,-29.8569
-1.59,-28.7362
-1.57,-27.6647
-1.56,-26.6365
-1.53,-25.6469
-1.5,-24.6918
-1.46,-23.7679
-1.45,-22.8721
-1.43,-22.0019
-1.42,-21.1548
-1.42,-20.329
-1.44,-19.5226
-1.43,-18.734
-1.39,-17.9619
-1.38,-17.2048
-1.38,-16.4617
-1.37,-15.7314
0.65,-15.013
0.66,-14.3056
0.66,-13.6084
0.65,-12.9206
0.65,-12.2415
0.65,-11.5704
0.63,-10.9068
0.61,-10.25
0.61,-9.5995
0.6,-8.95483
0.61,-8.31549
0.6,-7.68101
0.59,-7.05095
0.59,-6.42491
0.58,-5.80247
0.59,-5.18326
0.59,-4.5669
0.6,-3.95303
0.61,-3.3413
0.63,-2.73136
0.62,-2.12289
0.62,-1.51555
0.61,-0.90901
0.6,-0.30295
-1.41,0.302949
-1.41,0.909006
-1.4,1.515545
-1.4,2.122888
-1.42,2.731362
-1.43,3.341297
-1.44,3.953028
-1.44,4.566898
-1.44,5.183259
-1.45,5.802471
-1.45,6.424907
-1.44,7.050952
-1.43,7.681006
-1.44,8.315488
-1.45,8.954834
-1.47,9.599501
-1.47,10.24997
-1.46,10.90676
-1.49,11.5704
-1.51,12.24148
-1.51,12.92059
-1.51,13.60841
-1.54,14.30563
-1.59,15.01303
0.41,15.73141
0.44,16.46168
0.45,17.20481
0.44,17.96188
0.43,18.73404
0.42,19.5226
0.43,20.32899
0.4,21.15481
0.39,22.00185
0.38,22.87213
0.36,23.76793
0.34,24.69184
0.35,25.64687
0.34,26.63647
0.33,27.66467
0.35,28.73624
0.39,29.85687
0.37,31.03341
0.39,32.27427
0.43,33.58996
0.46,34.99383
0.4,36.50335
0.4,38.14207
0.4,39.94304
-2.42,-39.943
-2.45,-38.1421
-2.37,-36.5034
-2.26,-34.9938
-2.24,-33.59
-2.19,-32.2743
-2.15,-31.0334
-2.12,-29.8569
-2.11,-28.7362
-2.09,-27.6647
-2.08,-26.6365
-2.05,-25.6469
-2.02,-24.6918
-1.98,-23.7679
-1.97,-22.8721
-1.95,-22.0019
-1.94,-21.1548
-1.94,-20.329
-1.96,-19.5226
-1.95,-18.734
-1.91,-17.9619
-1.9,-17.2048
-1.9,-16.4617
-1.89,-15.7314
0.13,-15.013
0.14,-14.3056
0.14,-13.6084
0.13,-12.9206
0.13,-12.2415
0.13,-11.5704
0.11,-10.9068
0.09,-10.25
0.09,-9.5995
0.08,-8.95483
0.09,-8.31549
0.08,-7.68101
0.07,-7.05095
0.07,-6.42491
0.06,-5.80247
0.07,-5.18326
0.07,-4.5669
0.08,-3.95303
0.09,-3.3413
0.11,-2.73136
0.1,-2.12289
0.1,-1.51555
0.09,-0.90901
0.08,-0.30295
-1.93,0.302949
-1.93,0.909006
-1.92,1.515545
-1.92,2.122888
-1.94,2.731362
-1.95,3.341297
-1.96,3.953028
-1.96,4.566898
-1.96,5.183259
-1.97,5.802471
-1.97,6.424907
-1.96,7.050952
-1.95,7.681006
-1.96,8.315488
-1.97,8.954834
-1.99,9.599501
-1.99,10.24997
-1.98,10.90676
-2.01,11.5704
-2.03,12.24148
-2.03,12.92059
-2.03,13.60841
-2.06,14.30563
-2.11,15.01303
-0.11,15.73141
-0.08,16.46168
-0.07,17.20481
-0.08,17.96188
-0.09,18.73404
-0.1,19.5226
-0.09,20.32899
-0.12,21.15481
-0.13,22.00185
-0.14,22.87213
-0.16,23.76793
-0.18,24.69184
-0.17,25.64687
-0.18,26.63647
-0.19,27.66467
-0.17,28.73624
-0.13,29.85687
-0.15,31.03341
-0.13,32.27427
-0.09,33.58996
-0.06,34.99383
-0.12,36.50335
-0.12,38.14207
-0.12,39.94304
-2.95,-39.943
-2.98,-38.1421
-2.9,-36.5034
-2.79,-34.9938
-2.77,-33.59
-2.72,-32.2743
-2.68,-31.0334
-2.65,-29.8569
-2.64,-28.7362
-2.62,-27.6647
-2.61,-26.6365
-2.58,-25.6469
-2.55,-24.6918
-2.51,-23.7679
-2.5,-22.8721
-2.48,-22.0019
-2.47,-21.1548
-2.47,-20.329
-2.49,-19.5226
-2.48,-18.734
-2.44,-17.9619
-2.43,-17.2048
-2.43,-16.4617
-2.42,-15.7314
-0.4,-15.013
-0.39,-14.3056
-0.39,-13.6084
-0.4,-12.9206
-0.4,-12.2415
-0.4,-11.5704
-0.42,-10.9068
-0.44,-10.25
-0.44,-9.5995
-0.45,-8.95483
-0.44,-8.31549
-0.45,-7.68101
-0.46,-7.05095
-0.46,-6.42491
-0.47,-5.80247
-0.46,-5.18326
-0.46,-4.5669
-0.45,-3.95303
-0.44,-3.3413
-0.42,-2.73136
-0.43,-2.12289
-0.43,-1.51555
-0.44,-0.90901
-0.45,-0.30295
-2.46,0.302949
-2.46,0.909006
-2.45,1.515545
-2.45,2.122888
-2.47,2.731362
-2.48,3.341297
-2.49,3.953028
-2.49,4.566898
-2.49,5.183259
-2.5,5.802471
-2.5,6.424907
-2.49,7.050952
-2.48,7.681006
-2.49,8.315488
-2.5,8.954834
-2.52,9.599501
-2.52,10.24997
-2.51,10.90676
-2.54,11.5704
-2.56,12.24148
-2.56,12.92059
-2.56,13.60841
-2.59,14.30563
-2.64,15.01303
-0.64,15.73141
-0.61,16.46168
-0.6,17.20481
-0.61,17.96188
-0.62,18.73404
-0.63,19.5226
-0.62,20.32899
-0.65,21.15481
-0.66,22.00185
-0.67,22.87213
-0.69,23.76793
-0.71,24.69184
-0.7,25.64687
-0.71,26.63647
-0.72,27.66467
-0.7,28.73624
-0.66,29.85687
-0.68,31.03341
-0.66,32.27427
-0.62,33.58996
-0.59,34.99383
-0.65,36.50335
-0.65,38.14207
-0.65,39.94304
-3.47,-39.943
-3.5,-38.1421
-3.42,-36.5034
-3.31,-34.9938
-3.29,-33.59
-3.24,-32.2743
-3.2,-31.0334
-3.17,-29.8569
-3.16,-28.7362
-3.14,-27.6647
-3.13,-26.6365
-3.1,-25.6469
-3.07,-24.6918
-3.03,-23.7679
-3.02,-22.8721
-3.0,-22.0019
-2.99,-21.1548
-2.99,-20.329
-3.01,-19.5226
-3.0,-18.734
-2.96,-17.9619
-2.95,-17.2048
-2.95,-16.4617
-2.94,-15.7314
-0.92,-15.013
-0.91,-14.3056
-0.91,-13.6084
-0.92,-12.9206
-0.92,-12.2415
-0.92,-11.5704
-0.94,-10.9068
-0.96,-10.25
-0.96,-9.5995
-0.97,-8.95483
-0.96,-8.31549
-0.97,-7.68101
-0.98,-7.05095
-0.98,-6.42491
-0.99,-5.80247
-0.98,-5.18326
-0.98,-4.5669
-0.97,-3.95303
-0.96,-3.3413
-0.94,-2.73136
-0.95,-2.12289
-0.95,-1.51555
-0.96,-0.90901
-0.97,-0.30295
-2.98,0.302949
-2.98,0.909006
-2.97,1.515545
-2.97,2.122888
-2.99,2.731362
-3.0,3.341297
-3.01,3.953028
-3.01,4.566898
-3.01,5.183259
-3.02,5.802471
-3.02,6.424907
-3.01,7.050952
-3.0,7.681006
-3.01,8.315488
-3.02,8.954834
-3.04,9.599501
-3.04,10.24997
-3.03,10.90676
-3.06,11.5704
-3.08,12.24148
-3.08,12.92059
-3.08,13.60841
-3.11,14.30563
-3.16,15.01303
-1.16,15.73141
-1.13,16.46168
-1.12,17.20481
-1.13,17.96188
-1.14,18.73404
-1.15,19.5226
-1.14,20.32899
-1.17,21.15481
-1.18,22.00185
-1.19,22.87213
-1.21,23.76793
-1.23,24.69184
-1.22,25.64687
-1.23,26.63647
-1.24,27.66467
-1.22,28.73624
-1.18,29.85687
-1.2,31.03341
-1.18,32.27427
-1.14,33.58996
-1.11,34.99383
-1.17,36.50335
-1.17,38.14207
-1.17,39.94304
1.93,-39.943
1.91,-38.1421
1.89,-36.5034
1.93,-34.9938
1.8,-33.59
1.82,-32.2743
1.81,-31.0334
1.81,-29.8569
1.79,-28.7362
1.83,-27.6647
1.82,-26.6365
1.81,-25.6469
1.81,-24.6918
1.8,-23.7679
1.81,-22.8721
1.81,-22.0019
1.81,-21.1548
1.81,-20.329
1.83,-19.5226
1.82,-18.734
1.83,-17.9619
1.84,-17.2048
1.84,-16.4617
1.84,-15.7314
-0.59,-15.013
-0.56,-14.3056
-0.53,-13.6084
-0.5,-12.9206
-0.48,-12.2415
-0.47,-11.5704
-0.44,-10.9068
-0.42,-10.25
-0.41,-9.5995
-0.41,-8.95483
-0.4,-8.31549
-0.38,-7.68101
-0.37,-7.05095
-0.36,-6.42491
-0.35,-5.80247
-0.35,-5.18326
-0.33,-4.5669
-0.31,-3.95303
-0.31,-3.3413
-0.31,-2.73136
-0.32,-2.12289
-0.31,-1.51555
-0.3,-0.90901
-0.29,-0.30295
1.85,0.302949
1.85,0.909006
1.87,1.515545
1.87,2.122888
1.87,2.731362
1.86,3.341297
1.86,3.953028
1.85,4.566898
1.86,5.183259
1.89,5.802471
1.88,6.424907
1.88,7.050952
1.88,7.681006
1.9,8.315488
1.91,8.954834
1.93,9.599501
1.94,10.24997
1.95,10.90676
1.97,11.5704
1.99,12.24148
2.02,12.92059
2.03,13.60841
2.03,14.30563
2.03,15.01303
-0.44,15.73141
-0.45,16.46168
-0.47,17.20481
-0.48,17.96188
-0.48,18.73404
-0.5,19.5226
-0.49,20.32899
-0.48,21.15481
-0.49,22.00185
-0.51,22.87213
-0.53,23.76793
-0.53,24.69184
-0.55,25.64687
-0.57,26.63647
-0.57,27.66467
-0.69,28.73624
-0.47,29.85687
-0.65,31.03341
-0.67,32.27427
-0.76,33.58996
-0.82,34.99383
-0.55,36.50335
-0.55,38.14207
-0.55,39.94304
1.41,-39.943
1.39,-38.1421
1.37,-36.5034
1.41,-34.9938
1.28,-33.59
1.3,-32.2743
1.29,-31.0334
1.29,-29.8569
1.27,-28.7362
1.31,-27.6647
1.3,-26.6365
1.29,-25.6469
1.29,-24.6918
1.28,-23.7679
1.29,-22.8721
1.29,-22.0019
1.29,-21.1548
1.29,-20.329
1.31,-19.5226
1.3,-18.734
1.31,-17.9619
1.32,-17.2048
1.32,-16.4617
1.32,-15.7314
-1.11,-15.013
-1.08,-14.3056
-1.05,-13.6084
-1.02,-12.9206
-1.0,-12.2415
-0.99,-11.5704
-0.96,-10.9068
-0.94,-10.25
-0.93,-9.5995
-0.93,-8.95483
-0.92,-8.31549
-0.9,-7.68101
-0.89,-7.05095
-0.88,-6.42491
-0.87,-5.80247
-0.87,-5.18326
-0.85,-4.5669
-0.83,-3.95303
-0.83,-3.3413
-0.83,-2.73136
-0.84,-2.12289
-0.83,-1.51555
-0.82,-0.90901
-0.81,-0.30295
1.33,0.302949
1.33,0.909006
1.35,1.515545
1.35,2.122888
1.35,2.731362
1.34,3.341297
1.34,3.953028
1.33,4.566898
1.34,5.183259
1.37,5.802471
1.36,6.424907
1.36,7.050952
1.36,7.681006
1.38,8.315488
1.39,8.954834
1.41,9.599501
1.42,10.24997
1.43,10.90676
1.45,11.5704
1.47,12.24148
1.5,12.92059
1.51,13.60841
1.51,14.30563
1.51,15.01303
-0.96,15.73141
-0.97,16.46168
-0.99,17.20481
-1.0,17.96188
-1.0,18.73404
-1.02,19.5226
-1.01,20.32899
-1.0,21.15481
-1.01,22.00185
-1.03,22.87213
-1.05,23.76793
-1.05,24.69184
-1.07,25.64687
-1.09,26.63647
-1.09,27.66467
-1.21,28.73624
-0.99,29.85687
-1.17,31.03341
-1.19,32.27427
-1.28,33.58996
-1.34,34.99383
-1.07,36.50335
-1.07,38.14207
-1.07,39.94304
0.89,-39.943
0.87,-38.1421
0.85,-36.5034
0.89,-34.9938
0.76,-33.59
0.78,-32.2743
0.77,-31.0334
0.77,-29.8569
0.75,-28.7362
0.79,-27.6647
0.78,-26.6365
0.77,-25.6469
0.77,-24.6918
0.76,-23.7679
0.77,-22.8721
0.77,-22.0019
0.77,-21.1548
0.77,-20.329
0.79,-19.5226
0.78,-18.734
0.79,-17.9619
0.8,-17.2048
0.8,-16.4617
0.8,-15.7314
-1.63,-15.013
-1.6,-14.3056
-1.57,-13.6084
-1.54,-12.9206
-1.52,-12.2415
-1.51,-11.5704
-1.48,-10.9068
-1.46,-10.25
-1.45,-9.5995
-1.45,-8.95483
-1.44,-8.31549
-1.42,-7.68101
-1.41,-7.05095
-1.4,-6.42491
-1.39,-5.80247
-1.39,-5.18326
-1.37,-4.5669
-1.35,-3.95303
-1.35,-3.3413
-1.35,-2.73136
-1.36,-2.12289
-1.35,-1.51555
-1.34,-0.90901
-1.33,-0.30295
0.81,0.302949
0.81,0.909006
0.83,1.515545
0.83,2.122888
0.83,2.731362
0.82,3.341297
0.82,3.953028
0.81,4.566898
0.82,5.183259
0.85,5.802471
0.84,6.424907
0.84,7.050952
0.84,7.681006
0.86,8.315488
0.87,8.954834
0.89,9.599501
0.9,10.24997
0.91,10.90676
0.93,11.5704
0.95,12.24148
0.98,12.92059
0.99,13.60841
0.99,14.30563
0.99,15.01303
-1.48,15.73141
-1.49,16.46168
-1.51,17.20481
-1.52,17.96188
-1.52,18.73404
-1.54,19.5226
-1.53,20.32899
-1.52,21.15481
-1.53,22.00185
-1.55,22.87213
-1.57,23.76793
-1.57,24.69184
-1.59,25.64687
-1.61,26.63647
-1.61,27.66467
-1.73,28.73624
-1.51,29.85687
-1.69,31.03341
-1.71,32.27427
-1.8,33.58996
-1.86,34.99383
-1.59,36.50335
-1.59,38.14207
-1.59,39.94304
0.38,-39.943
0.36,-38.1421
0.34,-36.5034
0.38,-34.9938
0.25,-33.59
0.27,-32.2743
0.26,-31.0334
0.26,-29.8569
0.24,-28.7362
0.28,-27.6647
0.27,-26.6365
0.26,-25.6469
0.26,-24.6918
0.25,-23.7679
0.26,-22.8721
0.26,-22.0019
0.26,-21.1548
0.26,-20.329
0.28,-19.5226
0.27,-18.734
0.28,-17.9619
0.29,-17.2048
0.29,-16.4617
0.29,-15.7314
-2.14,-15.013
-2.11,-14.3056
-2.08,-13.6084
-2.05,-12.9206
-2.03,-12.2415
-2.02,-11.5704
-1.99,-10.9068
-1.97,-10.25
-1.96,-9.5995
-1.96,-8.95483
-1.95,-8.31549
-1.93,-7.68101
-1.92,-7.05095
-1.91,-6.42491
-1.9,-5.80247
-1.9,-5.18326
-1.88,-4.5669
-1.86,-3.95303
-1.86,-3.3413
-1.86,-2.73136
-1.87,-2.12289
-1.86,-1.51555
-1.85,-0.90901
-1.84,-0.30295
0.3,0.302949
0.3,0.909006
0.32,1.515545
0.32,2.122888
0.32,2.731362
0.31,3.341297
0.31,3.953028
0.3,4.566898
0.31,5.183259
0.34,5.802471
0.33,6.424907
0.33,7.050952
0.33,7.681006
0.35,8.315488
0.36,8.954834
0.38,9.599501
0.39,10.24997
0.4,10.90676
0.42,11.5704
0.44,12.24148
0.47,12.92059
0.48,13.60841
0.48,14.30563
0.48,15.01303
-1.99,15.73141
-2.0,16.46168
-2.02,17.20481
-2.03,17.96188
-2.03,18.73404
-2.05,19.5226
-2.04,20.32899
-2.03,21.15481
-2.04,22.00185
-2.06,22.87213
-2.08,23.76793
-2.08,24.69184
-2.1,25.64687
-2.12,26.63647
-2.12,27.66467
-2.24,28.73624
-2.02,29.85687
-2.2,31.03341
-2.22,32.27427
-2.31,33.58996
-2.37,34.99383
-2.1,36.50335
-2.1,38.14207
-2.1,39.94304
-0.14,-39.943
-0.16,-38.1421
-0.18,-36.5034
-0.14,-34.9938
-0.27,-33.59
-0.25,-32.2743
-0.26,-31.0334
-0.26,-29.8569
-0.28,-28.7362
-0.24,-27.6647
-0.25,-26.6365
-0.26,-25.6469
-0.26,-24.6918
-0.27,-23.7679
-0.26,-22.8721
-0.26,-22.0019
-0.26,-21.1548
-0.26,-20.329
-0.24,-19.5226
-0.25,-18.734
-0.24,-17.9619
-0.23,-17.2048
-0.23,-16.4617
-0.23,-15.7314
-2.66,-15.013
-2.63,-14.3056
-2.6,-13.6084
-2.57,-12.9206
-2.55,-12.2415
-2.54,-11.5704
-2.51,-10.9068
-2.49,-10.25
-2.48,-9.5995
-2.48,-8.95483
-2.47,-8.31549
-2.45,-7.68101
-2.44,-7.05095
-2.43,-6.42491
-2.42,-5.80247
-2.42,-5.18326
-2.4,-4.5669
-2.38,-3.95303
-2.38,-3.3413
-2.38,-2.73136
-2.39,-2.12289
-2.38,-1.51555
-2.37,-0.90901
-2.36,-0.30295
-0.22,0.302949
-0.22,0.909006
-0.2,1.515545
-0.2,2.122888
-0.2,2.731362
-0.21,3.341297
-0.21,3.953028
-0.22,4.566898
-0.21,5.183259
-0.18,5.802471
-0.19,6.424907
-0.19,7.050952
-0.19,7.681006
-0.17,8.315488
-0.16,8.954834
-0.14,9.599501
-0.13,10.24997
-0.12,10.90676
-0.1,11.5704
-0.08,12.24148
-0.05,12.92059
-0.04,13.60841
-0.04,14.30563
-0.04,15.01303
-2.51,15.73141
-2.52,16.46168
-2.54,17.20481
-2.55,17.96188
-2.55,18.73404
-2.57,19.5226
-2.56,20.32899
-2.55,21.15481
-2.56,22.00185
-2.58,22.87213
-2.6,23.76793
-2.6,24.69184
-2.62,25.64687
-2.64,26.63647
-2.64,27.66467
-2.76,28.73624
-2.54,29.85687
-2.72,31.03341
-2.74,32.27427
-2.83,33.58996
-2.89,34.99383
-2.62,36.50335
-2.62,38.14207
-2.62,39.94304
-0.65,-39.943
-0.67,-38.1421
-0.69,-36.5034
-0.65,-34.9938
-0.78,-33.59
-0.76,-32.2743
-0.77,-31.0334
-0.77,-29.8569
-0.79,-28.7362
-0.75,-27.6647
-0.76,-26.6365
-0.77,-25.6469
-0.77,-24.6918
-0.78,-23.7679
-0.77,-22.8721
-0.77,-22.0019
-0.77,-21.1548
-0.77,-20.329
-0.75,-19.5226
-0.76,-18.734
-0.75,-17.9619
-0.74,-17.2048
-0.74,-16.4617
-0.74,-15.7314
-3.17,-15.013
-3.14,-14.3056
-3.11,-13.6084
-3.08,-12.9206
-3.06,-12.2415
-3.05,-11.5704
-3.02,-10.9068
-3.0,-10.25
-2.99,-9.5995
-2.99,-8.95483
-2.98,-8.31549
-2.96,-7.68101
-2.95,-7.05095
-2.94,-6.42491
-2.93,-5.80247
-2.93,-5.18326
-2.91,-4.5669
-2.89,-3.95303
-2.89,-3.3413
-2.89,-2.73136
-2.9,-2.12289
-2.89,-1.51555
-2.88,-0.90901
-2.87,-0.30295
-0.73,0.302949
-0.73,0.909006
-0.71,1.515545
-0.71,2.122888
-0.71,2.731362
-0.72,3.341297
-0.72,3.953028
-0.73,4.566898
-0.72,5.183259
-0.69,5.802471
-0.7,6.424907
-0.7,7.050952
-0.7,7.681006
-0.68,8.315488
-0.67,8.954834
-0.65,9.599501
-0.64,10.24997
-0.63,10.90676
-0.61,11.5704
-0.59,12.24148
-0.56,12.92059
-0.55,13.60841
-0.55,14.30563
-0.55,15.01303
-3.02,15.73141
-3.03,16.46168
-3.05,17.20481
-3.06,17.96188
-3.06,18.73404
-3.08,19.5226
-3.07,20.32899
-3.06,21.15481
-3.07,22.00185
-3.09,22.87213
-3.11,23.76793
-3.11,24.69184
-3.13,25.64687
-3.15,26.63647
-3.15,27.66467
-3.27,28.73624
-3.05,29.85687
-3.23,31.03341
-3.25,32.27427
-3.34,33.58996
-3.4,34.99383
-3.13,36.50335
-3.13,38.14207
-3.13,39.94304
-1.17,-39.943
-1.19,-38.1421
-1.21,-36.5034
-1.17,-34.9938
-1.3,-33.59
-1.28,-32.2743
-1.29,-31.0334
-1.29,-29.8569
-1.31,-28.7362
-1.27,-27.6647
-1.28,-26.6365
-1.29,-25.6469
-1.29,-24.6918
-1.3,-23.7679
-1.29,-22.8721
-1.29,-22.0019
-1.29,-21.1548
-1.29,-20.329
-1.27,-19.5226
-1.28,-18.734
-1.27,-17.9619
-1.26,-17.2048
-1.26,-16.4617
-1.26,-15.7314
-3.69,-15.013
-3.66,-14.3056
-3.63,-13.6084
-3.6,-12.9206
-3.58,-12.2415
-3.57,-11.5704
-3.54,-10.9068
-3.52,-10.25
-3.51,-9.5995
-3.51,-8.95483
-3.5,-8.31549
-3.48,-7.68101
-3.47,-7.05095
-3.46,-6.42491
-3.45,-5.80247
-3.45,-5.18326
-3.43,-4.5669
-3.41,-3.95303
-3.41,-3.3413
-3.41,-2.73136
-3.42,-2.12289
-3.41,-1.51555
-3.4,-0.90901
-3.39,-0.30295
-1.25,0.302949
-1.25,0.909006
-1.23,1.515545
-1.23,2.122888
-1.23,2.731362
-1.24,3.341297
-1.24,3.953028
-1.25,4.566898
-1.24,5.183259
-1.21,5.802471
-1.22,6.424907
-1.22,7.050952
-1.22,7.681006
-1.2,8.315488
-1.19,8.954834
-1.17,9.599501
-1.16,10.24997
-1.15,10.90676
-1.13,11.5704
-1.11,12.24148
-1.08,12.92059
-1.07,13.60841
-1.07,14.30563
-1.07,15.01303
-3.54,15.73141
-3.55,16.46168
-3.57,17.20481
-3.58,17.96188
-3.58,18.73404
-3.6,19.5226
-3.59,20.32899
-3.58,21.15481
-3.59,22.00185
-3.61,22.87213
-3.63,23.76793
-3.63,24.69184
-3.65,25.64687
-3.67,26.63647
-3.67,27.66467
-3.79,28.73624
-3.57,29.85687
-3.75,31.03341
-3.77,32.27427
-3.86,33.58996
-3.92,34.99383
-3.65,36.50335
-3.65,38.14207
-3.65,39.94304
-1.69,-39.943
-1.71,-38.1421
-1.73,-36.5034
-1.69,-34.9938
-1.82,-33.59
-1.8,-32.2743
-1.81,-31.0334
-1.81,-29.8569
-1.83,-28.7362
-1.79,-27.6647
-1.8,-26.6365
-1.81,-25.6469
-1.81,-24.6918
-1.82,-23.7679
-1.81,-22.8721
-1.81,-22.0019
-1.81,-21.1548
-1.81,-20.329
-1.79,-19.5226
-1.8,-18.734
-1.79,-17.9619
-1.78,-17.2048
-1.78,-16.4617
-1.78,-15.7314
-4.21,-15.013
-4.18,-14.3056
-4.15,-13.6084
-4.12,-12.9206
-4.1,-12.2415
-4.09,-11.5704
-4.06,-10.9068
-4.04,-10.25
-4.03,-9.5995
-4.03,-8.95483
-4.02,-8.31549
-4.0,-7.68101
-3.99,-7.05095
-3.98,-6.42491
-3.97,-5.80247
-3.97,-5.18326
-3.95,-4.5669
-3.93,-3.95303
-3.93,-3.3413
-3.93,-2.73136
-3.94,-2.12289
-3.93,-1.51555
-3.92,-0.90901
-3.91,-0.30295
-1.77,0.302949
-1.77,0.909006
-1.75,1.515545
-1.75,2.122888
-1.75,2.731362
-1.76,3.341297
-1.76,3.953028
-1.77,4.566898
-1.76,5.183259
-1.73,5.802471
-1.74,6.424907
-1.74,7.050952
-1.74,7.681006
-1.72,8.315488
-1.71,8.954834
-1.69,9.599501
-1.68,10.24997
-1.67,10.90676
-1.65,11.5704
-1.63,12.24148
-1.6,12.92059
-1.59,13.60841
-1.59,14.30563
-1.59,15.01303
-4.06,15.73141
-4.07,16.46168
-4.09,17.20481
-4.1,17.96188
-4.1,18.73404
-4.12,19.5226
-4.11,20.32899
-4.1,21.15481
-4.11,22.00185
-4.13,22.87213
-4.15,23.76793
-4.15,24.69184
-4.17,25.64687
-4.19,26.63647
-4.19,27.66467
-4.31,28.73624
-4.09,29.85687
-4.27,31.03341
-4.29,32.27427
-4.38,33.58996
-4.44,34.99383
-4.17,36.50335
-4.17,38.14207
-4.17,39.94304
-2.2,-39.943
-2.22,-38.1421
-2.24,-36.5034
-2.2,-34.9938
-2.33,-33.59
-2.31,-32.2743
-2.32,-31.0334
-2.32,-29.8569
-2.34,-28.7362
-2.3,-27.6647
-2.31,-26.6365
-2.32,-25.6469
-2.32,-24.6918
-2.33,-23.7679
-2.32,-22.8721
-2.32,-22.0019
-2.32,-21.1548
-2.32,-20.329
-2.3,-19.5226
-2.31,-18.734
-2.3,-17.9619
-2.29,-17.2048
-2.29,-16.4617
-2.29,-15.7314
-4.72,-15.013
-4.69,-14.3056
-4.66,-13.6084
-4.63,-12.9206
-4.61,-12.2415
-4.6,-11.5704
-4.57,-10.9068
-4.55,-10.25
-4.54,-9.5995
-4.54,-8.95483
-4.53,-8.31549
-4.51,-7.68101
-4.5,-7.05095
-4.49,-6.42491
-4.48,-5.80247
-4.48,-5.18326
-4.46,-4.5669
-4.44,-3.95303
-4.44,-3.3413
-4.44,-2.73136
-4.45,-2.12289
-4.44,-1.51555
-4.43,-0.90901
-4.42,-0.30295
-2.28,0.302949
-2.28,0.909006
-2.26,1.515545
-2.26,2.122888
-2.26,2.731362
-2.27,3.341297
-2.27,3.953028
-2.28,4.566898
-2.27,5.183259
-2.24,5.802471
-2.25,6.424907
-2.25,7.050952
-2.25,7.681006
-2.23,8.315488
-2.22,8.954834
-2.2,9.599501
-2.19,10.24997
-2.18,10.90676
-2.16,11.5704
-2.14,12.24148
-2.11,12.92059
-2.1,13.60841
-2.1,14.30563
-2.1,15.01303
-4.57,15.73141
-4.58,16.46168
-4.6,17.20481
-4.61,17.96188
-4.61,18.73404
-4.63,19.5226
-4.62,20.32899
-4.61,21.15481
-4.62,22.00185
-4.64,22.87213
-4.66,23.76793
-4.66,24.69184
-4.68,25.64687
-4.7,26.63647
-4.7,27.66467
-4.82,28.73624
-4.6,29.85687
-4.78,31.03341
-4.8,32.27427
-4.89,33.58996
-4.95,34.99383
-4.68,36.50335
-4.68,38.14207
-4.68,39.94304
-2.72,-39.943
-2.74,-38.1421
-2.76,-36.5034
-2.72,-34.9938
-2.85,-33.59
-2.83,-32.2743
-2.84,-31.0334
-2.84,-29.8569
-2.86,-28.7362
-2.82,-27.6647
-2.83,-26.6365
-2.84,-25.6469
-2.84,-24.6918
-2.85,-23.7679
-2.84,-22.8721
-2.84,-22.0019
-2.84,-21.1548
-2.84,-20.329
-2.82,-19.5226
-2.83,-18.734
-2.82,-17.9619
-2.81,-17.2048
-2.81,-16.4617
-2.81,-15.7314
-5.24,-15.013
-5.21,-14.3056
-5.18,-13.6084
-5.15,-12.9206
-5.13,-12.2415
-5.12,-11.5704
-5.09,-10.9068
-5.07,-10.25
-5.06,-9.5995
-5.06,-8.95483
-5.05,-8.31549
-5.03,-7.68101
-5.02,-7.05095
-5.01,-6.42491
-5.0,-5.80247
-5.0,-5.18326
-4.98,-4.5669
-4.96,-3.95303
-4.96,-3.3413
-4.96,-2.73136
-4.97,-2.12289
-4.96,-1.51555
-4.95,-0.90901
-4.94,-0.30295
-2.8,0.302949
-2.8,0.909006
-2.78,1.515545
-2.78,2.122888
-2.78,2.731362
-2.79,3.341297
-2.79,3.953028
-2.8,4.566898
-2.79,5.183259
-2.76,5.802471
-2.77,6.424907
-2.77,7.050952
-2.77,7.681006
-2.75,8.315488
-2.74,8.954834
-2.72,9.599501
-2.71,10.24997
-2.7,10.90676
-2.68,11.5704
-2.66,12.24148
-2.63,12.92059
-2.62,13.60841
-2.62,14.30563
-2.62,15.01303
-5.09,15.73141
-5.1,16.46168
-5.12,17.20481
-5.13,17.96188
-5.13,18.73404
-5.15,19.5226
-5.14,20.32899
-5.13,21.15481
-5.14,22.00185
-5.16,22.87213
-5.18,23.76793
-5.18,24.69184
-5.2,25.64687
-5.22,26.63647
-5.22,27.66467
-5.34,28.73624
-5.12,29.85687
-5.3,31.03341
-5.32,32.27427
-5.41,33.58996
-5.47,34.99383
-5.2,36.50335
-5.2,38.14207
-5.2,39.94304
-3.23,-39.943
-3.25,-38.1421
-3.27,-36.5034
-3.23,-34.9938
-3.36,-33.59
-3.34,-32.2743
-3.35,-31.0334
-3.35,-29.8569
-3.37,-28.7362
-3.33,-27.6647
-3.34,-26.6365
-3.35,-25.6469
-3.35,-24.6918
-3.36,-23.7679
-3.35,-22.8721
-3.35,-22.0019
-3.35,-21.1548
-3.35,-20.329
-3.33,-19.5226
-3.34,-18.734
-3.33,-17.9619
-3.32,-17.2048
-3.32,-16.4617
-3.32,-15.7314
-5.75,-15.013
-5.72,-14.3056
-5.69,-13.6084
-5.66,-12.9206
-5.64,-12.2415
-5.63,-11.5704
-5.6,-10.9068
-5.58,-10.25
-5.57,-9.5995
-5.57,-8.95483
-5.56,-8.31549
-5.54,-7.68101
-5.53,-7.05095
-5.52,-6.42491
-5.51,-5.80247
-5.51,-5.18326
-5.49,-4.5669
-5.47,-3.95303
-5.47,-3.3413
-5.47,-2.73136
-5.48,-2.12289
-5.47,-1.51555
-5.46,-0.90901
-5.45,-0.30295
-3.31,0.302949
-3.31,0.909006
-3.29,1.515545
-3.29,2.122888
-3.29,2.731362
-3.3,3.341297
-3.3,3.953028
-3.31,4.566898
-3.3,5.183259
-3.27,5.802471
-3.28,6.424907
-3.28,7.050952
-3.28,7.681006
-3.26,8.315488
-3.25,8.954834
-3.23,9.599501
-3.22,10.24997
-3.21,10.90676
-3.19,11.5704
-3.17,12.24148
-3.14,12.92059
-3.13,13.60841
-3.13,14.30563
-3.13,15.01303
-5.6,15.73141
-5.61,16.46168
-5.63,17.20481
-5.64,17.96188
-5.64,18.73404
-5.66,19.5226
-5.65,20.32899
-5.64,21.15481
-5.65,22.00185
-5.67,22.87213
-5.69,23.76793
-5.69,24.69184
-5.71,25.64687
-5.73,26.63647
-5.73,27.66467
-5.85,28.73624
-5.63,29.85687
-5.81,31.03341
-5.83,32.27427
-5.92,33.58996
-5.98,34.99383
-5.71,36.50335
-5.71,38.14207
-5.71,39.94304
-3.75,-39.943
-3.77,-38.1421
-3.79,-36.5034
-3.75,-34.9938
-3.88,-33.59
-3.86,-32.2743
-3.87,-31.0334
-3.87,-29.8569
-3.89,-28.7362
-3.85,-27.6647
-3.86,-26.6365
-3.87,-25.6469
-3.87,-24.6918
-3.88,-23.7679
-3.87,-22.8721
-3.87,-22.0019
-3.87,-21.1548
-3.87,-20.329
-3.85,-19.5226
-3.86,-18.734
-3.85,-17.9619
-3.84,-17.2048
-3.84,-16.4617
-3.84,-15.7314
-6.27,-15.013
-6.24,-14.3056
-6.21,-13.6084
-6.18,-12.9206
-6.16,-12.2415
-6.15,-11.5704
-6.12,-10.9068
-6.1,-10.25
-6.09,-9.5995
-6.09,-8.95483
-6.08,-8.31549
-6.06,-7.68101
-6.05,-7.05095
-6.04,-6.42491
-6.03,-5.80247
-6.03,-5.18326
-6.01,-4.5669
-5.99,-3.95303
-5.99,-3.3413
-5.99,-2.73136
-6.0,-2.12289
-5.99,-1.51555
-5.98,-0.90901
-5.97,-0.30295
-3.83,0.302949
-3.83,0.909006
-3.81,1.515545
-3.81,2.122888
-3.81,2.731362
-3.82,3.341297
-3.82,3.953028
-3.83,4.566898
-3.82,5.183259
-3.79,5.802471
-3.8,6.424907
-3.8,7.050952
-3.8,7.681006
-3.78,8.315488
-3.77,8.954834
-3.75,9.599501
-3.74,10.24997
-3.73,10.90676
-3.71,11.5704
-3.69,12.24148
-3.66,12.92059
-3.65,13.60841
-3.65,14.30563
-3.65,15.01303
-6.12,15.73141
-6.13,16.46168
-6.15,17.20481
-6.16,17.96188
-6.16,18.73404
-6.18,19.5226
-6.17,20.32899
-6.16,21.15481
-6.17,22.00185
-6.19,22.87213
-6.21,23.76793
-6.21,24.69184
-6.23,25.64687
-6.25,26.63647
-6.25,27.66467
-6.37,28.73624
-6.15,29.85687
-6.33,31.03341
-6.35,32.27427
-6.44,33.58996
-6.5,34.99383
-6.23,36.50335
-6.23,38.14207
-6.23,39.94304
-4.27,-39.943
-4.29,-38.1421
-4.31,-36.5034
-4.27,-34.9938
-4.4,-33.59
-4.38,-32.2743
-4.39,-31.0334
-4.39,-29.8569
-4.41,-28.7362
-4.37,-27.6647
-4.38,-26.6365
-4.39,-25.6469
-4.39,-24.6918
-4.4,-23.7679
-4.39,-22.8721
-4.39,-22.0019
-4.39,-21.1548
-4.39,-20.329
-4.37,-19.5226
-4.38,-18.734
-4.37,-17.9619
-4.36,-17.2048
-4.36,-16.4617
-4.36,-15.7314
-6.79,-15.013
-6.76,-14.3056
-6.73,-13.6084
-6.7,-12.9206
-6.68,-12.2415
-6.67,-11.5704
-6.64,-10.9068
-6.62,-10.25
-6.61,-9.5995
-6.61,-8.95483
-6.6,-8.31549
-6.58,-7.68101
-6.57,-7.05095
-6.56,-6.42491
-6.55,-5.80247
-6.55,-5.18326
-6.53,-4.5669
-6.51,-3.95303
-6.51,-3.3413
-6.51,-2.73136
-6.52,-2.12289
-6.51,-1.51555
-6.5,-0.90901
-6.49,-0.30295
-4.35,0.302949
-4.35,0.909006
-4.33,1.515545
-4.33,2.122888
-4.33,2.731362
-4.34,3.341297
-4.34,3.953028
-4.35,4.566898
-4.34,5.183259
-4.31,5.802471
-4.32,6.424907
-4.32,7.050952
-4.32,7.681006
-4.3,8.315488
-4.29,8.954834
-4.27,9.599501
-4.26,10.24997
-4.25,10.90676
-4.23,11.5704
-4.21,12.24148
-4.18,12.92059
-4.17,13.60841
-4.17,14.30563
-4.17,15.01303
-6.64,15.73141
-6.65,16.46168
-6.67,17.20481
-6.68,17.96188
-6.68,18.73404
-6.7,19.5226
-6.69,20.32899
-6.68,21.15481
-6.69,22.00185
-6.71,22.87213
-6.73,23.76793
-6.73,24.69184
-6.75,25.64687
-6.77,26.63647
-6.77,27.66467
-6.89,28.73624
-6.67,29.85687
-6.85,31.03341
-6.87,32.27427
-6.96,33.58996
-7.02,34.99383
-6.75,36.50335
-6.75,38.14207
-6.75,39.94304
-4.78,-39.943
-4.8,-38.1421
-4.82,-36.5034
-4.78,-34.9938
-4.91,-33.59
-4.89,-32.2743
-4.9,-31.0334
-4.9,-29.8569
-4.92,-28.7362
-4.88,-27.6647
-4.89,-26.6365
-4.9,-25.6469
-4.9,-24.6918
-4.91,-23.7679
-4.9,-22.8721
-4.9,-22.0019
-4.9,-21.1548
-4.9,-20.329
-4.88,-19.5226
-4.89,-18.734
-4.88,-17.9619
-4.87,-17.2048
-4.87,-16.4617
-4.87,-15.7314
-7.3,-15.013
-7.27,-14.3056
-7.24,-13.6084
-7.21,-12.9206
-7.19,-12.2415
-7.18,-11.5704
-7.15,-10.9068
-7.13,-10.25
-7.12,-9.5995
-7.12,-8.95483
-7.11,-8.31549
-7.09,-7.68101
-7.08,-7.05095
-7.07,-6.42491
-7.06,-5.80247
-7.06,-5.18326
-7.04,-4.5669
-7.02,-3.95303
-7.02,-3.3413
-7.02,-2.73136
-7.03,-2.12289
-7.02,-1.51555
-7.01,-0.90901
-7.0,-0.30295
-4.86,0.302949
-4.86,0.909006
-4.84,1.515545
-4.84,2.122888
-4.84,2.731362
-4.85,3.341297
-4.85,3.953028
-4.86,4.566898
-4.85,5.183259
-4.82,5.802471
-4.83,6.424907
-4.83,7.050952
-4.83,7.681006
-4.81,8.315488
-4.8,8.954834
-4.78,9.599501
-4.77,10.24997
-4.76,10.90676
-4.74,11.5704
-4.72,12.24148
-4.69,12.92059
-4.68,13.60841
-4.68,14.30563
-4.68,15.01303
-7.15,15.73141
-7.16,16.46168
-7.18,17.20481
-7.19,17.96188
-7.19,18.73404
-7.21,19.5226
-7.2,20.32899
-7.19,21.15481
-7.2,22.00185
-7.22,22.87213
-7.24,23.76793
-7.24,24.69184
-7.26,25.64687
-7.28,26.63647
-7.28,27.66467
-7.4,28.73624
-7.18,29.85687
-7.36,31.03341
-7.38,32.27427
-7.47,33.58996
-7.53,34.99383
-7.26,36.50335
-7.26,38.14207
-7.26,39.94304
-5.3,-39.943
-5.32,-38.1421
-5.34,-36.5034
-5.3,-34.9938
-5.43,-33.59
-5.41,-32.2743
-5.42,-31.0334
-5.42,-29.8569
-5.44,-28.7362
-5.4,-27.6647
-5.41,-26.6365
-5.42,-25.6469
-5.42,-24.6918
-5.43,-23.7679
-5.42,-22.8721
-5.42,-22.0019
-5.42,-21.1548
-5.42,-20.329
-5.4,-19.5226
-5.41,-18.734
-5.4,-17.9619
-5.39,-17.2048
-5.39,-16.4617
-5.39,-15.7314
-7.82,-15.013
-7.79,-14.3056
-7.76,-13.6084
-7.73,-12.9206
-7.71,-12.2415
-7.7,-11.5704
-7.67,-10.9068
-7.65,-10.25
-7.64,-9.5995
-7.64,-8.95483
-7.63,-8.31549
-7.61,-7.68101
-7.6,-7.05095
-7.59,-6.42491
-7.58,-5.80247
-7.58,-5.18326
-7.56,-4.5669
-7.54,-3.95303
-7.54,-3.3413
-7.54,-2.73136
-7.55,-2.12289
-7.54,-1.51555
-7.53,-0.90901
-7.52,-0.30295
-5.38,0.302949
-5.38,0.909006
-5.36,1.515545
-5.36,2.122888
-5.36,2.731362
-5.37,3.341297
-5.37,3.953028
-5.38,4.566898
-5.37,5.183259
-5.34,5.802471
-5.35,6.424907
-5.35,7.050952
-5.35,7.681006
-5.33,8.315488
-5.32,8.954834
-5.3,9.599501
-5.29,10.24997
-5.28,10.90676
-5.26,11.5704
-5.24,12.24148
-5.21,12.92059
-5.2,13.60841
-5.2,14.30563
-5.2,15.01303
-7.67,15.73141
-7.68,16.46168
-7.7,17.20481
-7.71,17.96188
-7.71,18.73404
-7.73,19.5226
-7.72,20.32899
-7.71,21.15481
-7.72,22.00185
-7.74,22.87213
-7.76,23.76793
-7.76,24.69184
-7.78,25.64687
-7.8,26.63647
-7.8,27.66467
-7.92,28.73624
-7.7,29.85687
-7.88,31.03341
-7.9,32.27427
-7.99,33.58996
-8.05,34.99383
-7.78,36.50335
-7.78,38.14207
-7.78,39.94304
-5.81,-39.943
-5.83,-38.1421
-5.85,-36.5034
-5.81,-34.9938
-5.94,-33.59
-5.92,-32.2743
-5.93,-31.0334
-5.93,-29.8569
-5.95,-28.7362
-5.91,-27.6647
-5.92,-26.6365
-5.93,-25.6469
-5.93,-24.6918
-5.94,-23.7679
-5.93,-22.8721
-5.93,-22.0019
-5.93,-21.1548
-5.93,-20.329
-5.91,-19.5226
-5.92,-18.734
-5.91,-17.9619
-5.9,-17.2048
-5.9,-16.4617
-5.9,-15.7314
-8.33,-15.013
-8.3,-14.3056
-8.27,-13.6084
-8.24,-12.9206
-8.22,-12.2415
-8.21,-11.5704
-8.18,-10.9068
-8.16,-10.25
-8.15,-9.5995
-8.15,-8.95483
-8.14,-8.31549
-8.12,-7.68101
-8.11,-7.05095
-8.1,-6.42491
-8.09,-5.80247
-8.09,-5.18326
-8.07,-4.5669
-8.05,-3.95303
-8.05,-3.3413
-8.05,-2.73136
-8.06,-2.12289
-8.05,-1.51555
-8.04,-0.90901
-8.03,-0.30295
-5.89,0.302949
-5.89,0.909006
-5.87,1.515545
-5.87,2.122888
-5.87,2.731362
-5.88,3.341297
-5.88,3.953028
-5.89,4.566898
-5.88,5.183259
-5.85,5.802471
-5.86,6.424907
-5.86,7.050952
-5.86,7.681006
-5.84,8.315488
-5.83,8.954834
-5.81,9.599501
-5.8,10.24997
-5.79,10.90676
-5.77,11.5704
-5.75,12.24148
-5.72,12.92059
-5.71,13.60841
-5.71,14.30563
-5.71,15.01303
-8.18,15.73141
-8.19,16.46168
-8.21,17.20481
-8.22,17.96188
-8.22,18.73404
-8.24,19.5226
-8.23,20.32899
-8.22,21.15481
-8.23,22.00185
-8.25,22.87213
-8.27,23.76793
-8.27,24.69184
-8.29,25.64687
-8.31,26.63647
-8.31,27.66467
-8.43,28.73624
-8.21,29.85687
-8.39,31.03341
-8.41,32.27427
-8.5,33.58996
-8.56,34.99383
-8.29,36.50335
-8.29,38.14207
-8.29,39.94304
-6.33,-39.943
-6.35,-38.1421
-6.37,-36.5034
-6.33,-34.9938
-6.46,-33.59
-6.44,-32.2743
-6.45,-31.0334
-6.45,-29.8569
-6.47,-28.7362
-6.43,-27.6647
-6.44,-26.6365
-6.45,-25.6469
-6.45,-24.6918
-6.46,-23.7679
-6.45,-22.8721
-6.45,-22.0019
-6.45,-21.1548
-6.45,-20.329
-6.43,-19.5226
-6.44,-18.734
-6.43,-17.9619
-6.42,-17.2048
-6.42,-16.4617
-6.42,-15.7314
-8.85,-15.013
-8.82,-14.3056
-8.79,-13.6084
-8.76,-12.9206
-8.74,-12.2415
-8.73,-11.5704
-8.7,-10.9068
-8.68,-10.25
-8.67,-9.5995
-8.67,-8.95483
-8.66,-8.31549
-8.64,-7.68101
-8.63,-7.05095
-8.62,-6.42491
-8.61,-5.80247
-8.61,-5.18326
-8.59,-4.5669
-8.57,-3.95303
-8.57,-3.3413
-8.57,-2.73136
-8.58,-2.12289
-8.57,-1.51555
-8.56,-0.90901
-8.55,-0.30295
-6.41,0.302949
-6.41,0.909006
-6.39,1.515545
-6.39,2.122888
-6.39,2.731362
-6.4,3.341297
-6.4,3.953028
-6.41,4.566898
-6.4,5.183259
-6.37,5.802471
-6.38,6.424907
-6.38,7.050952
-6.38,7.681006
-6.36,8.315488
-6.35,8.954834
-6.33,9.599501
-6.32,10.24997
-6.31,10.90676
-6.29,11.5704
-6.27,12.24148
-6.24,12.92059
-6.23,13.60841
-6.23,14.30563
-6.23,15.01303
-8.7,15.73141
-8.71,16.46168
-8.73,17.20481
-8.74,17.96188
-8.74,18.73404
-8.76,19.5226
-8.75,20.32899
-8.74,21.15481
-8.75,22.00185
-8.77,22.87213
-8.79,23.76793
-8.79,24.69184
-8.81,25.64687
-8.83,26.63647
-8.83,27.66467
-8.95,28.73624
-8.73,29.85687
-8.91,31.03341
-8.93,32.27427
-9.02,33.58996
-9.08,34.99383
-8.81,36.50335
-8.81,38.14207
-8.81,39.94304
-6.85,-39.943
-6.87,-38.1421
-6.89,-36.5034
-6.85,-34.9938
-6.98,-33.59
-6.96,-32.2743
-6.97,-31.0334
-6.97,-29.8569
-6.99,-28.7362
-6.95,-27.6647
-6.96,-26.6365
-6.97,-25.6469
-6.97,-24.6918
-6.98,-23.7679
-6.97,-22.8721
-6.97,-22.0019
-6.97,-21.1548
-6.97,-20.329
-6.95,-19.5226
-6.96,-18.734
-6.95,-17.9619
-6.94,-17.2048
-6.94,-16.4617
-6.94,-15.7314
-9.37,-15.013
-9.34,-14.3056
-9.31,-13.6084
-9.28,-12.9206
-9.26,-12.2415
-9.25,-11.5704
-9.22,-10.9068
-9.2,-10.25
-9.19,-9.5995
-9.19,-8.95483
-9.18,-8.31549
-9.16,-7.68101
-9.15,-7.05095
-9.14,-6.42491
-9.13,-5.80247
-9.13,-5.18326
-9.11,-4.5669
-9.09,-3.95303
-9.09,-3.3413
-9.09,-2.73136
-9.1,-2.12289
-9.09,-1.51555
-9.08,-0.90901
-9.07,-0.30295
-6.93,0.302949
-6.93,0.909006
-6.91,1.515545
-6.91,2.122888
-6.91,2.731362
-6.92,3.341297
-6.92,3.953028
-6.93,4.566898
-6.92,5.183259
-6.89,5.802471
-6.9,6.424907
-6.9,7.050952
-6.9,7.681006
-6.88,8.315488
-6.87,8.954834
-6.85,9.599501
-6.84,10.24997
-6.83,10.90676
-6.81,11.5704
-6.79,12.24148
-6.76,12.92059
-6.75,13.60841
-6.75,14.30563
-6.75,15.01303
-9.22,15.73141
-9.23,16.46168
-9.25,17.20481
-9.26,17.96188
-9.26,18.73404
-9.28,19.5226
-9.27,20.32899
-9.26,21.15481
-9.27,22.00185
-9.29,22.87213
-9.31,23.76793
-9.31,24.69184
-9.33,25.64687
-9.35,26.63647
-9.35,27.66467
-9.47,28.73624
-9.25,29.85687
-9.43,31.03341
-9.45,32.27427
-9.54,33.58996
-9.6,34.99383
-9.33,36.50335
-9.33,38.14207
-9.33,39.94304
-7.36,-39.943
-7.38,-38.1421
-7.4,-36.5034
-7.36,-34.9938
-7.49,-33.59
-7.47,-32.2743
-7.48,-31.0334
-7.48,-29.8569
-7.5,-28.7362
-7.46,-27.6647
-7.47,-26.6365
-7.48,-25.6469
-7.48,-24.6918
-7.49,-23.7679
-7.48,-22.8721
-7.48,-22.0019
-7.48,-21.1548
-7.48,-20.329
-7.46,-19.5226
-7.47,-18.734
-7.46,-17.9619
-7.45,-17.2048
-7.45,-16.4617
-7.45,-15.7314
-9.88,-15.013
-9.85,-14.3056
-9.82,-13.6084
-9.79,-12.9206
-9.77,-12.2415
-9.76,-11.5704
-9.73,-10.9068
-9.71,-10.25
-9.7,-9.5995
-9.7,-8.95483
-9.69,-8.31549
-9.67,-7.68101
-9.66,-7.05095
-9.65,-6.42491
-9.64,-5.80247
-9.64,-5.18326
-9.62,-4.5669
-9.6,-3.95303
-9.6,-3.3413
-9.6,-2.73136
-9.61,-2.12289
-9.6,-1.51555
-9.59,-0.90901
-9.58,-0.30295
-7.44,0.302949
-7.44,0.909006
-7.42,1.515545
-7.42,2.122888
-7.42,2.731362
-7.43,3.341297
-7.43,3.953028
-7.44,4.566898
-7.43,5.183259
-7.4,5.802471
-7.41,6.424907
-7.41,7.050952
-7.41,7.681006
-7.39,8.315488
-7.38,8.954834
-7.36,9.599501
-7.35,10.24997
-7.34,10.90676
-7.32,11.5704
-7.3,12.24148
-7.27,12.92059
-7.26,13.60841
-7.26,14.30563
-7.26,15.01303
-9.73,15.73141
-9.74,16.46168
-9.76,17.20481
-9.77,17.96188
-9.77,18.73404
-9.79,19.5226
-9.78,20.32899
-9.77,21.15481
-9.78,22.00185
-9.8,22.87213
-9.82,23.76793
-9.82,24.69184
-9.84,25.64687
-9.86,26.63647
-9.86,27.66467
-9.98,28.73624
-9.76,29.85687
-9.94,31.03341
-9.96,32.27427
-10.05,33.58996
-10.11,34.99383
-9.84,36.50335
-9.84,38.14207
-9.84,39.94304
-7.88,-39.943
-7.9,-38.1421
-7.92,-36.5034
-7.88,-34.9938
-8.01,-33.59
-7.99,-32.2743
-8.0,-31.0334
-8.0,-29.8569
-8.02,-28.7362
-7.98,-27.6647
-7.99,-26.6365
-8.0,-25.6469
-8.0,-24.6918
-8.01,-23.7679
-8.0,-22.8721
-8.0,-22.0019
-8.0,-21.1548
-8.0,-20.329
-7.98,-19.5226
-7.99,-18.734
-7.98,-17.9619
-7.97,-17.2048
-7.97,-16.4617
-7.97,-15.7314
-10.4,-15.013
-10.37,-14.3056
-10.34,-13.6084
-10.31,-12.9206
-10.29,-12.2415
-10.28,-11.5704
-10.25,-10.9068
-10.23,-10.25
-10.22,-9.5995
-10.22,-8.95483
-10.21,-8.31549
-10.19,-7.68101
-10.18,-7.05095
-10.17,-6.42491
-10.16,-5.80247
-10.16,-5.18326
-10.14,-4.5669
-10.12,-3.95303
-10.12,-3.3413
-10.12,-2.73136
-10.13,-2.12289
-10.12,-1.51555
-10.11,-0.90901
-10.1,-0.30295
-7.96,0.302949
-7.96,0.909006
-7.94,1.515545
-7.94,2.122888
-7.94,2.731362
-7.95,3.341297
-7.95,3.953028
-7.96,4.566898
-7.95,5.183259
-7.92,5.802471
-7.93,6.424907
-7.93,7.050952
-7.93,7.681006
-7.91,8.315488
-7.9,8.954834
-7.88,9.599501
-7.87,10.24997
-7.86,10.90676
-7.84,11.5704
-7.82,12.24148
-7.79,12.92059
-7.78,13.60841
-7.78,14.30563
-7.78,15.01303
-10.25,15.73141
-10.26,16.46168
-10.28,17.20481
-10.29,17.96188
-10.29,18.73404
-10.31,19.5226
-10.3,20.32899
-10.29,21.15481
-10.3,22.00185
-10.32,22.87213
-10.34,23.76793
-10.34,24.69184
-10.36,25.64687
-10.38,26.63647
-10.38,27.66467
-10.5,28.73624
-10.28,29.85687
-10.46,31.03341
-10.48,32.27427
-10.57,33.58996
-10.63,34.99383
-10.36,36.50335
-10.36,38.14207
-10.36,39.94304
-8.39,-39.943
-8.41,-38.1421
-8.43,-36.5034
-8.39,-34.9938
-8.52,-33.59
-8.5,-32.2743
-8.51,-31.0334
-8.51,-29.8569
-8.53,-28.7362
-8.49,-27.6647
-8.5,-26.6365
-8.51,-25.6469
-8.51,-24.6918
-8.52,-23.7679
-8.51,-22.8721
-8.51,-22.0019
-8.51,-21.1548
-8.51,-20.329
-8.49,-19.5226
-8.5,-18.734
-8.49,-17.9619
-8.48,-17.2048
-8.48,-16.4617
-8.48,-15.7314
-10.91,-15.013
-10.88,-14.3056
-10.85,-13.6084
-10.82,-12.9206
-10.8,-12.2415
-10.79,-11.5704
-10.76,-10.9068
-10.74,-10.25
-10.73,-9.5995
-10.73,-8.95483
-10.72,-8.31549
-10.7,-7.68101
-10.69,-7.05095
-10.68,-6.42491
-10.67,-5.80247
-10.67,-5.18326
-10.65,-4.5669
-10.63,-3.95303
-10.63,-3.3413
-10.63,-2.73136
-10.64,-2.12289
-10.63,-1.51555
-10.62,-0.90901
-10.61,-0.30295
-8.47,0.302949
-8.47,0.909006
-8.45,1.515545
-8.45,2.122888
-8.45,2.731362
-8.46,3.341297
-8.46,3.953028
-8.47,4.566898
-8.46,5.183259
-8.43,5.802471
-8.44,6.424907
-8.44,7.050952
-8.44,7.681006
-8.42,8.315488
-8.41,8.954834
-8.39,9.599501
-8.38,10.24997
-8.37,10.90676
-8.35,11.5704
-8.33,12.24148
-8.3,12.92059
-8.29,13.60841
-8.29,14.30563
-8.29,15.01303
-10.76,15.73141
-10.77,16.46168
-10.79,17.20481
-10.8,17.96188
-10.8,18.73404
-10.82,19.5226
-10.81,20.32899
-10.8,21.15481
-10.81,22.00185
-10.83,22.87213
-10.85,23.76793
-10.85,24.69184
-10.87,25.64687
-10.89,26.63647
-10.89,27.66467
-11.01,28.73624
-10.79,29.85687
-10.97,31.03341
-10.99,32.27427
-11.08,33.58996
-11.14,34.99383
-10.87,36.50335
-10.87,38.14207
-10.87,39.94304
-8.91,-39.943
-8.93,-38.1421
-8.95,-36.5034
-8.91,-34.9938
-9.04,-33.59
-9.02,-32.2743
-9.03,-31.0334
-9.03,-29.8569
-9.05,-28.7362
-9.01,-27.6647
-9.02,-26.6365
-9.03,-25.6469
-9.03,-24.6918
-9.04,-23.7679
-9.03,-22.8721
-9.03,-22.0019
-9.03,-21.1548
-9.03,-20.329
-9.01,-19.5226
-9.02,-18.734
-9.01,-17.9619
-9.0,-17.2048
-9.0,-16.4617
-9.0,-15.7314
-11.43,-15.013
-11.4,-14.3056
-11.37,-13.6084
-11.34,-12.9206
-11.32,-12.2415
-11.31,-11.5704
-11.28,-10.9068
-11.26,-10.25
-11.25,-9.5995
-11.25,-8.95483
-11.24,-8.31549
-11.22,-7.68101
-11.21,-7.05095
-11.2,-6.42491
-11.19,-5.80247
-11.19,-5.18326
-11.17,-4.5669
-11.15,-3.95303
-11.15,-3.3413
-11.15,-2.73136
-11.16,-2.12289
-11.15,-1.51555
-11.14,-0.90901
-11.13,-0.30295
-8.99,0.302949
-8.99,0.909006
-8.97,1.515545
-8.97,2.122888
-8.97,2.731362
-8.98,3.341297
-8.98,3.953028
-8.99,4.566898
-8.98,5.183259
-8.95,5.802471
-8.96,6.424907
-8.96,7.050952
-8.96,7.681006
-8.94,8.315488
-8.93,8.954834
-8.91,9.599501
-8.9,10.24997
-8.89,10.90676
-8.87,11.5704
-8.85,12.24148
-8.82,12.92059
-8.81,13.60841
-8.81,14.30563
-8.81,15.01303
-11.28,15.73141
-11.29,16.46168
-11.31,17.20481
-11.32,17.96188
-11.32,18.73404
-11.34,19.5226
-11.33,20.32899
-11.32,21.15481
-11.33,22.00185
-11.35,22.87213
-11.37,23.76793
-11.37,24.69184
-11.39,25.64687
-11.41,26.63647
-11.41,27.66467
-11.53,28.73624
-11.31,29.85687
-11.49,31.03341
-11.51,32.27427
-11.6,33.58996
-11.66,34.99383
-11.39,36.50335
-11.39,38.14207
-11.39,39.94304
-9.43,-39.943
-9.45,-38.1421
-9.47,-36.5034
-9.43,-34.9938
-9.56,-33.59
-9.54,-32.2743
-9.55,-31.0334
-9.55,-29.8569
-9.57,-28.7362
-9.53,-27.6647
-9.54,-26.6365
-9.55,-25.6469
-9.55,-24.6918
-9.56,-23.7679
-9.55,-22.8721
-9.55,-22.0019
-9.55,-21.1548
-9.55,-20.329
-9.53,-19.5226
-9.54,-18.734
-9.53,-17.9619
-9.52,-17.2048
-9.52,-16.4617
-9.52,-15.7314
-11.95,-15.013
-11.92,-14.3056
-11.89,-13.6084
-11.86,-12.9206
-11.84,-12.2415
-11.83,-11.5704
-11.8,-10.9068
-11.78,-10.25
-11.77,-9.5995
-11.77,-8.95483
-11.76,-8.31549
-11.74,-7.68101
-11.73,-7.05095
-11.72,-6.42491
-11.71,-5.80247
-11.71,-5.18326
-11.69,-4.5669
-11.67,-3.95303
-11.67,-3.3413
-11.67,-2.73136
-11.68,-2.12289
-11.67,-1.51555
-11.66,-0.90901
-11.65,-0.30295
-9.51,0.302949
-9.51,0.909006
-9.49,1.515545
-9.49,2.122888
-9.49,2.731362
-9.5,3.341297
-9.5,3.953028
-9.51,4.566898
-9.5,5.183259
-9.47,5.802471
-9.48,6.424907
-9.48,7.050952
-9.48,7.681006
-9.46,8.315488
-9.45,8.954834
-9.43,9.599501
-9.42,10.24997
-9.41,10.90676
-9.39,11.5704
-9.37,12.24148
-9.34,12.92059
-9.33,13.60841
-9.33,14.30563
-9.33,15.01303
-11.8,15.73141
-11.81,16.46168
-11.83,17.20481
-11.84,17.96188
-11.84,18.73404
-11.86,19.5226
-11.85,20.32899
-11.84,21.15481
-11.85,22.00185
-11.87,22.87213
-11.89,23.76793
-11.89,24.69184
-11.91,25.64687
-11.93,26.63647
-11.93,27.66467
-12.05,28.73624
-11.83,29.85687
-12.01,31.03341
-12.03,32.27427
-12.12,33.58996
-12.18,34.99383
-11.91,36.50335
-11.91,38.14207
-11.91,39.94304
-9.94,-39.943
-9.96,-38.1421
-9.98,-36.5034
-9.94,-34.9938
-10.07,-33.59
-10.05,-32.2743
-10.06,-31.0334
-10.06,-29.8569
-10.08,-28.7362
-10.04,-27.6647
-10.05,-26.6365
-10.06,-25.6469
-10.06,-24.6918
-10.07,-23.7679
-10.06,-22.8721
-10.06,-22.0019
-10.06,-21.1548
-10.06,-20.329
-10.04,-19.5226
-10.05,-18.734
-10.04,-17.9619
-10.03,-17.2048
-10.03,-16.4617
-10.03,-15.7314
-12.46,-15.013
-12.43,-14.3056
-12.4,-13.6084
-12.37,-12.9206
-12.35,-12.2415
-12.34,-11.5704
-12.31,-10.9068
-12.29,-10.25
-12.28,-9.5995
-12.28,-8.95483
-12.27,-8.31549
-12.25,-7.68101
-12.24,-7.05095
-12.23,-6.42491
-12.22,-5.80247
-12.22,-5.18326
-12.2,-4.5669
-12.18,-3.95303
-12.18,-3.3413
-12.18,-2.73136
-12.19,-2.12289
-12.18,-1.51555
-12.17,-0.90901
-12.16,-0.30295
-10.02,0.302949
-10.02,0.909006
-10.0,1.515545
-10.0,2.122888
-10.0,2.731362
-10.01,3.341297
-10.01,3.953028
-10.02,4.566898
-10.01,5.183259
-9.98,5.802471
-9.99,6.424907
-9.99,7.050952
-9.99,7.681006
-9.97,8.315488
-9.96,8.954834
-9.94,9.599501
-9.93,10.24997
-9.92,10.90676
-9.9,11.5704
-9.88,12.24148
-9.85,12.92059
-9.84,13.60841
-9.84,14.30563
-9.84,15.01303
-12.31,15.73141
-12.32,16.46168
-12.34,17.20481
-12.35,17.96188
-12.35,18.73404
-12.37,19.5226
-12.36,20.32899
-12.35,21.15481
-12.36,22.00185
-12.38,22.87213
-12.4,23.76793
-12.4,24.69184
-12.42,25.64687
-12.44,26.63647
-12.44,27.66467
-12.56,28.73624
-12.34,29.85687
-12.52,31.03341
-12.54,32.27427
-12.63,33.58996
-12.69,34.99383
-12.42,36.50335
-12.42,38.14207
-12.42,39.94304
-10.46,-39.943
-10.48,-38.1421
-10.5,-36.5034
-10.46,-34.9938
-10.59,-33.59
-10.57,-32.2743
-10.58,-31.0334
-10.58,-29.8569
-10.6,-28.7362
-10.56,-27.6647
-10.57,-26.6365
-10.58,-25.6469
-10.58,-24.6918
-10.59,-23.7679
-10.58,-22.8721
-10.58,-22.0019
-10.58,-21.1548
-10.58,-20.329
-10.56,-19.5226
-10.57,-18.734
-10.56,-17.9619
-10.55,-17.2048
-10.55,-16.4617
-10.55,-15.7314
-12.98,-15.013
-12.95,-14.3056
-12.92,-13.6084
-12.89,-12.9206
-12.87,-12.2415
-12.86,-11.5704
-12.83,-10.9068
-12.81,-10.25
-12.8,-9.5995
-12.8,-8.95483
-12.79,-8.31549
-12.77,-7.68101
-12.76,-7.05095
-12.75,-6.42491
-12.74,-5.80247
-12.74,-5.18326
-12.72,-4.5669
-12.7,-3.95303
-12.7,-3.3413
-12.7,-2.73136
-12.71,-2.12289
-12.7,-1.51555
-12.69,-0.90901
-12.68,-0.30295
-10.54,0.302949
-10.54,0.909006
-10.52,1.515545
-10.52,2.122888
-10.52,2.731362
-10.53,3.341297
-10.53,3.953028
-10.54,4.566898
-10.53,5.183259
-10.5,5.802471
-10.51,6.424907
-10.51,7.050952
-10.51,7.681006
-10.49,8.315488
-10.48,8.954834
-10.46,9.599501
-10.45,10.24997
-10.44,10.90676
-10.42,11.5704
-10.4,12.24148
-10.37,12.92059
-10.36,13.60841
-10.36,14.30563
-10.36,15.01303
-12.83,15.73141
-12.84,16.46168
-12.86,17.20481
-12.87,17.96188
-12.87,18.73404
-12.89,19.5226
-12.88,20.32899
-12.87,21.15481
-12.88,22.00185
-12.9,22.87213
-12.92,23.76793
-12.92,24.69184
-12.94,25.64687
-12.96,26.63647
-12.96,27.66467
-13.08,28.73624
-12.86,29.85687
-13.04,31.03341
-13.06,32.27427
-13.15,33.58996
-13.21,34.99383
-12.94,36.50335
-12.94,38.14207
-12.94,39.94304
-10.97,-39.943
-10.99,-38.1421
-11.01,-36.5034
-10.97,-34.9938
-11.1,-33.59
-11.08,-32.2743
-11.09,-31.0334
-11.09,-29.8569
-11.11,-28.7362
-11.07,-27.6647
-11.08,-26.6365
-11.09,-25.6469
-11.09,-24.6918
-11.1,-23.7679
-11.09,-22.8721
-11.09,-22.0019
-11.09,-21.1548
-11.09,-20.329
-11.07,-19.5226
-11.08,-18.734
-11.07,-17.9619
-11.06,-17.2048
-11.06,-16.4617
-11.06,-15.7314
-13.49,-15.013
-13.46,-14.3056
-13.43,-13.6084
-13.4,-12.9206
-13.38,-12.2415
-13.37,-11.5704
-13.34,-10.9068
-13.32,-10.25
-13.31,-9.5995
-13.31,-8.95483
-13.3,-8.31549
-13.28,-7.68101
-13.27,-7.05095
-13.26,-6.42491
-13.25,-5.80247
-13.25,-5.18326
-13.23,-4.5669
-13.21,-3.95303
-13.21,-3.3413
-13.21,-2.73136
-13.22,-2.12289
-13.21,-1.51555
-13.2,-0.90901
-13.19,-0.30295
-11.05,0.302949
-11.05,0.909006
-11.03,1.515545
-11.03,2.122888
-11.03,2.731362
-11.04,3.341297
-11.04,3.953028
-11.05,4.566898
-11.04,5.183259
-11.01,5.802471
-11.02,6.424907
-11.02,7.050952
-11.02,7.681006
-11.0,8.315488
-10.99,8.954834
-10.97,9.599501
-10.96,10.24997
-10.95,10.90676
-10.93,11.5704
-10.91,12.24148
-10.88,12.92059
-10.87,13.60841
-10.87,14.30563
-10.87,15.01303
-13.34,15.73141
-13.35,16.46168
-13.37,17.20481
-13.38,17.96188
-13.38,18.73404
-13.4,19.5226
-13.39,20.32899
-13.38,21.15481
-13.39,22.00185
-13.41,22.87213
-13.43,23.76793
-13.43,24.69184
-13.45,25.64687
-13.47,26.63647
-13.47,27.66467
-13.59,28.73624
-13.37,29.85687
-13.55,31.03341
-13.57,32.27427
-13.66,33.58996
-13.72,34.99383
-13.45,36.50335
-13.45,38.14207
-13.45,39.94304
-11.49,-39.943
-11.51,-38.1421
-11.53,-36.5034
-11.49,-34.9938
-11.62,-33.59
-11.6,-32.2743
-11.61,-31.0334
-11.61,-29.8569
-11.63,-28.7362
-11.59,-27.6647
-11.6,-26.6365
-11.61,-25.6469
-11.61,-24.6918
-11.62,-23.7679
-11.61,-22.8721
-11.61,-22.0019
-11.61,-21.1548
-11.61,-20.329
-11.59,-19.5226
-11.6,-18.734
-11.59,-17.9619
-11.58,-17.2048
-11.58,-16.4617
-11.58,-15.7314
-14.01,-15.013
-13.98,-14.3056
-13.95,-13.6084
-13.92,-12.9206
-13.9,-12.2415
-13.89,-11.5704
-13.86,-10.9068
-13.84,-10.25
-13.83,-9.5995
-13.83,-8.95483
-13.82,-8.31549
-13.8,-7.68101
-13.79,-7.05095
-13.78,-6.42491
-13.77,-5.80247
-13.77,-5.18326
-13.75,-4.5669
-13.73,-3.95303
-13.73,-3.3413
-13.73,-2.73136
-13.74,-2.12289
-13.73,-1.51555
-13.72,-0.90901
-13.71,-0.30295
-11.57,0.302949
-11.57,0.909006
-11.55,1.515545
-11.55,2.122888
-11.55,2.731362
-11.56,3.341297
-11.56,3.953028
-11.57,4.566898
-11.56,5.183259
-11.53,5.802471
-11.54,6.424907
-11.54,7.050952
-11.54,7.681006
-11.52,8.315488
-11.51,8.954834
-11.49,9.599501
-11.48,10.24997
-11.47,10.90676
-11.45,11.5704
-11.43,12.24148
-11.4,12.92059
-11.39,13.60841
-11.39,14.30563
-11.39,15.01303
-13.86,15.73141
-13.87,16.46168
-13.89,17.20481
-13.9,17.96188
-13.9,18.73404
-13.92,19.5226
-13.91,20.32899
-13.9,21.15481
-13.91,22.00185
-13.93,22.87213
-13.95,23.76793
-13.95,24.69184
-13.97,25.64687
-13.99,26.63647
-13.99,27.66467
-14.11,28.73624
-13.89,29.85687
-14.07,31.03341
-14.09,32.27427
-14.18,33.58996
-14.24,34.99383
-13.97,36.50335
-13.97,38.14207
-13.97,39.94304
-12.01,-39.943
-12.03,-38.1421
-12.05,-36.5034
-12.01,-34.9938
-12.14,-33.59
-12.12,-32.2743
-12.13,-31.0334
-12.13,-29.8569
-12.15,-28.7362
-12.11,-27.6647
-12.12,-26.6365
-12.13,-25.6469
-12.13,-24.6918
-12.14,-23.7679
-12.13,-22.8721
-12.13,-22.0019
-12.13,-21.1548
-12.13,-20.329
-12.11,-19.5226
-12.12,-18.734
-12.11,-17.9619
-12.1,-17.2048
-12.1,-16.4617
-12.1,-15.7314
-14.53,-15.013
-14.5,-14.3056
-14.47,-13.6084
-14.44,-12.9206
-14.42,-12.2415
-14.41,-11.5704
-14.38,-10.9068
-14.36,-10.25
-14.35,-9.5995
-14.35,-8.95483
-14.34,-8.31549
-14.32,-7.68101
-14.31,-7.05095
-14.3,-6.42491
-14.29,-5.80247
-14.29,-5.18326
-14.27,-4.5669
-14.25,-3.95303
-14.25,-3.3413
-14.25,-2.73136
-14.26,-2.12289
-14.25,-1.51555
-14.24,-0.90901
-14.23,-0.30295
-12.09,0.302949
-12.09,0.909006
-12.07,1.515545
-12.07,2.122888
-12.07,2.731362
-12.08,3.341297
-12.08,3.953028
-12.09,4.566898
-12.08,5.183259
-12.05,5.802471
-12.06,6.424907
-12.06,7.050952
-12.06,7.681006
-12.04,8.315488
-12.03,8.954834
-12.01,9.599501
-12.0,10.24997
-11.99,10.90676
-11.97,11.5704
-11.95,12.24148
-11.92,12.92059
-11.91,13.60841
-11.91,14.30563
-11.91,15.01303
-14.38,15.73141
-14.39,16.46168
-14.41,17.20481
-14.42,17.96188
-14.42,18.73404
-14.44,19.5226
-14.43,20.32899
-14.42,21.15481
-14.43,22.00185
-14.45,22.87213
-14.47,23.76793
-14.47,24.69184
-14.49,25.64687
-14.51,26.63647
-14.51,27.66467
-14.63,28.73624
-14.41,29.85687
-14.59,31.03341
-14.61,32.27427
-14.7,33.58996
-14.76,34.99383
-14.49,36.50335
-14.49,38.14207
-14.49,39.94304
-12.52,-39.943
-12.54,-38.1421
-12.56,-36.5034
-12.52,-34.9938
-12.65,-33.59
-12.63,-32.2743
-12.64,-31.0334
-12.64,-29.8569
-12.66,-28.7362
-12.62,-27.6647
-12.63,-26.6365
-12.64,-25.6469
-12.64,-24.6918
-12.65,-23.7679
-12.64,-22.8721
-12.64,-22.0019
-12.64,-21.1548
-12.64,-20.329
-12.62,-19.5226
-12.63,-18.734
-12.62,-17.9619
-12.61,-17.2048
-12.61,-16.4617
-12.61,-15.7314
-15.04,-15.013
-15.01,-14.3056
-14.98,-13.6084
-14.95,-12.9206
-14.93,-12.2415
-14.92,-11.5704
-14.89,-10.9068
-14.87,-10.25
-14.86,-9.5995
-14.86,-8.95483
-14.85,-8.31549
-14.83,-7.68101
-14.82,-7.05095
-14.81,-6.42491
-14.8,-5.80247
-14.8,-5.18326
-14.78,-4.5669
-14.76,-3.95303
-14.76,-3.3413
-14.76,-2.73136
-14.77,-2.12289
-14.76,-1.51555
-14.75,-0.90901
-14.74,-0.30295
-12.6,0.302949
-12.6,0.909006
-12.58,1.515545
-12.58,2.122888
-12.58,2.731362
-12.59,3.341297
-12.59,3.953028
-12.6,4.566898
-12.59,5.183259
-12.56,5.802471
-12.57,6.424907
-12.57,7.050952
-12.57,7.681006
-12.55,8.315488
-12.54,8.954834
-12.52,9.599501
-12.51,10.24997
-12.5,10.90676
-12.48,11.5704
-12.46,12.24148
-12.43,12.92059
-12.42,13.60841
-12.42,14.30563
-12.42,15.01303
-14.89,15.73141
-14.9,16.46168
-14.92,17.20481
-14.93,17.96188
-14.93,18.73404
-14.95,19.5226
-14.94,20.32899
-14.93,21.15481
-14.94,22.00185
-14.96,22.87213
-14.98,23.76793
-14.98,24.69184
-15.0,25.64687
-15.02,26.63647
-15.02,27.66467
-15.14,28.73624
-14.92,29.85687
-15.1,31.03341
-15.12,32.27427
-15.21,33.58996
-15.27,34.99383
-15.0,36.50335
-15.0,38.14207
-15.0,39.94304
-13.04,-39.943
-13.06,-38.1421
-13.08,-36.5034
-13.04,-34.9938
-13.17,-33.59
-13.15,-32.2743
-13.16,-31.0334
-13.16,-29.8569
-13.18,-28.7362
-13.14,-27.6647
-13.15,-26.6365
-13.16,-25.6469
-13.16,-24.6918
-13.17,-23.7679
-13.16,-22.8721
-13.16,-22.0019
-13.16,-21.1548
-13.16,-20.329
-13.14,-19.5226
-13.15,-18.734
-13.14,-17.9619
-13.13,-17.2048
-13.13,-16.4617
-13.13,-15.7314
-15.56,-15.013
-15.53,-14.3056
-15.5,-13.6084
-15.47,-12.9206
-15.45,-12.2415
-15.44,-11.5704
-15.41,-10.9068
-15.39,-10.25
-15.38,-9.5995
-15.38,-8.95483
-15.37,-8.31549
-15.35,-7.68101
-15.34,-7.05095
-15.33,-6.42491
-15.32,-5.80247
-15.32,-5.18326
-15.3,-4.5669
-15.28,-3.95303
-15.28,-3.3413
-15.28,-2.73136
-15.29,-2.12289
-15.28,-1.51555
-15.27,-0.90901
-15.26,-0.30295
-13.12,0.302949
-13.12,0.909006
-13.1,1.515545
-13.1,2.122888
-13.1,2.731362
-13.11,3.341297
-13.11,3.953028
-13.12,4.566898
-13.11,5.183259
-13.08,5.802471
-13.09,6.424907
-13.09,7.050952
-13.09,7.681006
-13.07,8.315488
-13.06,8.954834
-13.04,9.599501
-13.03,10.24997
-13.02,10.90676
-13.0,11.5704
-12.98,12.24148
-12.95,12.92059
-12.94,13.60841
-12.94,14.30563
-12.94,15.01303
-15.41,15.73141
-15.42,16.46168
-15.44,17.20481
-15.45,17.96188
-15.45,18.73404
-15.47,19.5226
-15.46,20.32899
-15.45,21.15481
-15.46,22.00185
-15.48,22.87213
-15.5,23.76793
-15.5,24.69184
-15.52,25.64687
-15.54,26.63647
-15.54,27.66467
-15.66,28.73624
-15.44,29.85687
-15.62,31.03341
-15.64,32.27427
-15.73,33.58996
-15.79,34.99383
-15.52,36.50335
-15.52,38.14207
-15.52,39.94304
-13.55,-39.943
-13.57,-38.1421
-13.59,-36.5034
-13.55,-34.9938
-13.68,-33.59
-13.66,-32.2743
-13.67,-31.0334
-13.67,-29.8569
-13.69,-28.7362
-13.65,-27.6647
-13.66,-26.6365
-13.67,-25.6469
-13.67,-24.6918
-13.68,-23.7679
-13.67,-22.8721
-13.67,-22.0019
-13.67,-21.1548
-13.67,-20.329
-13.65,-19.5226
-13.66,-18.734
-13.65,-17.9619
-13.64,-17.2048
-13.64,-16.4617
-13.64,-15.7314
-16.07,-15.013
-16.04,-14.3056
-16.01,-13.6084
-15.98,-12.9206
-15.96,-12.2415
-15.95,-11.5704
-15.92,-10.9068
-15.9,-10.25
-15.89,-9.5995
-15.89,-8.95483
-15.88,-8.31549
-15.86,-7.68101
-15.85,-7.05095
-15.84,-6.42491
-15.83,-5.80247
-15.83,-5.18326
-15.81,-4.5669
-15.79,-3.95303
-15.79,-3.3413
-15.79,-2.73136
-15.8,-2.12289
-15.79,-1.51555
-15.78,-0.90901
-15.77,-0.30295
-13.63,0.302949
-13.63,0.909006
-13.61,1.515545
-13.61,2.122888
-13.61,2.731362
-13.62,3.341297
-13.62,3.953028
-13.63,4.566898
-13.62,5.183259
-13.59,5.802471
-13.6,6.424907
-13.6,7.050952
-13.6,7.681006
-13.58,8.315488
-13.57,8.954834
-13.55,9.599501
-13.54,10.24997
-13.53,10.90676
-13.51,11.5704
-13.49,12.24148
-13.46,12.92059
-13.45,13.60841
-13.45,14.30563
-13.45,15.01303
-15.92,15.73141
-15.93,16.46168
-15.95,17.20481
-15.96,17.96188
-15.96,18.73404
-15.98,19.5226
-15.97,20.32899
-15.96,21.15481
-15.97,22.00185
-15.99,22.87213
-16.01,23.76793
-16.01,24.69184
-16.03,25.64687
-16.05,26.63647
-16.05,27.66467
-16.17,28.73624
-15.95,29.85687
-16.13,31.03341
-16.15,32.27427
-16.24,33.58996
-16.3,34.99383
-16.03,36.50335
-16.03,38.14207
-16.03,39.94304
-14.07,-39.943
-14.09,-38.1421
-14.11,-36.5034
-14.07,-34.9938
-14.2,-33.59
-14.18,-32.2743
-14.19,-31.0334
-14.19,-29.8569
-14.21,-28.7362
-14.17,-27.6647
-14.18,-26.6365
-14.19,-25.6469
-14.19,-24.6918
-14.2,-23.7679
-14.19,-22.8721
-14.19,-22.0019
-14.19,-21.1548
-14.19,-20.329
-14.17,-19.5226
-14.18,-18.734
-14.17,-17.9619
-14.16,-17.2048
-14.16,-16.4617
-14.16,-15.7314
-16.59,-15.013
-16.56,-14.3056
-16.53,-13.6084
-16.5,-12.9206
-16.48,-12.2415
-16.47,-11.5704
-16.44,-10.9068
-16.42,-10.25
-16.41,-9.5995
-16.41,-8.95483
-16.4,-8.31549
-16.38,-7.68101
-16.37,-7.05095
-16.36,-6.42491
-16.35,-5.80247
-16.35,-5.18326
-16.33,-4.5669
-16.31,-3.95303
-16.31,-3.3413
-16.31,-2.73136
-16.32,-2.12289
-16.31,-1.51555
-16.3,-0.90901
-16.29,-0.30295
-14.15,0.302949
-14.15,0.909006
-14.13,1.515545
-14.13,2.122888
-14.13,2.731362
-14.14,3.341297
-14.14,3.953028
-14.15,4.566898
-14.14,5.183259
-14.11,5.802471
-14.12,6.424907
-14.12,7.050952
-14.12,7.681006
-14.1,8.315488
-14.09,8.954834
-14.07,9.599501
-14.06,10.24997
-14.05,10.90676
-14.03,11.5704
-14.01,12.24148
-13.98,12.92059
-13.97,13.60841
-13.97,14.30563
-13.97,15.01303
-16.44,15.73141
-16.45,16.46168
-16.47,17.20481
-16.48,17.96188
-16.48,18.73404
-16.5,19.5226
-16.49,20.32899
-16.48,21.15481
-16.49,22.00185
-16.51,22.87213
-16.53,23.76793
-16.53,24.69184
-16.55,25.64687
-16.57,26.63647
-16.57,27.66467
-16.69,28.73624
-16.47,29.85687
-16.65,31.03341
-16.67,32.27427
-16.76,33.58996
-16.82,34.99383
-16.55,36.50335
-16.55,38.14207
-16.55,39.94304
-14.59,-39.943
-14.61,-38.1421
-14.63,-36.5034
-14.59,-34.9938
-14.72,-33.59
-14.7,-32.2743
-14.71,-31.0334
-14.71,-29.8569
-14.73,-28.7362
-14.69,-27.6647
-14.7,-26.6365
-14.71,-25.6469
-14.71,-24.6918
-14.72,-23.7679
-14.71,-22.8721
-14.71,-22.0019
-14.71,-21.1548
-14.71,-20.329
-14.69,-19.5226
-14.7,-18.734
-14.69,-17.9619
-14.68,-17.2048
-14.68,-16.4617
-14.68,-15.7314
-17.11,-15.013
-17.08,-14.3056
-17.05,-13.6084
-17.02,-12.9206
-17.0,-12.2415
-16.99,-11.5704
-16.96,-10.9068
-16.94,-10.25
-16.93,-9.5995
-16.93,-8.95483
-16.92,-8.31549
-16.9,-7.68101
-16.89,-7.05095
-16.88,-6.42491
-16.87,-5.80247
-16.87,-5.18326
-16.85,-4.5669
-16.83,-3.95303
-16.83,-3.3413
-16.83,-2.73136
-16.84,-2.12289
-16.83,-1.51555
-16.82,-0.90901
-16.81,-0.30295
-14.67,0.302949
-14.67,0.909006
-14.65,1.515545
-14.65,2.122888
-14.65,2.731362
-14.66,3.341297
-14.66,3.953028
-14.67,4.566898
-14.66,5.183259
-14.63,5.802471
-14.64,6.424907
-14.64,7.050952
-14.64,7.681006
-14.62,8.315488
-14.61,8.954834
-14.59,9.599501
-14.58,10.24997
-14.57,10.90676
-14.55,11.5704
-14.53,12.24148
-14.5,12.92059
-14.49,13.60841
-14.49,14.30563
-14.49,15.01303
-16.96,15.73141
-16.97,16.46168
-16.99,17.20481
-17.0,17.96188
-17.0,18.73404
-17.02,19.5226
-17.01,20.32899
-17.0,21.15481
-17.01,22.00185
-17.03,22.87213
-17.05,23.76793
-17.05,24.69184
-17.07,25.64687
-17.09,26.63647
-17.09,27.66467
-17.21,28.73624
-16.99,29.85687
-17.17,31.03341
-17.19,32.27427
-17.28,33.58996
-17.34,34.99383
-17.07,36.50335
-17.07,38.14207
-17.07,39.94304
-15.1,-39.943
-15.12,-38.1421
-15.14,-36.5034
-15.1,-34.9938
-15.23,-33.59
-15.21,-32.2743
-15.22,-31.0334
-15.22,-29.8569
-15.24,-28.7362
-15.2,-27.6647
-15.21,-26.6365
-15.22,-25.6469
-15.22,-24.6918
-15.23,-23.7679
-15.22,-22.8721
-15.22,-22.0019
-15.22,-21.1548
-15.22,-20.329
-15.2,-19.5226
-15.21,-18.734
-15.2,-17.9619
-15.19,-17.2048
-15.19,-16.4617
-15.19,-15.7314
-17.62,-15.013
-17.59,-14.3056
-17.56,-13.6084
-17.53,-12.9206
-17.51,-12.2415
-17.5,-11.5704
-17.47,-10.9068
-17.45,-10.25
-17.44,-9.5995
-17.44,-8.95483
-17.43,-8.31549
-17.41,-7.68101
-17.4,-7.05095
-17.39,-6.42491
-17.38,-5.80247
-17.38,-5.18326
-17.36,-4.5669
-17.34,-3.95303
-17.34,-3.3413
-17.34,-2.73136
-17.35,-2.12289
-17.34,-1.51555
-17.33,-0.90901
-17.32,-0.30295
-15.18,0.302949
-15.18,0.909006
-15.16,1.515545
-15.16,2.122888
-15.16,2.731362
-15.17,3.341297
-15.17,3.953028
-15.18,4.566898
-15.17,5.183259
-15.14,5.802471
-15.15,6.424907
-15.15,7.050952
-15.15,7.681006
-15.13,8.315488
-15.12,8.954834
-15.1,9.599501
-15.09,10.24997
-15.08,10.90676
-15.06,11.5704
-15.04,12.24148
-15.01,12.92059
-15.0,13.60841
-15.0,14.30563
-15.0,15.01303
-17.47,15.73141
-17.48,16.46168
-17.5,17.20481
-17.51,17.96188
-17.51,18.73404
-17.53,19.5226
-17.52,20.32899
-17.51,21.15481
-17.52,22.00185
-17.54,22.87213
-17.56,23.76793
-17.56,24.69184
-17.58,25.64687
-17.6,26.63647
-17.6,27.66467
-17.72,28.73624
-17.5,29.85687
-17.68,31.03341
-17.7,32.27427
-17.79,33.58996
-17.85,34.99383
-17.58,36.50335
-17.58,38.14207
-17.58,39.94304
-15.62,-39.943
-15.64,-38.1421
-15.66,-36.5034
-15.62,-34.9938
-15.75,-33.59
-15.73,-32.2743
-15.74,-31.0334
-15.74,-29.8569
-15.76,-28.7362
-15.72,-27.6647
-15.73,-26.6365
-15.74,-25.6469
-15.74,-24.6918
-15.75,-23.7679
-15.74,-22.8721
-15.74,-22.0019
-15.74,-21.1548
-15.74,-20.329
-15.72,-19.5226
-15.73,-18.734
-15.72,-17.9619
-15.71,-17.2048
-15.71,-16.4617
-15.71,-15.7314
-18.14,-15.013
-18.11,-14.3056
-18.08,-13.6084
-18.05,-12.9206
-18.03,-12.2415
-18.02,-11.5704
-17.99,-10.9068
-17.97,-10.25
-17.96,-9.5995
-17.96,-8.95483
-17.95,-8.31549
-17.93,-7.68101
-17.92,-7.05095
-17.91,-6.42491
-17.9,-5.80247
-17.9,-5.18326
-17.88,-4.5669
-17.86,-3.95303
-17.86,-3.3413
-17.86,-2.73136
-17.87,-2.12289
-17.86,-1.51555
-17.85,-0.90901
-17.84,-0.30295
-15.7,0.302949
-15.7,0.909006
-15.68,1.515545
-15.68,2.122888
-15.68,2.731362
-15.69,3.341297
-15.69,3.953028
-15.7,4.566898
-15.69,5.183259
-15.66,5.802471
-15.67,6.424907
-15.67,7.050952
-15.67,7.681006
-15.65,8.315488
-15.64,8.954834
-15.62,9.599501
-15.61,10.24997
-15.6,10.90676
-15.58,11.5704
-15.56,12.24148
-15.53,12.92059
-15.52,13.60841
-15.52,14.30563
-15.52,15.01303
-17.99,15.73141
-18.0,16.46168
-18.02,17.20481
-18.03,17.96188
-18.03,18.73404
-18.05,19.5226
-18.04,20.32899
-18.03,21.15481
-18.04,22.00185
-18.06,22.87213
-18.08,23.76793
-18.08,24.69184
-18.1,25.64687
-18.12,26.63647
-18.12,27.66467
-18.24,28.73624
-18.02,29.85687
-18.2,31.03341
-18.22,32.27427
-18.31,33.58996
-18.37,34.99383
-18.1,36.50335
-18.1,38.14207
-18.1,39.94304
-16.13,-39.943
-16.15,-38.1421
-16.17,-36.5034
-16.13,-34.9938
-16.26,-33.59
-16.24,-32.2743
-16.25,-31.0334
-16.25,-29.8569
-16.27,-28.7362
-16.23,-27.6647
-16.24,-26.6365
-16.25,-25.6469
-16.25,-24.6918
-16.26,-23.7679
-16.25,-22.8721
-16.25,-22.0019
-16.25,-21.1548
-16.25,-20.329
-16.23,-19.5226
-16.24,-18.734
-16.23,-17.9619
-16.22,-17.2048
-16.22,-16.4617
-16.22,-15.7314
-18.65,-15.013
-18.62,-14.3056
-18.59,-13.6084
-18.56,-12.9206
-18.54,-12.2415
-18.53,-11.5704
-18.5,-10.9068
-18.48,-10.25
-18.47,-9.5995
-18.47,-8.95483
-18.46,-8.31549
-18.44,-7.68101
-18.43,-7.05095
-18.42,-6.42491
-18.41,-5.80247
-18.41,-5.18326
-18.39,-4.5669
-18.37,-3.95303
-18.37,-3.3413
-18.37,-2.73136
-18.38,-2.12289
-18.37,-1.51555
-18.36,-0.90901
-18.35,-0.30295
-16.21,0.302949
-16.21,0.909006
-16.19,1.515545
-16.19,2.122888
-16.19,2.731362
-16.2,3.341297
-16.2,3.953028
-16.21,4.566898
-16.2,5.183259
-16.17,5.802471
-16.18,6.424907
-16.18,7.050952
-16.18,7.681006
-16.16,8.315488
-16.15,8.954834
-16.13,9.599501
-16.12,10.24997
-16.11,10.90676
-16.09,11.5704
-16.07,12.24148
-16.04,12.92059
-16.03,13.60841
-16.03,14.30563
-16.03,15.01303
-18.5,15.73141
-18.51,16.46168
-18.53,17.20481
-18.54,17.96188
-18.54,18.73404
-18.56,19.5226
-18.55,20.32899
-18.54,21.15481
-18.55,22.00185
-18.57,22.87213
-18.59,23.76793
-18.59,24.69184
-18.61,25.64687
-18.63,26.63647
-18.63,27.66467
-18.75,28.73624
-18.53,29.85687
-18.71,31.03341
-18.73,32.27427
-18.82,33.58996
-18.88,34.99383
-18.61,36.50335
-18.61,38.14207
-18.61,39.94304
-16.65,-39.943
-16.67,-38.1421
-16.69,-36.5034
-16.65,-34.9938
-16.78,-33.59
-16.76,-32.2743
-16.77,-31.0334
-16.77,-29.8569
-16.79,-28.7362
-16.75,-27.6647
-16.76,-26.6365
-16.77,-25.6469
-16.77,-24.6918
-16.78,-23.7679
-16.77,-22.8721
-16.77,-22.0019
-16.77,-21.1548
-16.77,-20.329
-16.75,-19.5226
-16.76,-18.734
-16.75,-17.9619
-16.74,-17.2048
-16.74,-16.4617
-16.74,-15.7314
-19.17,-15.013
-19.14,-14.3056
-19.11,-13.6084
-19.08,-12.9206
-19.06,-12.2415
-19.05,-11.5704
-19.02,-10.9068
-19.0,-10.25
-18.99,-9.5995
-18.99,-8.95483
-18.98,-8.31549
-18.96,-7.68101
-18.95,-7.05095
-18.94,-6.42491
-18.93,-5.80247
-18.93,-5.18326
-18.91,-4.5669
-18.89,-3.95303
-18.89,-3.3413
-18.89,-2.73136
-18.9,-2.12289
-18.89,-1.51555
-18.88,-0.90901
-18.87,-0.30295
-16.73,0.302949
-16.73,0.909006
-16.71,1.515545
-16.71,2.122888
-16.71,2.731362
-16.72,3.341297
-16.72,3.953028
-16.73,4.566898
-16.72,5.183259
-16.69,5.802471
-16.7,6.424907
-16.7,7.050952
-16.7,7.681006
-16.68,8.315488
-16.67,8.954834
-16.65,9.599501
-16.64,10.24997
-16.63,10.90676
-16.61,11.5704
-16.59,12.24148
-16.56,12.92059
-16.55,13.60841
-16.55,14.30563
-16.55,15.01303
-19.02,15.73141
-19.03,16.46168
-19.05,17.20481
-19.06,17.96188
-19.06,18.73404
-19.08,19.5226
-19.07,20.32899
-19.06,21.15481
-19.07,22.00185
-19.09,22.87213
-19.11,23.76793
-19.11,24.69184
-19.13,25.64687
-19.15,26.63647
-19.15,27.66467
-19.27,28.73624
-19.05,29.85687
-19.23,31.03341
-19.25,32.27427
-19.34,33.58996
-19.4,34.99383
-19.13,36.50335
-19.13,38.14207
-19.13,39.94304
-17.17,-39.943
-17.19,-38.1421
-17.21,-36.5034
-17.17,-34.9938
-17.3,-33.59
-17.28,-32.2743
-17.29,-31.0334
-17.29,-29.8569
-17.31,-28.7362
-17.27,-27.6647
-17.28,-26.6365
-17.29,-25.6469
-17.29,-24.6918
-17.3,-23.7679
-17.29,-22.8721
-17.29,-22.0019
-17.29,-21.1548
-17.29,-20.329
-17.27,-19.5226
-17.28,-18.734
-17.27,-17.9619
-17.26,-17.2048
-17.26,-16.4617
-17.26,-15.7314
-19.69,-15.013
-19.66,-14.3056
-19.63,-13.6084
-19.6,-12.9206
-19.58,-12.2415
-19.57,-11.5704
-19.54,-10.9068
-19.52,-10.25
-19.51,-9.5995
-19.51,-8.95483
-19.5,-8.31549
-19.48,-7.68101
-19.47,-7.05095
-19.46,-6.42491
-19.45,-5.80247
-19.45,-5.18326
-19.43,-4.5669
-19.41,-3.95303
-19.41,-3.3413
-19.41,-2.73136
-19.42,-2.12289
-19.41,-1.51555
-19.4,-0.90901
-19.39,-0.30295
-17.25,0.302949
-17.25,0.909006
-17.23,1.515545
-17.23,2.122888
-17.23,2.731362
-17.24,3.341297
-17.24,3.953028
-17.25,4.566898
-17.24,5.183259
-17.21,5.802471
-17.22,6.424907
-17.22,7.050952
-17.22,7.681006
-17.2,8.315488
-17.19,8.954834
-17.17,9.599501
-17.16,10.24997
-17.15,10.90676
-17.13,11.5704
-17.11,12.24148
-17.08,12.92059
-17.07,13.60841
-17.07,14.30563
-17.07,15.01303
-19.54,15.73141
-19.55,16.46168
-19.57,17.20481
-19.58,17.96188
-19.58,18.73404
-19.6,19.5226
-19.59,20.32899
-19.58,21.15481
-19.59,22.00185
-19.61,22.87213
-19.63,23.76793
-19.63,24.69184
-19.65,25.64687
-19.67,26.63647
-19.67,27.66467
-19.79,28.73624
-19.57,29.85687
-19.75,31.03341
-19.77,32.27427
-19.86,33.58996
-19.92,34.99383
-19.65,36.50335
-19.65,38.14207
-19.65,39.94304
-17.68,-39.943
-17.7,-38.1421
-17.72,-36.5034
-17.68,-34.9938
-17.81,-33.59
-17.79,-32.2743
-17.8,-31.0334
-17.8,-29.8569
-17.82,-28.7362
-17.78,-27.6647
-17.79,-26.6365
-17.8,-25.6469
-17.8,-24.6918
-17.81,-23.7679
-17.8,-22.8721
-17.8,-22.0019
-17.8,-21.1548
-17.8,-20.329
-17.78,-19.5226
-17.79,-18.734
-17.78,-17.9619
-17.77,-17.2048
-17.77,-16.4617
-17.77,-15.7314
-20.2,-15.013
-20.17,-14.3056
-20.14,-13.6084
-20.11,-12.9206
-20.09,-12.2415
-20.08,-11.5704
-20.05,-10.9068
-20.03,-10.25
-20.02,-9.5995
-20.02,-8.95483
-20.01,-8.31549
-19.99,-7.68101
-19.98,-7.05095
-19.97,-6.42491
-19.96,-5.80247
-19.96,-5.18326
-19.94,-4.5669
-19.92,-3.95303
-19.92,-3.3413
-19.92,-2.73136
-19.93,-2.12289
-19.92,-1.51555
-19.91,-0.90901
-19.9,-0.30295
-17.76,0.302949
-17.76,0.909006
-17.74,1.515545
-17.74,2.122888
-17.74,2.731362
-17.75,3.341297
-17.75,3.953028
-17.76,4.566898
-17.75,5.183259
-17.72,5.802471
-17.73,6.424907
-17.73,7.050952
-17.73,7.681006
-17.71,8.315488
-17.7,8.954834
-17.68,9.599501
-17.67,10.24997
-17.66,10.90676
-17.64,11.5704
-17.62,12.24148
-17.59,12.92059
-17.58,13.60841
-17.58,14.30563
-17.58,15.01303
-20.05,15.73141
-20.06,16.46168
-20.08,17.20481
-20.09,17.96188
-20.09,18.73404
-20.11,19.5226
-20.1,20.32899
-20.09,21.15481
-20.1,22.00185
-20.12,22.87213
-20.14,23.76793
-20.14,24.69184
-20.16,25.64687
-20.18,26.63647
-20.18,27.66467
-20.3,28.73624
-20.08,29.85687
-20.26,31.03341
-20.28,32.27427
-20.37,33.58996
-20.43,34.99383
-20.16,36.50335
-20.16,38.14207
-20.16,39.94304
-18.2,-39.943
-18.22,-38.1421
-18.24,-36.5034
-18.2,-34.9938
-18.33,-33.59
-18.31,-32.2743
-18.32,-31.0334
-18.32,-29.8569
-18.34,-28.7362
-18.3,-27.6647
-18.31,-26.6365
-18.32,-25.6469
-18.32,-24.6918
-18.33,-23.7679
-18.32,-22.8721
-18.32,-22.0019
-18.32,-21.1548
-18.32,-20.329
-18.3,-19.5226
-18.31,-18.734
-18.3,-17.9619
-18.29,-17.2048
-18.29,-16.4617
-18.29,-15.7314
-20.72,-15.013
-20.69,-14.3056
-20.66,-13.6084
-20.63,-12.9206
-20.61,-12.2415
-20.6,-11.5704
-20.57,-10.9068
-20.55,-10.25
-20.54,-9.5995
-20.54,-8.95483
-20.53,-8.31549
-20.51,-7.68101
-20.5,-7.05095
-20.49,-6.42491
-20.48,-5.80247
-20.48,-5.18326
-20.46,-4.5669
-20.44,-3.95303
-20.44,-3.3413
-20.44,-2.73136
-20.45,-2.12289
-20.44,-1.51555
-20.43,-0.90901
-20.42,-0.30295
-18.28,0.302949
-18.28,0.909006
-18.26,1.515545
-18.26,2.122888
-18.26,2.731362
-18.27,3.341297
-18.27,3.953028
-18.28,4.566898
-18.27,5.183259
-18.24,5.802471
-18.25,6.424907
-18.25,7.050952
-18.25,7.681006
-18.23,8.315488
-18.22,8.954834
-18.2,9.599501
-18.19,10.24997
-18.18,10.90676
-18.16,11.5704
-18.14,12.24148
-18.11,12.92059
-18.1,13.60841
-18.1,14.30563
-18.1,15.01303
-20.57,15.73141
-20.58,16.46168
-20.6,17.20481
-20.61,17.96188
-20.61,18.73404
-20.63,19.5226
-20.62,20.32899
-20.61,21.15481
-20.62,22.00185
-20.64,22.87213
-20.66,23.76793
-20.66,24.69184
-20.68,25.64687
-20.7,26.63647
-20.7,27.66467
-20.82,28.73624
-20.6,29.85687
-20.78,31.03341
-20.8,32.27427
-20.89,33.58996
-20.95,34.99383
-20.68,36.50335
-20.68,38.14207
-20.68,39.94304
-18.71,-39.943
-18.73,-38.1421
-18.75,-36.5034
-18.71,-34.9938
-18.84,-33.59
-18.82,-32.2743
-18.83,-31.0334
-18.83,-29.8569
-18.85,-28.7362
-18.81,-27.6647
-18.82,-26.6365
-18.83,-25.6469
-18.83,-24.6918
-18.84,-23.7679
-18.83,-22.8721
-18.83,-22.0019
-18.83,-21.1548
-18.83,-20.329
-18.81,-19.5226
-18.82,-18.734
-18.81,-17.9619
-18.8,-17.2048
-18.8,-16.4617
-18.8,-15.7314
-21.23,-15.013
-21.2,-14.3056
-21.17,-13.6084
-21.14,-12.9206
-21.12,-12.2415
-21.11,-11.5704
-21.08,-10.9068
-21.06,-10.25
-21.05,-9.5995
-21.05,-8.95483
-21.04,-8.31549
-21.02,-7.68101
-21.01,-7.05095
-21.0,-6.42491
-20.99,-5.80247
-20.99,-5.18326
-20.97,-4.5669
-20.95,-3.95303
-20.95,-3.3413
-20.95,-2.73136
-20.96,-2.12289
-20.95,-1.51555
-20.94,-0.90901
-20.93,-0.30295
-18.79,0.302949
-18.79,0.909006
-18.77,1.515545
-18.77,2.122888
-18.77,2.731362
-18.78,3.341297
-18.78,3.953028
-18.79,4.566898
-18.78,5.183259
-18.75,5.802471
-18.76,6.424907
-18.76,7.050952
-18.76,7.681006
-18.74,8.315488
-18.73,8.954834
-18.71,9.599501
-18.7,10.24997
-18.69,10.90676
-18.67,11.5704
-18.65,12.24148
-18.62,12.92059
-18.61,13.60841
-18.61,14.30563
-18.61,15.01303
-21.08,15.73141
-21.09,16.46168
-21.11,17.20481
-21.12,17.96188
-21.12,18.73404
-21.14,19.5226
-21.13,20.32899
-21.12,21.15481
-21.13,22.00185
-21.15,22.87213
-21.17,23.76793
-21.17,24.69184
-21.19,25.64687
-21.21,26.63647
-21.21,27.66467
-21.33,28.73624
-21.11,29.85687
-21.29,31.03341
-21.31,32.27427
-21.4,33.58996
-21.46,34.99383
-21.19,36.50335
-21.19,38.14207
-21.19,39.94304
-19.23,-39.943
-19.25,-38.1421
-19.27,-36.5034
-19.23,-34.9938
-19.36,-33.59
-19.34,-32.2743
-19.35,-31.0334
-19.35,-29.8569
-19.37,-28.7362
-19.33,-27.6647
-19.34,-26.6365
-19.35,-25.6469
-19.35,-24.6918
-19.36,-23.7679
-19.35,-22.8721
-19.35,-22.0019
-19.35,-21.1548
-19.35,-20.329
-19.33,-19.5226
-19.34,-18.734
-19.33,-17.9619
-19.32,-17.2048
-19.32,-16.4617
-19.32,-15.7314
-21.75,-15.013
-21.72,-14.3056
-21.69,-13.6084
-21.66,-12.9206
-21.64,-12.2415
-21.63,-11.5704
-21.6,-10.9068
-21.58,-10.25
-21.57,-9.5995
-21.57,-8.95483
-21.56,-8.31549
-21.54,-7.68101
-21.53,-7.05095
-21.52,-6.42491
-21.51,-5.80247
-21.51,-5.18326
-21.49,-4.5669
-21.47,-3.95303
-21.47,-3.3413
-21.47,-2.73136
-21.48,-2.12289
-21.47,-1.51555
-21.46,-0.90901
-21.45,-0.30295
-19.31,0.302949
-19.31,0.909006
-19.29,1.515545
-19.29,2.122888
-19.29,2.731362
-19.3,3.341297
-19.3,3.953028
-19.31,4.566898
-19.3,5.183259
-19.27,5.802471
-19.28,6.424907
-19.28,7.050952
-19.28,7.681006
-19.26,8.315488
-19.25,8.954834
-19.23,9.599501
-19.22,10.24997
-19.21,10.90676
-19.19,11.5704
-19.17,12.24148
-19.14,12.92059
-19.13,13.60841
-19.13,14.30563
-19.13,15.01303
-21.6,15.73141
-21.61,16.46168
-21.63,17.20481
-21.64,17.96188
-21.64,18.73404
-21.66,19.5226
-21.65,20.32899
-21.64,21.15481
-21.65,22.00185
-21.67,22.87213
-21.69,23.76793
-21.69,24.69184
-21.71,25.64687
-21.73,26.63647
-21.73,27.66467
-21.85,28.73624
-21.63,29.85687
-21.81,31.03341
-21.83,32.27427
-21.92,33.58996
-21.98,34.99383
-21.71,36.50335
-21.71,38.14207
-21.71,39.94304
-19.75,-39.943
-19.77,-38.1421
-19.79,-36.5034
-19.75,-34.9938
-19.88,-33.59
-19.86,-32.2743
-19.87,-31.0334
-19.87,-29.8569
-19.89,-28.7362
-19.85,-27.6647
-19.86,-26.6365
-19.87,-25.6469
-19.87,-24.6918
-19.88,-23.7679
-19.87,-22.8721
-19.87,-22.0019
-19.87,-21.1548
-19.87,-20.329
-19.85,-19.5226
-19.86,-18.734
-19.85,-17.9619
-19.84,-17.2048
-19.84,-16.4617
-19.84,-15.7314
-22.27,-15.013
-22.24,-14.3056
-22.21,-13.6084
-22.18,-12.9206
-22.16,-12.2415
-22.15,-11.5704
-22.12,-10.9068
-22.1,-10.25
-22.09,-9.5995
-22.09,-8.95483
-22.08,-8.31549
-22.06,-7.68101
-22.05,-7.05095
-22.04,-6.42491
-22.03,-5.80247
-22.03,-5.18326
-22.01,-4.5669
-21.99,-3.95303
-21.99,-3.3413
-21.99,-2.73136
-22.0,-2.12289
-21.99,-1.51555
-21.98,-0.90901
-21.97,-0.30295
-19.83,0.302949
-19.83,0.909006
-19.81,1.515545
-19.81,2.122888
-19.81,2.731362
-19.82,3.341297
-19.82,3.953028
-19.83,4.566898
-19.82,5.183259
-19.79,5.802471
-19.8,6.424907
-19.8,7.050952
-19.8,7.681006
-19.78,8.315488
-19.77,8.954834
-19.75,9.599501
-19.74,10.24997
-19.73,10.90676
-19.71,11.5704
-19.69,12.24148
-19.66,12.92059
-19.65,13.60841
-19.65,14.30563
-19.65,15.01303
-22.12,15.73141
-22.13,16.46168
-22.15,17.20481
-22.16,17.96188
-22.16,18.73404
-22.18,19.5226
-22.17,20.32899
-22.16,21.15481
-22.17,22.00185
-22.19,22.87213
-22.21,23.76793
-22.21,24.69184
-22.23,25.64687
-22.25,26.63647
-22.25,27.66467
-22.37,28.73624
-22.15,29.85687
-22.33,31.03341
-22.35,32.27427
-22.44,33.58996
-22.5,34.99383
-22.23,36.50335
-22.23,38.14207
-22.23,39.94304
-20.26,-39.943
-20.28,-38.1421
-20.3,-36.5034
-20.26,-34.9938
-20.39,-33.59
-20.37,-32.2743
-20.38,-31.0334
-20.38,-29.8569
-20.4,-28.7362
-20.36,-27.6647
-20.37,-26.6365
-20.38,-25.6469
-20.38,-24.6918
-20.39,-23.7679
-20.38,-22.8721
-20.38,-22.0019
-20.38,-21.1548
-20.38,-20.329
-20.36,-19.5226
-20.37,-18.734
-20.36,-17.9619
-20.35,-17.2048
-20.35,-16.4617
-20.35,-15.7314
-22.78,-15.013
-22.75,-14.3056
-22.72,-13.6084
-22.69,-12.9206
-22.67,-12.2415
-22.66,-11.5704
-22.63,-10.9068
-22.61,-10.25
-22.6,-9.5995
-22.6,-8.95483
-22.59,-8.31549
-22.57,-7.68101
-22.56,-7.05095
-22.55,-6.42491
-22.54,-5.80247
-22.54,-5.18326
-22.52,-4.5669
-22.5,-3.95303
-22.5,-3.3413
-22.5,-2.73136
-22.51,-2.12289
-22.5,-1.51555
-22.49,-0.90901
-22.48,-0.30295
-20.34,0.302949
-20.34,0.909006
-20.32,1.515545
-20.32,2.122888
-20.32,2.731362
-20.33,3.341297
-20.33,3.953028
-20.34,4.566898
-20.33,5.183259
-20.3,5.802471
-20.31,6.424907
-20.31,7.050952
-20.31,7.681006
-20.29,8.315488
-20.28,8.954834
-20.26,9.599501
-20.25,10.24997
-20.24,10.90676
-20.22,11.5704
-20.2,12.24148
-20.17,12.92059
-20.16,13.60841
-20.16,14.30563
-20.16,15.01303
-22.63,15.73141
-22.64,16.46168
-22.66,17.20481
-22.67,17.96188
-22.67,18.73404
-22.69,19.5226
-22.68,20.32899
-22.67,21.15481
-22.68,22.00185
-22.7,22.87213
-22.72,23.76793
-22.72,24.69184
-22.74,25.64687
-22.76,26.63647
-22.76,27.66467
-22.88,28.73624
-22.66,29.85687
-22.84,31.03341
-22.86,32.27427
-22.95,33.58996
-23.01,34.99383
-22.74,36.50335
-22.74,38.14207
-22.74,39.94304
-20.78,-39.943
-20.8,-38.1421
-20.82,-36.5034
-20.78,-34.9938
-20.91,-33.59
-20.89,-32.2743
-20.9,-31.0334
-20.9,-29.8569
-20.92,-28.7362
-20.88,-27.6647
-20.89,-26.6365
-20.9,-25.6469
-20.9,-24.6918
-20.91,-23.7679
-20.9,-22.8721
-20.9,-22.0019
-20.9,-21.1548
-20.9,-20.329
-20.88,-19.5226
-20.89,-18.734
-20.88,-17.9619
-20.87,-17.2048
-20.87,-16.4617
-20.87,-15.7314
-23.3,-15.013
-23.27,-14.3056
-23.24,-13.6084
-23.21,-12.9206
-23.19,-12.2415
-23.18,-11.5704
-23.15,-10.9068
-23.13,-10.25
-23.12,-9.5995
-23.12,-8.95483
-23.11,-8.31549
-23.09,-7.68101
-23.08,-7.05095
-23.07,-6.42491
-23.06,-5.80247
-23.06,-5.18326
-23.04,-4.5669
-23.02,-3.95303
-23.02,-3.3413
-23.02,-2.73136
-23.03,-2.12289
-23.02,-1.51555
-23.01,-0.90901
-23.0,-0.30295
-20.86,0.302949
-20.86,0.909006
-20.84,1.515545
-20.84,2.122888
-20.84,2.731362
-20.85,3.341297
-20.85,3.953028
-20.86,4.566898
-20.85,5.183259
-20.82,5.802471
-20.83,6.424907
-20.83,7.050952
-20.83,7.681006
-20.81,8.315488
-20.8,8.954834
-20.78,9.599501
-20.77,10.24997
-20.76,10.90676
-20.74,11.5704
-20.72,12.24148
-20.69,12.92059
-20.68,13.60841
-20.68,14.30563
-20.68,15.01303
-23.15,15.73141
-23.16,16.46168
-23.18,17.20481
-23.19,17.96188
-23.19,18.73404
-23.21,19.5226
-23.2,20.32899
-23.19,21.15481
-23.2,22.00185
-23.22,22.87213
-23.24,23.76793
-23.24,24.69184
-23.26,25.64687
-23.28,26.63647
-23.28,27.66467
-23.4,28.73624
-23.18,29.85687
-23.36,31.03341
-23.38,32.27427
-23.47,33.58996
-23.53,34.99383
-23.26,36.50335
-23.26,38.14207
-23.26,39.94304
-21.3,-39.943
-21.32,-38.1421
-21.34,-36.5034
-21.3,-34.9938
-21.43,-33.59
-21.41,-32.2743
-21.42,-31.0334
-21.42,-29.8569
-21.44,-28.7362
-21.4,-27.6647
-21.41,-26.6365
-21.42,-25.6469
-21.42,-24.6918
-21.43,-23.7679
-21.42,-22.8721
-21.42,-22.0019
-21.42,-21.1548
-21.42,-20.329
-21.4,-19.5226
-21.41,-18.734
-21.4,-17.9619
-21.39,-17.2048
-21.39,-16.4617
-21.39,-15.7314
-23.82,-15.013
-23.79,-14.3056
-23.76,-13.6084
-23.73,-12.9206
-23.71,-12.2415
-23.7,-11.5704
-23.67,-10.9068
-23.65,-10.25
-23.64,-9.5995
-23.64,-8.95483
-23.63,-8.31549
-23.61,-7.68101
-23.6,-7.05095
-23.59,-6.42491
-23.58,-5.80247
-23.58,-5.18326
-23.56,-4.5669
-23.54,-3.95303
-23.54,-3.3413
-23.54,-2.73136
-23.55,-2.12289
-23.54,-1.51555
-23.53,-0.90901
-23.52,-0.30295
-21.38,0.302949
-21.38,0.909006
-21.36,1.515545
-21.36,2.122888
-21.36,2.731362
-21.37,3.341297
-21.37,3.953028
-21.38,4.566898
-21.37,5.183259
-21.34,5.802471
-21.35,6.424907
-21.35,7.050952
-21.35,7.681006
-21.33,8.315488
-21.32,8.954834
-21.3,9.599501
-21.29,10.24997
-21.28,10.90676
-21.26,11.5704
-21.24,12.24148
-21.21,12.92059
-21.2,13.60841
-21.2,14.30563
-21.2,15.01303
-23.67,15.73141
-23.68,16.46168
-23.7,17.20481
-23.71,17.96188
-23.71,18.73404
-23.73,19.5226
-23.72,20.32899
-23.71,21.15481
-23.72,22.00185
-23.74,22.87213
-23.76,23.76793
-23.76,24.69184
-23.78,25.64687
-23.8,26.63647
-23.8,27.66467
-23.92,28.73624
-23.7,29.85687
-23.88,31.03341
-23.9,32.27427
-23.99,33.58996
-24.05,34.99383
-23.78,36.50335
-23.78,38.14207
-23.78,39.94304
-21.81,-39.943
-21.83,-38.1421
-21.85,-36.5034
-21.81,-34.9938
-21.94,-33.59
-21.92,-32.2743
-21.93,-31.0334
-21.93,-29.8569
-21.95,-28.7362
-21.91,-27.6647
-21.92,-26.6365
-21.93,-25.6469
-21.93,-24.6918
-21.94,-23.7679
-21.93,-22.8721
-21.93,-22.0019
-21.93,-21.1548
-21.93,-20.329
-21.91,-19.5226
-21.92,-18.734
-21.91,-17.9619
-21.9,-17.2048
-21.9,-16.4617
-21.9,-15.7314
-24.33,-15.013
-24.3,-14.3056
-24.27,-13.6084
-24.24,-12.9206
-24.22,-12.2415
-24.21,-11.5704
-24.18,-10.9068
-24.16,-10.25
-24.15,-9.5995
-24.15,-8.95483
-24.14,-8.31549
-24.12,-7.68101
-24.11,-7.05095
-24.1,-6.42491
-24.09,-5.80247
-24.09,-5.18326
-24.07,-4.5669
-24.05,-3.95303
-24.05,-3.3413
-24.05,-2.73136
-24.06,-2.12289
-24.05,-1.51555
-24.04,-0.90901
-24.03,-0.30295
-21.89,0.302949
-21.89,0.909006
-21.87,1.515545
-21.87,2.122888
-21.87,2.731362
-21.88,3.341297
-21.88,3.953028
-21.89,4.566898
-21.88,5.183259
-21.85,5.802471
-21.86,6.424907
-21.86,7.050952
-21.86,7.681006
-21.84,8.315488
-21.83,8.954834
-21.81,9.599501
-21.8,10.24997
-21.79,10.90676
-21.77,11.5704
-21.75,12.24148
-21.72,12.92059
-21.71,13.60841
-21.71,14.30563
-21.71,15.01303
-24.18,15.73141
-24.19,16.46168
-24.21,17.20481
-24.22,17.96188
-24.22,18.73404
-24.24,19.5226
-24.23,20.32899
-24.22,21.15481
-24.23,22.00185
-24.25,22.87213
-24.27,23.76793
-24.27,24.69184
-24.29,25.64687
-24.31,26.63647
-24.31,27.66467
-24.43,28.73624
-24.21,29.85687
-24.39,31.03341
-24.41,32.27427
-24.5,33.58996
-24.56,34.99383
-24.29,36.50335
-24.29,38.14207
-24.29,39.94304
-22.33,-39.943
-22.35,-38.1421
-22.37,-36.5034
-22.33,-34.9938
-22.46,-33.59
-22.44,-32.2743
-22.45,-31.0334
-22.45,-29.8569
-22.47,-28.7362
-22.43,-27.6647
-22.44,-26.6365
-22.45,-25.6469
-22.45,-24.6918
-22.46,-23.7679
-22.45,-22.8721
-22.45,-22.0019
-22.45,-21.1548
-22.45,-20.329
-22.43,-19.5226
-22.44,-18.734
-22.43,-17.9619
-22.42,-17.2048
-22.42,-16.4617
-22.42,-15.7314
-24.85,-15.013
-24.82,-14.3056
-24.79,-13.6084
-24.76,-12.9206
-24.74,-12.2415
-24.73,-11.5704
-24.7,-10.9068
-24.68,-10.25
-24.67,-9.5995
-24.67,-8.95483
-24.66,-8.31549
-24.64,-7.68101
-24.63,-7.05095
-24.62,-6.42491
-24.61,-5.80247
-24.61,-5.18326
-24.59,-4.5669
-24.57,-3.95303
-24.57,-3.3413
-24.57,-2.73136
-24.58,-2.12289
-24.57,-1.51555
-24.56,-0.90901
-24.55,-0.30295
-22.41,0.302949
-22.41,0.909006
-22.39,1.515545
-22.39,2.122888
-22.39,2.731362
-22.4,3.341297
-22.4,3.953028
-22.41,4.566898
-22.4,5.183259
-22.37,5.802471
-22.38,6.424907
-22.38,7.050952
-22.38,7.681006
-22.36,8.315488
-22.35,8.954834
-22.33,9.599501
-22.32,10.24997
-22.31,10.90676
-22.29,11.5704
-22.27,12.24148
-22.24,12.92059
-22.23,13.60841
-22.23,14.30563
-22.23,15.01303
-24.7,15.73141
-24.71,16.46168
-24.73,17.20481
-24.74,17.96188
-24.74,18.73404
-24.76,19.5226
-24.75,20.32899
-24.74,21.15481
-24.75,22.00185
-24.77,22.87213
-24.79,23.76793
-24.79,24.69184
-24.81,25.64687
-24.83,26.63647
-24.83,27.66467
-24.95,28.73624
-24.73,29.85687
-24.91,31.03341
-24.93,32.27427
-25.02,33.58996
-25.08,34.99383
-24.81,36.50335
-24.81,38.14207
-24.81,39.94304
-22.84,-39.943
-22.86,-38.1421
-22.88,-36.5034
-22.84,-34.9938
-22.97,-33.59
-22.95,-32.2743
-22.96,-31.0334
-22.96,-29.8569
-22.98,-28.7362
-22.94,-27.6647
-22.95,-26.6365
-22.96,-25.6469
-22.96,-24.6918
-22.97,-23.7679
-22.96,-22.8721
-22.96,-22.0019
-22.96,-21.1548
-22.96,-20.329
-22.94,-19.5226
-22.95,-18.734
-22.94,-17.9619
-22.93,-17.2048
-22.93,-16.4617
-22.93,-15.7314
-25.36,-15.013
-25.33,-14.3056
-25.3,-13.6084
-25.27,-12.9206
-25.25,-12.2415
-25.24,-11.5704
-25.21,-10.9068
-25.19,-10.25
-25.18,-9.5995
-25.18,-8.95483
-25.17,-8.31549
-25.15,-7.68101
-25.14,-7.05095
-25.13,-6.42491
-25.12,-5.80247
-25.12,-5.18326
-25.1,-4.5669
-25.08,-3.95303
-25.08,-3.3413
-25.08,-2.73136
-25.09,-2.12289
-25.08,-1.51555
-25.07,-0.90901
-25.06,-0.30295
-22.92,0.302949
-22.92,0.909006
-22.9,1.515545
-22.9,2.122888
-22.9,2.731362
-22.91,3.341297
-22.91,3.953028
-22.92,4.566898
-22.91,5.183259
-22.88,5.802471
-22.89,6.424907
-22.89,7.050952
-22.89,7.681006
-22.87,8.315488
-22.86,8.954834
-22.84,9.599501
-22.83,10.24997
-22.82,10.90676
-22.8,11.5704
-22.78,12.24148
-22.75,12.92059
-22.74,13.60841
-22.74,14.30563
-22.74,15.01303
-25.21,15.73141
-25.22,16.46168
-25.24,17.20481
-25.25,17.96188
-25.25,18.73404
-25.27,19.5226
-25.26,20.32899
-25.25,21.15481
-25.26,22.00185
-25.28,22.87213
-25.3,23.76793
-25.3,24.69184
-25.32,25.64687
-25.34,26.63647
-25.34,27.66467
-25.46,28.73624
-25.24,29.85687
-25.42,31.03341
-25.44,32.27427
-25.53,33.58996
-25.59,34.99383
-25.32,36.50335
-25.32,38.14207
-25.32,39.94304
-23.36,-39.943
-23.38,-38.1421
-23.4,-36.5034
-23.36,-34.9938
-23.49,-33.59
-23.47,-32.2743
-23.48,-31.0334
-23.48,-29.8569
-23.5,-28.7362
-23.46,-27.6647
-23.47,-26.6365
-23.48,-25.6469
-23.48,-24.6918
-23.49,-23.7679
-23.48,-22.8721
-23.48,-22.0019
-23.48,-21.1548
-23.48,-20.329
-23.46,-19.5226
-23.47,-18.734
-23.46,-17.9619
-23.45,-17.2048
-23.45,-16.4617
-23.45,-15.7314
-25.88,-15.013
-25.85,-14.3056
-25.82,-13.6084
-25.79,-12.9206
-25.77,-12.2415
-25.76,-11.5704
-25.73,-10.9068
-25.71,-10.25
-25.7,-9.5995
-25.7,-8.95483
-25.69,-8.31549
-25.67,-7.68101
-25.66,-7.05095
-25.65,-6.42491
-25.64,-5.80247
-25.64,-5.18326
-25.62,-4.5669
-25.6,-3.95303
-25.6,-3.3413
-25.6,-2.73136
-25.61,-2.12289
-25.6,-1.51555
-25.59,-0.90901
-25.58,-0.30295
-23.44,0.302949
-23.44,0.909006
-23.42,1.515545
-23.42,2.122888
-23.42,2.731362
-23.43,3.341297
-23.43,3.953028
-23.44,4.566898
-23.43,5.183259
-23.4,5.802471
-23.41,6.424907
-23.41,7.050952
-23.41,7.681006
-23.39,8.315488
-23.38,8.954834
-23.36,9.599501
-23.35,10.24997
-23.34,10.90676
-23.32,11.5704
-23.3,12.24148
-23.27,12.92059
-23.26,13.60841
-23.26,14.30563
-23.26,15.01303
-25.73,15.73141
-25.74,16.46168
-25.76,17.20481
-25.77,17.96188
-25.77,18.73404
-25.79,19.5226
-25.78,20.32899
-25.77,21.15481
-25.78,22.00185
-25.8,22.87213
-25.82,23.76793
-25.82,24.69184
-25.84,25.64687
-25.86,26.63647
-25.86,27.66467
-25.98,28.73624
-25.76,29.85687
-25.94,31.03341
-25.96,32.27427
-26.05,33.58996
-26.11,34.99383
-25.84,36.50335
-25.84,38.14207
-25.84,39.94304
-23.88,-39.943
-23.9,-38.1421
-23.92,-36.5034
-23.88,-34.9938
-24.01,-33.59
-23.99,-32.2743
-24.0,-31.0334
-24.0,-29.8569
-24.02,-28.7362
-23.98,-27.6647
-23.99,-26.6365
-24.0,-25.6469
-24.0,-24.6918
-24.01,-23.7679
-24.0,-22.8721
-24.0,-22.0019
-24.0,-21.1548
-24.0,-20.329
-23.98,-19.5226
-23.99,-18.734
-23.98,-17.9619
-23.97,-17.2048
-23.97,-16.4617
-23.97,-15.7314
-26.4,-15.013
-26.37,-14.3056
-26.34,-13.6084
-26.31,-12.9206
-26.29,-12.2415
-26.28,-11.5704
-26.25,-10.9068
-26.23,-10.25
-26.22,-9.5995
-26.22,-8.95483
-26.21,-8.31549
-26.19,-7.68101
-26.18,-7.05095
-26.17,-6.42491
-26.16,-5.80247
-26.16,-5.18326
-26.14,-4.5669
-26.12,-3.95303
-26.12,-3.3413
-26.12,-2.73136
-26.13,-2.12289
-26.12,-1.51555
-26.11,-0.90901
-26.1,-0.30295
-23.96,0.302949
-23.96,0.909006
-23.94,1.515545
-23.94,2.122888
-23.94,2.731362
-23.95,3.341297
-23.95,3.953028
-23.96,4.566898
-23.95,5.183259
-23.92,5.802471
-23.93,6.424907
-23.93,7.050952
-23.93,7.681006
-23.91,8.315488
-23.9,8.954834
-23.88,9.599501
-23.87,10.24997
-23.86,10.90676
-23.84,11.5704
-23.82,12.24148
-23.79,12.92059
-23.78,13.60841
-23.78,14.30563
-23.78,15.01303
-26.25,15.73141
-26.26,16.46168
-26.28,17.20481
-26.29,17.96188
-26.29,18.73404
-26.31,19.5226
-26.3,20.32899
-26.29,21.15481
-26.3,22.00185
-26.32,22.87213
-26.34,23.76793
-26.34,24.69184
-26.36,25.64687
-26.38,26.63647
-26.38,27.66467
-26.5,28.73624
-26.28,29.85687
-26.46,31.03341
-26.48,32.27427
-26.57,33.58996
-26.63,34.99383
-26.36,36.50335
-26.36,38.14207
-26.36,39.94304
-24.39,-39.943
-24.41,-38.1421
-24.43,-36.5034
-24.39,-34.9938
-24.52,-33.59
-24.5,-32.2743
-24.51,-31.0334
-24.51,-29.8569
-24.53,-28.7362
-24.49,-27.6647
-24.5,-26.6365
-24.51,-25.6469
-24.51,-24.6918
-24.52,-23.7679
-24.51,-22.8721
-24.51,-22.0019
-24.51,-21.1548
-24.51,-20.329
-24.49,-19.5226
-24.5,-18.734
-24.49,-17.9619
-24.48,-17.2048
-24.48,-16.4617
-24.48,-15.7314
-26.91,-15.013
-26.88,-14.3056
-26.85,-13.6084
-26.82,-12.9206
-26.8,-12.2415
-26.79,-11.5704
-26.76,-10.9068
-26.74,-10.25
-26.73,-9.5995
-26.73,-8.95483
-26.72,-8.31549
-26.7,-7.68101
-26.69,-7.05095
-26.68,-6.42491
-26.67,-5.80247
-26.67,-5.18326
-26.65,-4.5669
-26.63,-3.95303
-26.63,-3.3413
-26.63,-2.73136
-26.64,-2.12289
-26.63,-1.51555
-26.62,-0.90901
-26.61,-0.30295
-24.47,0.302949
-24.47,0.909006
-24.45,1.515545
-24.45,2.122888
-24.45,2.731362
-24.46,3.341297
-24.46,3.953028
-24.47,4.566898
-24.46,5.183259
-24.43,5.802471
-24.44,6.424907
-24.44,7.050952
-24.44,7.681006
-24.42,8.315488
-24.41,8.954834
-24.39,9.599501
-24.38,10.24997
-24.37,10.90676
-24.35,11.5704
-24.33,12.24148
-24.3,12.92059
-24.29,13.60841
-24.29,14.30563
-24.29,15.01303
-26.76,15.73141
-26.77,16.46168
-26.79,17.20481
-26.8,17.96188
-26.8,18.73404
-26.82,19.5226
-26.81,20.32899
-26.8,21.15481
-26.81,22.00185
-26.83,22.87213
-26.85,23.76793
-26.85,24.69184
-26.87,25.64687
-26.89,26.63647
-26.89,27.66467
-27.01,28.73624
-26.79,29.85687
-26.97,31.03341
-26.99,32.27427
-27.08,33.58996
-27.14,34.99383
-26.87,36.50335
-26.87,38.14207
-26.87,39.94304
-24.91,-39.943
-24.93,-38.1421
-24.95,-36.5034
-24.91,-34.9938
-25.04,-33.59
-25.02,-32.2743
-25.03,-31.0334
-25.03,-29.8569
-25.05,-28.7362
-25.01,-27.6647
-25.02,-26.6365
-25.03,-25.6469
-25.03,-24.6918
-25.04,-23.7679
-25.03,-22.8721
-25.03,-22.0019
-25.03,-21.1548
-25.03,-20.329
-25.01,-19.5226
-25.02,-18.734
-25.01,-17.9619
-25.0,-17.2048
-25.0,-16.4617
-25.0,-15.7314
-27.43,-15.013
-27.4,-14.3056
-27.37,-13.6084
-27.34,-12.9206
-27.32,-12.2415
-27.31,-11.5704
-27.28,-10.9068
-27.26,-10.25
-27.25,-9.5995
-27.25,-8.95483
-27.24,-8.31549
-27.22,-7.68101
-27.21,-7.05095
-27.2,-6.42491
-27.19,-5.80247
-27.19,-5.18326
-27.17,-4.5669
-27.15,-3.95303
-27.15,-3.3413
-27.15,-2.73136
-27.16,-2.12289
-27.15,-1.51555
-27.14,-0.90901
-27.13,-0.30295
-24.99,0.302949
-24.99,0.909006
-24.97,1.515545
-24.97,2.122888
-24.97,2.731362
-24.98,3.341297
-24.98,3.953028
-24.99,4.566898
-24.98,5.183259
-24.95,5.802471
-24.96,6.424907
-24.96,7.050952
-24.96,7.681006
-24.94,8.315488
-24.93,8.954834
-24.91,9.599501
-24.9,10.24997
-24.89,10.90676
-24.87,11.5704
-24.85,12.24148
-24.82,12.92059
-24.81,13.60841
-24.81,14.30563
-24.81,15.01303
-27.28,15.73141
-27.29,16.46168
-27.31,17.20481
-27.32,17.96188
-27.32,18.73404
-27.34,19.5226
-27.33,20.32899
-27.32,21.15481
-27.33,22.00185
-27.35,22.87213
-27.37,23.76793
-27.37,24.69184
-27.39,25.64687
-27.41,26.63647
-27.41,27.66467
-27.53,28.73624
-27.31,29.85687
-27.49,31.03341
-27.51,32.27427
-27.6,33.58996
-27.66,34.99383
-27.39,36.50335
-27.39,38.14207
-27.39,39.94304
-25.42,-39.943
-25.44,-38.1421
-25.46,-36.5034
-25.42,-34.9938
-25.55,-33.59
-25.53,-32.2743
-25.54,-31.0334
-25.54,-29.8569
-25.56,-28.7362
-25.52,-27.6647
-25.53,-26.6365
-25.54,-25.6469
-25.54,-24.6918
-25.55,-23.7679
-25.54,-22.8721
-25.54,-22.0019
-25.54,-21.1548
-25.54,-20.329
-25.52,-19.5226
-25.53,-18.734
-25.52,-17.9619
-25.51,-17.2048
-25.51,-16.4617
-25.51,-15.7314
-27.94,-15.013
-27.91,-14.3056
-27.88,-13.6084
-27.85,-12.9206
-27.83,-12.2415
-27.82,-11.5704
-27.79,-10.9068
-27.77,-10.25
-27.76,-9.5995
-27.76,-8.95483
-27.75,-8.31549
-27.73,-7.68101
-27.72,-7.05095
-27.71,-6.42491
-27.7,-5.80247
-27.7,-5.18326
-27.68,-4.5669
-27.66,-3.95303
-27.66,-3.3413
-27.66,-2.73136
-27.67,-2.12289
-27.66,-1.51555
-27.65,-0.90901
-27.64,-0.30295
-25.5,0.302949
-25.5,0.909006
-25.48,1.515545
-25.48,2.122888
-25.48,2.731362
-25.49,3.341297
-25.49,3.953028
-25.5,4.566898
-25.49,5.183259
-25.46,5.802471
-25.47,6.424907
-25.47,7.050952
-25.47,7.681006
-25.45,8.315488
-25.44,8.954834
-25.42,9.599501
-25.41,10.24997
-25.4,10.90676
-25.38,11.5704
-25.36,12.24148
-25.33,12.92059
-25.32,13.60841
-25.32,14.30563
-25.32,15.01303
-27.79,15.73141
-27.8,16.46168
-27.82,17.20481
-27.83,17.96188
-27.83,18.73404
-27.85,19.5226
-27.84,20.32899
-27.83,21.15481
-27.84,22.00185
-27.86,22.87213
-27.88,23.76793
-27.88,24.69184
-27.9,25.64687
-27.92,26.63647
-27.92,27.66467
-28.04,28.73624
-27.82,29.85687
-28.0,31.03341
-28.02,32.27427
-28.11,33.58996
-28.17,34.99383
-27.9,36.50335
-27.9,38.14207
-27.9,39.94304
-25.94,-39.943
-25.96,-38.1421
-25.98,-36.5034
-25.94,-34.9938
-26.07,-33.59
-26.05,-32.2743
-26.06,-31.0334
-26.06,-29.8569
-26.08,-28.7362
-26.04,-27.6647
-26.05,-26.6365
-26.06,-25.6469
-26.06,-24.6918
-26.07,-23.7679
-26.06,-22.8721
-26.06,-22.0019
-26.06,-21.1548
-26.06,-20.329
-26.04,-19.5226
-26.05,-18.734
-26.04,-17.9619
-26.03,-17.2048
-26.03,-16.4617
-26.03,-15.7314
-28.46,-15.013
-28.43,-14.3056
-28.4,-13.6084
-28.37,-12.9206
-28.35,-12.2415
-28.34,-11.5704
-28.31,-10.9068
-28.29,-10.25
-28.28,-9.5995
-28.28,-8.95483
-28.27,-8.31549
-28.25,-7.68101
-28.24,-7.05095
-28.23,-6.42491
-28.22,-5.80247
-28.22,-5.18326
-28.2,-4.5669
-28.18,-3.95303
-28.18,-3.3413
-28.18,-2.73136
-28.19,-2.12289
-28.18,-1.51555
-28.17,-0.90901
-28.16,-0.30295
-26.02,0.302949
-26.02,0.909006
-26.0,1.515545
-26.0,2.122888
-26.0,2.731362
-26.01,3.341297
-26.01,3.953028
-26.02,4.566898
-26.01,5.183259
-25.98,5.802471
-25.99,6.424907
-25.99,7.050952
-25.99,7.681006
-25.97,8.315488
-25.96,8.954834
-25.94,9.599501
-25.93,10.24997
-25.92,10.90676
-25.9,11.5704
-25.88,12.24148
-25.85,12.92059
-25.84,13.60841
-25.84,14.30563
-25.84,15.01303
-28.31,15.73141
-28.32,16.46168
-28.34,17.20481
-28.35,17.96188
-28.35,18.73404
-28.37,19.5226
-28.36,20.32899
-28.35,21.15481
-28.36,22.00185
-28.38,22.87213
-28.4,23.76793
-28.4,24.69184
-28.42,25.64687
-28.44,26.63647
-28.44,27.66467
-28.56,28.73624
-28.34,29.85687
-28.52,31.03341
-28.54,32.27427
-28.63,33.58996
-28.69,34.99383
-28.42,36.50335
-28.42,38.14207
-28.42,39.94304
-26.46,-39.943
-26.48,-38.1421
-26.5,-36.5034
-26.46,-34.9938
-26.59,-33.59
-26.57,-32.2743
-26.58,-31.0334
-26.58,-29.8569
-26.6,-28.7362
-26.56,-27.6647
-26.57,-26.6365
-26.58,-25.6469
-26.58,-24.6918
-26.59,-23.7679
-26.58,-22.8721
-26.58,-22.0019
-26.58,-21.1548
-26.58,-20.329
-26.56,-19.5226
-26.57,-18.734
-26.56,-17.9619
-26.55,-17.2048
-26.55,-16.4617
-26.55,-15.7314
-28.98,-15.013
-28.95,-14.3056
-28.92,-13.6084
-28.89,-12.9206
-28.87,-12.2415
-28.86,-11.5704
-28.83,-10.9068
-28.81,-10.25
-28.8,-9.5995
-28.8,-8.95483
-28.79,-8.31549
-28.77,-7.68101
-28.76,-7.05095
-28.75,-6.42491
-28.74,-5.80247
-28.74,-5.18326
-28.72,-4.5669
-28.7,-3.95303
-28.7,-3.3413
-28.7,-2.73136
-28.71,-2.12289
-28.7,-1.51555
-28.69,-0.90901
-28.68,-0.30295
-26.54,0.302949
-26.54,0.909006
-26.52,1.515545
-26.52,2.122888
-26.52,2.731362
-26.53,3.341297
-26.53,3.953028
-26.54,4.566898
-26.53,5.183259
-26.5,5.802471
-26.51,6.424907
-26.51,7.050952
-26.51,7.681006
-26.49,8.315488
-26.48,8.954834
-26.46,9.599501
-26.45,10.24997
-26.44,10.90676
-26.42,11.5704
-26.4,12.24148
-26.37,12.92059
-26.36,13.60841
-26.36,14.30563
-26.36,15.01303
-28.83,15.73141
-28.84,16.46168
-28.86,17.20481
-28.87,17.96188
-28.87,18.73404
-28.89,19.5226
-28.88,20.32899
-28.87,21.15481
-28.88,22.00185
-28.9,22.87213
-28.92,23.76793
-28.92,24.69184
-28.94,25.64687
-28.96,26.63647
-28.96,27.66467
-29.08,28.73624
-28.86,29.85687
-29.04,31.03341
-29.06,32.27427
-29.15,33.58996
-29.21,34.99383
-28.94,36.50335
-28.94,38.14207
-28.94,39.94304
-26.97,-39.943
-26.99,-38.1421
-27.01,-36.5034
-26.97,-34.9938
-27.1,-33.59
-27.08,-32.2743
-27.09,-31.0334
-27.09,-29.8569
-27.11,-28.7362
-27.07,-27.6647
-27.08,-26.6365
-27.09,-25.6469
-27.09,-24.6918
-27.1,-23.7679
-27.09,-22.8721
-27.09,-22.0019
-27.09,-21.1548
-27.09,-20.329
-27.07,-19.5226
-27.08,-18.734
-27.07,-17.9619
-27.06,-17.2048
-27.06,-16.4617
-27.06,-15.7314
-29.49,-15.013
-29.46,-14.3056
-29.43,-13.6084
-29.4,-12.9206
-29.38,-12.2415
-29.37,-11.5704
-29.34,-10.9068
-29.32,-10.25
-29.31,-9.5995
-29.31,-8.95483
-29.3,-8.31549
-29.28,-7.68101
-29.27,-7.05095
-29.26,-6.42491
-29.25,-5.80247
-29.25,-5.18326
-29.23,-4.5669
-29.21,-3.95303
-29.21,-3.3413
-29.21,-2.73136
-29.22,-2.12289
-29.21,-1.51555
-29.2,-0.90901
-29.19,-0.30295
-27.05,0.302949
-27.05,0.909006
-27.03,1.515545
-27.03,2.122888
-27.03,2.731362
-27.04,3.341297
-27.04,3.953028
-27.05,4.566898
-27.04,5.183259
-27.01,5.802471
-27.02,6.424907
-27.02,7.050952
-27.02,7.681006
-27.0,8.315488
-26.99,8.954834
-26.97,9.599501
-26.96,10.24997
-26.95,10.90676
-26.93,11.5704
-26.91,12.24148
-26.88,12.92059
-26.87,13.60841
-26.87,14.30563
-26.87,15.01303
-29.34,15.73141
-29.35,16.46168
-29.37,17.20481
-29.38,17.96188
-29.38,18.73404
-29.4,19.5226
-29.39,20.32899
-29.38,21.15481
-29.39,22.00185
-29.41,22.87213
-29.43,23.76793
-29.43,24.69184
-29.45,25.64687
-29.47,26.63647
-29.47,27.66467
-29.59,28.73624
-29.37,29.85687
-29.55,31.03341
-29.57,32.27427
-29.66,33.58996
-29.72,34.99383
-29.45,36.50335
-29.45,38.14207
-29.45,39.94304
-27.49,-39.943
-27.51,-38.1421
-27.53,-36.5034
-27.49,-34.9938
-27.62,-33.59
-27.6,-32.2743
-27.61,-31.0334
-27.61,-29.8569
-27.63,-28.7362
-27.59,-27.6647
-27.6,-26.6365
-27.61,-25.6469
-27.61,-24.6918
-27.62,-23.7679
-27.61,-22.8721
-27.61,-22.0019
-27.61,-21.1548
-27.61,-20.329
-27.59,-19.5226
-27.6,-18.734
-27.59,-17.9619
-27.58,-17.2048
-27.58,-16.4617
-27.58,-15.7314
-30.01,-15.013
-29.98,-14.3056
-29.95,-13.6084
-29.92,-12.9206
-29.9,-12.2415
-29.89,-11.5704
-29.86,-10.9068
-29.84,-10.25
-29.83,-9.5995
-29.83,-8.95483
-29.82,-8.31549
-29.8,-7.68101
-29.79,-7.05095
-29.78,-6.42491
-29.77,-5.80247
-29.77,-5.18326
-29.75,-4.5669
-29.73,-3.95303
-29.73,-3.3413
-29.73,-2.73136
-29.74,-2.12289
-29.73,-1.51555
-29.72,-0.90901
-29.71,-0.30295
-27.57,0.302949
-27.57,0.909006
-27.55,1.515545
-27.55,2.122888
-27.55,2.731362
-27.56,3.341297
-27.56,3.953028
-27.57,4.566898
-27.56,5.183259
-27.53,5.802471
-27.54,6.424907
-27.54,7.050952
-27.54,7.681006
-27.52,8.315488
-27.51,8.954834
-27.49,9.599501
-27.48,10.24997
-27.47,10.90676
-27.45,11.5704
-27.43,12.24148
-27.4,12.92059
-27.39,13.60841
-27.39,14.30563
-27.39,15.01303
-29.86,15.73141
-29.87,16.46168
-29.89,17.20481
-29.9,17.96188
-29.9,18.73404
-29.92,19.5226
-29.91,20.32899
-29.9,21.15481
-29.91,22.00185
-29.93,22.87213
-29.95,23.76793
-29.95,24.69184
-29.97,25.64687
-29.99,26.63647
-29.99,27.66467
-30.11,28.73624
-29.89,29.85687
-30.07,31.03341
-30.09,32.27427
-30.18,33.58996
-30.24,34.99383
-29.97,36.50335
-29.97,38.14207
-29.97,39.94304
-28.0,-39.943
-28.02,-38.1421
-28.04,-36.5034
-28.0,-34.9938
-28.13,-33.59
-28.11,-32.2743
-28.12,-31.0334
-28.12,-29.8569
-28.14,-28.7362
-28.1,-27.6647
-28.11,-26.6365
-28.12,-25.6469
-28.12,-24.6918
-28.13,-23.7679
-28.12,-22.8721
-28.12,-22.0019
-28.12,-21.1548
-28.12,-20.329
-28.1,-19.5226
-28.11,-18.734
-28.1,-17.9619
-28.09,-17.2048
-28.09,-16.4617
-28.09,-15.7314
-30.52,-15.013
-30.49,-14.3056
-30.46,-13.6084
-30.43,-12.9206
-30.41,-12.2415
-30.4,-11.5704
-30.37,-10.9068
-30.35,-10.25
-30.34,-9.5995
-30.34,-8.95483
-30.33,-8.31549
-30.31,-7.68101
-30.3,-7.05095
-30.29,-6.42491
-30.28,-5.80247
-30.28,-5.18326
-30.26,-4.5669
-30.24,-3.95303
-30.24,-3.3413
-30.24,-2.73136
-30.25,-2.12289
-30.24,-1.51555
-30.23,-0.90901
-30.22,-0.30295
-28.08,0.302949
-28.08,0.909006
-28.06,1.515545
-28.06,2.122888
-28.06,2.731362
-28.07,3.341297
-28.07,3.953028
-28.08,4.566898
-28.07,5.183259
-28.04,5.802471
-28.05,6.424907
-28.05,7.050952
-28.05,7.681006
-28.03,8.315488
-28.02,8.954834
-28.0,9.599501
-27.99,10.24997
-27.98,10.90676
-27.96,11.5704
-27.94,12.24148
-27.91,12.92059
-27.9,13.60841
-27.9,14.30563
-27.9,15.01303
-30.37,15.73141
-30.38,16.46168
-30.4,17.20481
-30.41,17.96188
-30.41,18.73404
-30.43,19.5226
-30.42,20.32899
-30.41,21.15481
-30.42,22.00185
-30.44,22.87213
-30.46,23.76793
-30.46,24.69184
-30.48,25.64687
-30.5,26.63647
-30.5,27.66467
-30.62,28.73624
-30.4,29.85687
-30.58,31.03341
-30.6,32.27427
-30.69,33.58996
-30.75,34.99383
-30.48,36.50335
-30.48,38.14207
-30.48,39.94304
-28.52,-39.943
-28.54,-38.1421
-28.56,-36.5034
-28.52,-34.9938
-28.65,-33.59
-28.63,-32.2743
-28.64,-31.0334
-28.64,-29.8569
-28.66,-28.7362
-28.62,-27.6647
-28.63,-26.6365
-28.64,-25.6469
-28.64,-24.6918
-28.65,-23.7679
-28.64,-22.8721
-28.64,-22.0019
-28.64,-21.1548
-28.64,-20.329
-28.62,-19.5226
-28.63,-18.734
-28.62,-17.9619
-28.61,-17.2048
-28.61,-16.4617
-28.61,-15.7314
-31.04,-15.013
-31.01,-14.3056
-30.98,-13.6084
-30.95,-12.9206
-30.93,-12.2415
-30.92,-11.5704
-30.89,-10.9068
-30.87,-10.25
-30.86,-9.5995
-30.86,-8.95483
-30.85,-8.31549
-30.83,-7.68101
-30.82,-7.05095
-30.81,-6.42491
-30.8,-5.80247
-30.8,-5.18326
-30.78,-4.5669
-30.76,-3.95303
-30.76,-3.3413
-30.76,-2.73136
-30.77,-2.12289
-30.76,-1.51555
-30.75,-0.90901
-30.74,-0.30295
-28.6,0.302949
-28.6,0.909006
-28.58,1.515545
-28.58,2.122888
-28.58,2.731362
-28.59,3.341297
-28.59,3.953028
-28.6,4.566898
-28.59,5.183259
-28.56,5.802471
-28.57,6.424907
-28.57,7.050952
-28.57,7.681006
-28.55,8.315488
-28.54,8.954834
-28.52,9.599501
-28.51,10.24997
-28.5,10.90676
-28.48,11.5704
-28.46,12.24148
-28.43,12.92059
-28.42,13.60841
-28.42,14.30563
-28.42,15.01303
-30.89,15.73141
-30.9,16.46168
-30.92,17.20481
-30.93,17.96188
-30.93,18.73404
-30.95,19.5226
-30.94,20.32899
-30.93,21.15481
-30.94,22.00185
-30.96,22.87213
-30.98,23.76793
-30.98,24.69184
-31.0,25.64687
-31.02,26.63647
-31.02,27.66467
-31.14,28.73624
-30.92,29.85687
-31.1,31.03341
-31.12,32.27427
-31.21,33.58996
-31.27,34.99383
-31.0,36.50335
-31.0,38.14207
-31.0,39.94304
-29.04,-39.943
-29.06,-38.1421
-29.08,-36.5034
-29.04,-34.9938
-29.17,-33.59
-29.15,-32.2743
-29.16,-31.0334
-29.16,-29.8569
-29.18,-28.7362
-29.14,-27.6647
-29.15,-26.6365
-29.16,-25.6469
-29.16,-24.6918
-29.17,-23.7679
-29.16,-22.8721
-29.16,-22.0019
-29.16,-21.1548
-29.16,-20.329
-29.14,-19.5226
-29.15,-18.734
-29.14,-17.9619
-29.13,-17.2048
-29.13,-16.4617
-29.13,-15.7314
-31.56,-15.013
-31.53,-14.3056
-31.5,-13.6084
-31.47,-12.9206
-31.45,-12.2415
-31.44,-11.5704
-31.41,-10.9068
-31.39,-10.25
-31.38,-9.5995
-31.38,-8.95483
-31.37,-8.31549
-31.35,-7.68101
-31.34,-7.05095
-31.33,-6.42491
-31.32,-5.80247
-31.32,-5.18326
-31.3,-4.5669
-31.28,-3.95303
-31.28,-3.3413
-31.28,-2.73136
-31.29,-2.12289
-31.28,-1.51555
-31.27,-0.90901
-31.26,-0.30295
-29.12,0.302949
-29.12,0.909006
-29.1,1.515545
-29.1,2.122888
-29.1,2.731362
-29.11,3.341297
-29.11,3.953028
-29.12,4.566898
-29.11,5.183259
-29.08,5.802471
-29.09,6.424907
-29.09,7.050952
-29.09,7.681006
-29.07,8.315488
-29.06,8.954834
-29.04,9.599501
-29.03,10.24997
-29.02,10.90676
-29.0,11.5704
-28.98,12.24148
-28.95,12.92059
-28.94,13.60841
-28.94,14.30563
-28.94,15.01303
-31.41,15.73141
-31.42,16.46168
-31.44,17.20481
-31.45,17.96188
-31.45,18.73404
-31.47,19.5226
-31.46,20.32899
-31.45,21.15481
-31.46,22.00185
-31.48,22.87213
-31.5,23.76793
-31.5,24.69184
-31.52,25.64687
-31.54,26.63647
-31.54,27.66467
-31.66,28.73624
-31.44,29.85687
-31.62,31.03341
-31.64,32.27427
-31.73,33.58996
-31.79,34.99383
-31.52,36.50335
-31.52,38.14207
-31.52,39.94304
-29.55,-39.943
-29.57,-38.1421
-29.59,-36.5034
-29.55,-34.9938
-29.68,-33.59
-29.66,-32.2743
-29.67,-31.0334
-29.67,-29.8569
-29.69,-28.7362
-29.65,-27.6647
-29.66,-26.6365
-29.67,-25.6469
-29.67,-24.6918
-29.68,-23.7679
-29.67,-22.8721
-29.67,-22.0019
-29.67,-21.1548
-29.67,-20.329
-29.65,-19.5226
-29.66,-18.734
-29.65,-17.9619
-29.64,-17.2048
-29.64,-16.4617
-29.64,-15.7314
-32.07,-15.013
-32.04,-14.3056
-32.01,-13.6084
-31.98,-12.9206
-31.96,-12.2415
-31.95,-11.5704
-31.92,-10.9068
-31.9,-10.25
-31.89,-9.5995
-31.89,-8.95483
-31.88,-8.31549
-31.86,-7.68101
-31.85,-7.05095
-31.84,-6.42491
-31.83,-5.80247
-31.83,-5.18326
-31.81,-4.5669
-31.79,-3.95303
-31.79,-3.3413
-31.79,-2.73136
-31.8,-2.12289
-31.79,-1.51555
-31.78,-0.90901
-31.77,-0.30295
-29.63,0.302949
-29.63,0.909006
-29.61,1.515545
-29.61,2.122888
-29.61,2.731362
-29.62,3.341297
-29.62,3.953028
-29.63,4.566898
-29.62,5.183259
-29.59,5.802471
-29.6,6.424907
-29.6,7.050952
-29.6,7.681006
-29.58,8.315488
-29.57,8.954834
-29.55,9.599501
-29.54,10.24997
-29.53,10.90676
-29.51,11.5704
-29.49,12.24148
-29.46,12.92059
-29.45,13.60841
-29.45,14.30563
-29.45,15.01303
-31.92,15.73141
-31.93,16.46168
-31.95,17.20481
-31.96,17.96188
-31.96,18.73404
-31.98,19.5226
-31.97,20.32899
-31.96,21.15481
-31.97,22.00185
-31.99,22.87213
-32.01,23.76793
-32.01,24.69184
-32.03,25.64687
-32.05,26.63647
-32.05,27.66467
-32.17,28.73624
-31.95,29.85687
-32.13,31.03341
-32.15,32.27427
-32.24,33.58996
-32.3,34.99383
-32.03,36.50335
-32.03,38.14207
-32.03,39.94304
-30.07,-39.943
-30.09,-38.1421
-30.11,-36.5034
-30.07,-34.9938
-30.2,-33.59
-30.18,-32.2743
-30.19,-31.0334
-30.19,-29.8569
-30.21,-28.7362
-30.17,-27.6647
-30.18,-26.6365
-30.19,-25.6469
-30.19,-24.6918
-30.2,-23.7679
-30.19,-22.8721
-30.19,-22.0019
-30.19,-21.1548
-30.19,-20.329
-30.17,-19.5226
-30.18,-18.734
-30.17,-17.9619
-30.16,-17.2048
-30.16,-16.4617
-30.16,-15.7314
-32.59,-15.013
-32.56,-14.3056
-32.53,-13.6084
-32.5,-12.9206
-32.48,-12.2415
-32.47,-11.5704
-32.44,-10.9068
-32.42,-10.25
-32.41,-9.5995
-32.41,-8.95483
-32.4,-8.31549
-32.38,-7.68101
-32.37,-7.05095
-32.36,-6.42491
-32.35,-5.80247
-32.35,-5.18326
-32.33,-4.5669
-32.31,-3.95303
-32.31,-3.3413
-32.31,-2.73136
-32.32,-2.12289
-32.31,-1.51555
-32.3,-0.90901
-32.29,-0.30295
-30.15,0.302949
-30.15,0.909006
-30.13,1.515545
-30.13,2.122888
-30.13,2.731362
-30.14,3.341297
-30.14,3.953028
-30.15,4.566898
-30.14,5.183259
-30.11,5.802471
-30.12,6.424907
-30.12,7.050952
-30.12,7.681006
-30.1,8.315488
-30.09,8.954834
-30.07,9.599501
-30.06,10.24997
-30.05,10.90676
-30.03,11.5704
-30.01,12.24148
-29.98,12.92059
-29.97,13.60841
-29.97,14.30563
-29.97,15.01303
-32.44,15.73141
-32.45,16.46168
-32.47,17.20481
-32.48,17.96188
-32.48,18.73404
-32.5,19.5226
-32.49,20.32899
-32.48,21.15481
-32.49,22.00185
-32.51,22.87213
-32.53,23.76793
-32.53,24.69184
-32.55,25.64687
-32.57,26.63647
-32.57,27.66467
-32.69,28.73624
-32.47,29.85687
-32.65,31.03341
-32.67,32.27427
-32.76,33.58996
-32.82,34.99383
-32.55,36.50335
-32.55,38.14207
-32.55,39.94304
-30.58,-39.943
-30.6,-38.1421
-30.62,-36.5034
-30.58,-34.9938
-30.71,-33.59
-30.69,-32.2743
-30.7,-31.0334
-30.7,-29.8569
-30.72,-28.7362
-30.68,-27.6647
-30.69,-26.6365
-30.7,-25.6469
-30.7,-24.6918
-30.71,-23.7679
-30.7,-22.8721
-30.7,-22.0019
-30.7,-21.1548
-30.7,-20.329
-30.68,-19.5226
-30.69,-18.734
-30.68,-17.9619
-30.67,-17.2048
-30.67,-16.4617
-30.67,-15.7314
-33.1,-15.013
-33.07,-14.3056
-33.04,-13.6084
-33.01,-12.9206
-32.99,-12.2415
-32.98,-11.5704
-32.95,-10.9068
-32.93,-10.25
-32.92,-9.5995
-32.92,-8.95483
-32.91,-8.31549
-32.89,-7.68101
-32.88,-7.05095
-32.87,-6.42491
-32.86,-5.80247
-32.86,-5.18326
-32.84,-4.5669
-32.82,-3.95303
-32.82,-3.3413
-32.82,-2.73136
-32.83,-2.12289
-32.82,-1.51555
-32.81,-0.90901
-32.8,-0.30295
-30.66,0.302949
-30.66,0.909006
-30.64,1.515545
-30.64,2.122888
-30.64,2.731362
-30.65,3.341297
-30.65,3.953028
-30.66,4.566898
-30.65,5.183259
-30.62,5.802471
-30.63,6.424907
-30.63,7.050952
-30.63,7.681006
-30.61,8.315488
-30.6,8.954834
-30.58,9.599501
-30.57,10.24997
-30.56,10.90676
-30.54,11.5704
-30.52,12.24148
-30.49,12.92059
-30.48,13.60841
-30.48,14.30563
-30.48,15.01303
-32.95,15.73141
-32.96,16.46168
-32.98,17.20481
-32.99,17.96188
-32.99,18.73404
-33.01,19.5226
-33.0,20.32899
-32.99,21.15481
-33.0,22.00185
-33.02,22.87213
-33.04,23.76793
-33.04,24.69184
-33.06,25.64687
-33.08,26.63647
-33.08,27.66467
-33.2,28.73624
-32.98,29.85687
-33.16,31.03341
-33.18,32.27427
-33.27,33.58996
-33.33,34.99383
-33.06,36.50335
-33.06,38.14207
-33.06,39.94304
-31.1,-39.943
-31.12,-38.1421
-31.14,-36.5034
-31.1,-34.9938
-31.23,-33.59
-31.21,-32.2743
-31.22,-31.0334
-31.22,-29.8569
-31.24,-28.7362
-31.2,-27.6647
-31.21,-26.6365
-31.22,-25.6469
-31.22,-24.6918
-31.23,-23.7679
-31.22,-22.8721
-31.22,-22.0019
-31.22,-21.1548
-31.22,-20.329
-31.2,-19.5226
-31.21,-18.734
-31.2,-17.9619
-31.19,-17.2048
-31.19,-16.4617
-31.19,-15.7314
-33.62,-15.013
-33.59,-14.3056
-33.56,-13.6084
-33.53,-12.9206
-33.51,-12.2415
-33.5,-11.5704
-33.47,-10.9068
-33.45,-10.25
-33.44,-9.5995
-33.44,-8.95483
-33.43,-8.31549
-33.41,-7.68101
-33.4,-7.05095
-33.39,-6.42491
-33.38,-5.80247
-33.38,-5.18326
-33.36,-4.5669
-33.34,-3.95303
-33.34,-3.3413
-33.34,-2.73136
-33.35,-2.12289
-33.34,-1.51555
-33.33,-0.90901
-33.32,-0.30295
-31.18,0.302949
-31.18,0.909006
-31.16,1.515545
-31.16,2.122888
-31.16,2.731362
-31.17,3.341297
-31.17,3.953028
-31.18,4.566898
-31.17,5.183259
-31.14,5.802471
-31.15,6.424907
-31.15,7.050952
-31.15,7.681006
-31.13,8.315488
-31.12,8.954834
-31.1,9.599501
-31.09,10.24997
-31.08,10.90676
-31.06,11.5704
-31.04,12.24148
-31.01,12.92059
-31.0,13.60841
-31.0,14.30563
-31.0,15.01303
-33.47,15.73141
-33.48,16.46168
-33.5,17.20481
-33.51,17.96188
-33.51,18.73404
-33.53,19.5226
-33.52,20.32899
-33.51,21.15481
-33.52,22.00185
-33.54,22.87213
-33.56,23.76793
-33.56,24.69184
-33.58,25.64687
-33.6,26.63647
-33.6,27.66467
-33.72,28.73624
-33.5,29.85687
-33.68,31.03341
-33.7,32.27427
-33.79,33.58996
-33.85,34.99383
-33.58,36.50335
-33.58,38.14207
-33.58,39.94304
-31.62,-39.943
-31.64,-38.1421
-31.66,-36.5034
-31.62,-34.9938
-31.75,-33.59
-31.73,-32.2743
-31.74,-31.0334
-31.74,-29.8569
-31.76,-28.7362
-31.72,-27.6647
-31.73,-26.6365
-31.74,-25.6469
-31.74,-24.6918
-31.75,-23.7679
-31.74,-22.8721
-31.74,-22.0019
-31.74,-21.1548
-31.74,-20.329
-31.72,-19.5226
-31.73,-18.734
-31.72,-17.9619
-31.71,-17.2048
-31.71,-16.4617
-31.71,-15.7314
-34.14,-15.013
-34.11,-14.3056
-34.08,-13.6084
-34.05,-12.9206
-34.03,-12.2415
-34.02,-11.5704
-33.99,-10.9068
-33.97,-10.25
-33.96,-9.5995
-33.96,-8.95483
-33.95,-8.31549
-33.93,-7.68101
-33.92,-7.05095
-33.91,-6.42491
-33.9,-5.80247
-33.9,-5.18326
-33.88,-4.5669
-33.86,-3.95303
-33.86,-3.3413
-33.86,-2.73136
-33.87,-2.12289
-33.86,-1.51555
-33.85,-0.90901
-33.84,-0.30295
-31.7,0.302949
-31.7,0.909006
-31.68,1.515545
-31.68,2.122888
-31.68,2.731362
-31.69,3.341297
-31.69,3.953028
-31.7,4.566898
-31.69,5.183259
-31.66,5.802471
-31.67,6.424907
-31.67,7.050952
-31.67,7.681006
-31.65,8.315488
-31.64,8.954834
-31.62,9.599501
-31.61,10.24997
-31.6,10.90676
-31.58,11.5704
-31.56,12.24148
-31.53,12.92059
-31.52,13.60841
-31.52,14.30563
-31.52,15.01303
-33.99,15.73141
-34.0,16.46168
-34.02,17.20481
-34.03,17.96188
-34.03,18.73404
-34.05,19.5226
-34.04,20.32899
-34.03,21.15481
-34.04,22.00185
-34.06,22.87213
-34.08,23.76793
-34.08,24.69184
-34.1,25.64687
-34.12,26.63647
-34.12,27.66467
-34.24,28.73624
-34.02,29.85687
-34.2,31.03341
-34.22,32.27427
-34.31,33.58996
-34.37,34.99383
-34.1,36.50335
-34.1,38.14207
-34.1,39.94304
-32.13,-39.943
-32.15,-38.1421
-32.17,-36.5034
-32.13,-34.9938
-32.26,-33.59
-32.24,-32.2743
-32.25,-31.0334
-32.25,-29.8569
-32.27,-28.7362
-32.23,-27.6647
-32.24,-26.6365
-32.25,-25.6469
-32.25,-24.6918
-32.26,-23.7679
-32.25,-22.8721
-32.25,-22.0019
-32.25,-21.1548
-32.25,-20.329
-32.23,-19.5226
-32.24,-18.734
-32.23,-17.9619
-32.22,-17.2048
-32.22,-16.4617
-32.22,-15.7314
-34.65,-15.013
-34.62,-14.3056
-34.59,-13.6084
-34.56,-12.9206
-34.54,-12.2415
-34.53,-11.5704
-34.5,-10.9068
-34.48,-10.25
-34.47,-9.5995
-34.47,-8.95483
-34.46,-8.31549
-34.44,-7.68101
-34.43,-7.05095
-34.42,-6.42491
-34.41,-5.80247
-34.41,-5.18326
-34.39,-4.5669
-34.37,-3.95303
-34.37,-3.3413
-34.37,-2.73136
-34.38,-2.12289
-34.37,-1.51555
-34.36,-0.90901
-34.35,-0.30295
-32.21,0.302949
-32.21,0.909006
-32.19,1.515545
-32.19,2.122888
-32.19,2.731362
-32.2,3.341297
-32.2,3.953028
-32.21,4.566898
-32.2,5.183259
-32.17,5.802471
-32.18,6.424907
-32.18,7.050952
-32.18,7.681006
-32.16,8.315488
-32.15,8.954834
-32.13,9.599501
-32.12,10.24997
-32.11,10.90676
-32.09,11.5704
-32.07,12.24148
-32.04,12.92059
-32.03,13.60841
-32.03,14.30563
-32.03,15.01303
-34.5,15.73141
-34.51,16.46168
-34.53,17.20481
-34.54,17.96188
-34.54,18.73404
-34.56,19.5226
-34.55,20.32899
-34.54,21.15481
-34.55,22.00185
-34.57,22.87213
-34.59,23.76793
-34.59,24.69184
-34.61,25.64687
-34.63,26.63647
-34.63,27.66467
-34.75,28.73624
-34.53,29.85687
-34.71,31.03341
-34.73,32.27427
-34.82,33.58996
-34.88,34.99383
-34.61,36.50335
-34.61,38.14207
-34.61,39.94304
-32.65,-39.943
-32.67,-38.1421
-32.69,-36.5034
-32.65,-34.9938
-32.78,-33.59
-32.76,-32.2743
-32.77,-31.0334
-32.77,-29.8569
-32.79,-28.7362
-32.75,-27.6647
-32.76,-26.6365
-32.77,-25.6469
-32.77,-24.6918
-32.78,-23.7679
-32.77,-22.8721
-32.77,-22.0019
-32.77,-21.1548
-32.77,-20.329
-32.75,-19.5226
-32.76,-18.734
-32.75,-17.9619
-32.74,-17.2048
-32.74,-16.4617
-32.74,-15.7314
-35.17,-15.013
-35.14,-14.3056
-35.11,-13.6084
-35.08,-12.9206
-35.06,-12.2415
-35.05,-11.5704
-35.02,-10.9068
-35.0,-10.25
-34.99,-9.5995
-34.99,-8.95483
-34.98,-8.31549
-34.96,-7.68101
-34.95,-7.05095
-34.94,-6.42491
-34.93,-5.80247
-34.93,-5.18326
-34.91,-4.5669
-34.89,-3.95303
-34.89,-3.3413
-34.89,-2.73136
-34.9,-2.12289
-34.89,-1.51555
-34.88,-0.90901
-34.87,-0.30295
-32.73,0.302949
-32.73,0.909006
-32.71,1.515545
-32.71,2.122888
-32.71,2.731362
-32.72,3.341297
-32.72,3.953028
-32.73,4.566898
-32.72,5.183259
-32.69,5.802471
-32.7,6.424907
-32.7,7.050952
-32.7,7.681006
-32.68,8.315488
-32.67,8.954834
-32.65,9.599501
-32.64,10.24997
-32.63,10.90676
-32.61,11.5704
-32.59,12.24148
-32.56,12.92059
-32.55,13.60841
-32.55,14.30563
-32.55,15.01303
-35.02,15.73141
-35.03,16.46168
-35.05,17.20481
-35.06,17.96188
-35.06,18.73404
-35.08,19.5226
-35.07,20.32899
-35.06,21.15481
-35.07,22.00185
-35.09,22.87213
-35.11,23.76793
-35.11,24.69184
-35.13,25.64687
-35.15,26.63647
-35.15,27.66467
-35.27,28.73624
-35.05,29.85687
-35.23,31.03341
-35.25,32.27427
-35.34,33.58996
-35.4,34.99383
-35.13,36.50335
-35.13,38.14207
-35.13,39.94304
-33.16,-39.943
-33.18,-38.1421
-33.2,-36.5034
-33.16,-34.9938
-33.29,-33.59
-33.27,-32.2743
-33.28,-31.0334
-33.28,-29.8569
-33.3,-28.7362
-33.26,-27.6647
-33.27,-26.6365
-33.28,-25.6469
-33.28,-24.6918
-33.29,-23.7679
-33.28,-22.8721
-33.28,-22.0019
-33.28,-21.1548
-33.28,-20.329
-33.26,-19.5226
-33.27,-18.734
-33.26,-17.9619
-33.25,-17.2048
-33.25,-16.4617
-33.25,-15.7314
-35.68,-15.013
-35.65,-14.3056
-35.62,-13.6084
-35.59,-12.9206
-35.57,-12.2415
-35.56,-11.5704
-35.53,-10.9068
-35.51,-10.25
-35.5,-9.5995
-35.5,-8.95483
-35.49,-8.31549
-35.47,-7.68101
-35.46,-7.05095
-35.45,-6.42491
-35.44,-5.80247
-35.44,-5.18326
-35.42,-4.5669
-35.4,-3.95303
-35.4,-3.3413
-35.4,-2.73136
-35.41,-2.12289
-35.4,-1.51555
-35.39,-0.90901
-35.38,-0.30295
-33.24,0.302949
-33.24,0.909006
-33.22,1.515545
-33.22,2.122888
-33.22,2.731362
-33.23,3.341297
-33.23,3.953028
-33.24,4.566898
-33.23,5.183259
-33.2,5.802471
-33.21,6.424907
-33.21,7.050952
-33.21,7.681006
-33.19,8.315488
-33.18,8.954834
-33.16,9.599501
-33.15,10.24997
-33.14,10.90676
-33.12,11.5704
-33.1,12.24148
-33.07,12.92059
-33.06,13.60841
-33.06,14.30563
-33.06,15.01303
-35.53,15.73141
-35.54,16.46168
-35.56,17.20481
-35.57,17.96188
-35.57,18.73404
-35.59,19.5226
-35.58,20.32899
-35.57,21.15481
-35.58,22.00185
-35.6,22.87213
-35.62,23.76793
-35.62,24.69184
-35.64,25.64687
-35.66,26.63647
-35.66,27.66467
-35.78,28.73624
-35.56,29.85687
-35.74,31.03341
-35.76,32.27427
-35.85,33.58996
-35.91,34.99383
-35.64,36.50335
-35.64,38.14207
-35.64,39.94304
-33.68,-39.943
-33.7,-38.1421
-33.72,-36.5034
-33.68,-34.9938
-33.81,-33.59
-33.79,-32.2743
-33.8,-31.0334
-33.8,-29.8569
-33.82,-28.7362
-33.78,-27.6647
-33.79,-26.6365
-33.8,-25.6469
-33.8,-24.6918
-33.81,-23.7679
-33.8,-22.8721
-33.8,-22.0019
-33.8,-21.1548
-33.8,-20.329
-33.78,-19.5226
-33.79,-18.734
-33.78,-17.9619
-33.77,-17.2048
-33.77,-16.4617
-33.77,-15.7314
-36.2,-15.013
-36.17,-14.3056
-36.14,-13.6084
-36.11,-12.9206
-36.09,-12.2415
-36.08,-11.5704
-36.05,-10.9068
-36.03,-10.25
-36.02,-9.5995
-36.02,-8.95483
-36.01,-8.31549
-35.99,-7.68101
-35.98,-7.05095
-35.97,-6.42491
-35.96,-5.80247
-35.96,-5.18326
-35.94,-4.5669
-35.92,-3.95303
-35.92,-3.3413
-35.92,-2.73136
-35.93,-2.12289
-35.92,-1.51555
-35.91,-0.90901
-35.9,-0.30295
-33.76,0.302949
-33.76,0.909006
-33.74,1.515545
-33.74,2.122888
-33.74,2.731362
-33.75,3.341297
-33.75,3.953028
-33.76,4.566898
-33.75,5.183259
-33.72,5.802471
-33.73,6.424907
-33.73,7.050952
-33.73,7.681006
-33.71,8.315488
-33.7,8.954834
-33.68,9.599501
-33.67,10.24997
-33.66,10.90676
-33.64,11.5704
-33.62,12.24148
-33.59,12.92059
-33.58,13.60841
-33.58,14.30563
-33.58,15.01303
-36.05,15.73141
-36.06,16.46168
-36.08,17.20481
-36.09,17.96188
-36.09,18.73404
-36.11,19.5226
-36.1,20.32899
-36.09,21.15481
-36.1,22.00185
-36.12,22.87213
-36.14,23.76793
-36.14,24.69184
-36.16,25.64687
-36.18,26.63647
-36.18,27.66467
-36.3,28.73624
-36.08,29.85687
-36.26,31.03341
-36.28,32.27427
-36.37,33.58996
-36.43,34.99383
-36.16,36.50335
-36.16,38.14207
-36.16,39.94304
-34.2,-39.943
-34.22,-38.1421
-34.24,-36.5034
-34.2,-34.9938
-34.33,-33.59
-34.31,-32.2743
-34.32,-31.0334
-34.32,-29.8569
-34.34,-28.7362
-34.3,-27.6647
-34.31,-26.6365
-34.32,-25.6469
-34.32,-24.6918
-34.33,-23.7679
-34.32,-22.8721
-34.32,-22.0019
-34.32,-21.1548
-34.32,-20.329
-34.3,-19.5226
-34.31,-18.734
-34.3,-17.9619
-34.29,-17.2048
-34.29,-16.4617
-34.29,-15.7314
-36.72,-15.013
-36.69,-14.3056
-36.66,-13.6084
-36.63,-12.9206
-36.61,-12.2415
-36.6,-11.5704
-36.57,-10.9068
-36.55,-10.25
-36.54,-9.5995
-36.54,-8.95483
-36.53,-8.31549
-36.51,-7.68101
-36.5,-7.05095
-36.49,-6.42491
-36.48,-5.80247
-36.48,-5.18326
-36.46,-4.5669
-36.44,-3.95303
-36.44,-3.3413
-36.44,-2.73136
-36.45,-2.12289
-36.44,-1.51555
-36.43,-0.90901
-36.42,-0.30295
-34.28,0.302949
-34.28,0.909006
-34.26,1.515545
-34.26,2.122888
-34.26,2.731362
-34.27,3.341297
-34.27,3.953028
-34.28,4.566898
-34.27,5.183259
-34.24,5.802471
-34.25,6.424907
-34.25,7.050952
-34.25,7.681006
-34.23,8.315488
-34.22,8.954834
-34.2,9.599501
-34.19,10.24997
-34.18,10.90676
-34.16,11.5704
-34.14,12.24148
-34.11,12.92059
-34.1,13.60841
-34.1,14.30563
-34.1,15.01303
-36.57,15.73141
-36.58,16.46168
-36.6,17.20481
-36.61,17.96188
-36.61,18.73404
-36.63,19.5226
-36.62,20.32899
-36.61,21.15481
-36.62,22.00185
-36.64,22.87213
-36.66,23.76793
-36.66,24.69184
-36.68,25.64687
-36.7,26.63647
-36.7,27.66467
-36.82,28.73624
-36.6,29.85687
-36.78,31.03341
-36.8,32.27427
-36.89,33.58996
-36.95,34.99383
-36.68,36.50335
-36.68,38.14207
-36.68,39.94304
-34.71,-39.943
-34.73,-38.1421
-34.75,-36.5034
-34.71,-34.9938
-34.84,-33.59
-34.82,-32.2743
-34.83,-31.0334
-34.83,-29.8569
-34.85,-28.7362
-34.81,-27.6647
-34.82,-26.6365
-34.83,-25.6469
-34.83,-24.6918
-34.84,-23.7679
-34.83,-22.8721
-34.83,-22.0019
-34.83,-21.1548
-34.83,-20.329
-34.81,-19.5226
-34.82,-18.734
-34.81,-17.9619
-34.8,-17.2048
-34.8,-16.4617
-34.8,-15.7314
-37.23,-15.013
-37.2,-14.3056
-37.17,-13.6084
-37.14,-12.9206
-37.12,-12.2415
-37.11,-11.5704
-37.08,-10.9068
-37.06,-10.25
-37.05,-9.5995
-37.05,-8.95483
-37.04,-8.31549
-37.02,-7.68101
-37.01,-7.05095
-37.0,-6.42491
-36.99,-5.80247
-36.99,-5.18326
-36.97,-4.5669
-36.95,-3.95303
-36.95,-3.3413
-36.95,-2.73136
-36.96,-2.12289
-36.95,-1.51555
-36.94,-0.90901
-36.93,-0.30295
-34.79,0.302949
-34.79,0.909006
-34.77,1.515545
-34.77,2.122888
-34.77,2.731362
-34.78,3.341297
-34.78,3.953028
-34.79,4.566898
-34.78,5.183259
-34.75,5.802471
-34.76,6.424907
-34.76,7.050952
-34.76,7.681006
-34.74,8.315488
-34.73,8.954834
-34.71,9.599501
-34.7,10.24997
-34.69,10.90676
-34.67,11.5704
-34.65,12.24148
-34.62,12.92059
-34.61,13.60841
-34.61,14.30563
-34.61,15.01303
-37.08,15.73141
-37.09,16.46168
-37.11,17.20481
-37.12,17.96188
-37.12,18.73404
-37.14,19.5226
-37.13,20.32899
-37.12,21.15481
-37.13,22.00185
-37.15,22.87213
-37.17,23.76793
-37.17,24.69184
-37.19,25.64687
-37.21,26.63647
-37.21,27.66467
-37.33,28.73624
-37.11,29.85687
-37.29,31.03341
-37.31,32.27427
-37.4,33.58996
-37.46,34.99383
-37.19,36.50335
-37.19,38.14207
-37.19,39.94304
-35.23,-39.943
-35.25,-38.1421
-35.27,-36.5034
-35.23,-34.9938
-35.36,-33.59
-35.34,-32.2743
-35.35,-31.0334
-35.35,-29.8569
-35.37,-28.7362
-35.33,-27.6647
-35.34,-26.6365
-35.35,-25.6469
-35.35,-24.6918
-35.36,-23.7679
-35.35,-22.8721
-35.35,-22.0019
-35.35,-21.1548
-35.35,-20.329
-35.33,-19.5226
-35.34,-18.734
-35.33,-17.9619
-35.32,-17.2048
-35.32,-16.4617
-35.32,-15.7314
-37.75,-15.013
-37.72,-14.3056
-37.69,-13.6084
-37.66,-12.9206
-37.64,-12.2415
-37.63,-11.5704
-37.6,-10.9068
-37.58,-10.25
-37.57,-9.5995
-37.57,-8.95483
-37.56,-8.31549
-37.54,-7.68101
-37.53,-7.05095
-37.52,-6.42491
-37.51,-5.80247
-37.51,-5.18326
-37.49,-4.5669
-37.47,-3.95303
-37.47,-3.3413
-37.47,-2.73136
-37.48,-2.12289
-37.47,-1.51555
-37.46,-0.90901
-37.45,-0.30295
-35.31,0.302949
-35.31,0.909006
-35.29,1.515545
-35.29,2.122888
-35.29,2.731362
-35.3,3.341297
-35.3,3.953028
-35.31,4.566898
-35.3,5.183259
-35.27,5.802471
-35.28,6.424907
-35.28,7.050952
-35.28,7.681006
-35.26,8.315488
-35.25,8.954834
-35.23,9.599501
-35.22,10.24997
-35.21,10.90676
-35.19,11.5704
-35.17,12.24148
-35.14,12.92059
-35.13,13.60841
-35.13,14.30563
-35.13,15.01303
-37.6,15.73141
-37.61,16.46168
-37.63,17.20481
-37.64,17.96188
-37.64,18.73404
-37.66,19.5226
-37.65,20.32899
-37.64,21.15481
-37.65,22.00185
-37.67,22.87213
-37.69,23.76793
-37.69,24.69184
-37.71,25.64687
-37.73,26.63647
-37.73,27.66467
-37.85,28.73624
-37.63,29.85687
-37.81,31.03341
-37.83,32.27427
-37.92,33.58996
-37.98,34.99383
-37.71,36.50335
-37.71,38.14207
-37.71,39.94304
-35.74,-39.943
-35.76,-38.1421
-35.78,-36.5034
-35.74,-34.9938
-35.87,-33.59
-35.85,-32.2743
-35.86,-31.0334
-35.86,-29.8569
-35.88,-28.7362
-35.84,-27.6647
-35.85,-26.6365
-35.86,-25.6469
-35.86,-24.6918
-35.87,-23.7679
-35.86,-22.8721
-35.86,-22.0019
-35.86,-21.1548
-35.86,-20.329
-35.84,-19.5226
-35.85,-18.734
-35.84,-17.9619
-35.83,-17.2048
-35.83,-16.4617
-35.83,-15.7314
-38.26,-15.013
-38.23,-14.3056
-38.2,-13.6084
-38.17,-12.9206
-38.15,-12.2415
-38.14,-11.5704
-38.11,-10.9068
-38.09,-10.25
-38.08,-9.5995
-38.08,-8.95483
-38.07,-8.31549
-38.05,-7.68101
-38.04,-7.05095
-38.03,-6.42491
-38.02,-5.80247
-38.02,-5.18326
-38.0,-4.5669
-37.98,-3.95303
-37.98,-3.3413
-37.98,-2.73136
-37.99,-2.12289
-37.98,-1.51555
-37.97,-0.90901
-37.96,-0.30295
-35.82,0.302949
-35.82,0.909006
-35.8,1.515545
-35.8,2.122888
-35.8,2.731362
-35.81,3.341297
-35.81,3.953028
-35.82,4.566898
-35.81,5.183259
-35.78,5.802471
-35.79,6.424907
-35.79,7.050952
-35.79,7.681006
-35.77,8.315488
-35.76,8.954834
-35.74,9.599501
-35.73,10.24997
-35.72,10.90676
-35.7,11.5704
-35.68,12.24148
-35.65,12.92059
-35.64,13.60841
-35.64,14.30563
-35.64,15.01303
-38.11,15.73141
-38.12,16.46168
-38.14,17.20481
-38.15,17.96188
-38.15,18.73404
-38.17,19.5226
-38.16,20.32899
-38.15,21.15481
-38.16,22.00185
-38.18,22.87213
-38.2,23.76793
-38.2,24.69184
-38.22,25.64687
-38.24,26.63647
-38.24,27.66467
-38.36,28.73624
-38.14,29.85687
-38.32,31.03341
-38.34,32.27427
-38.43,33.58996
-38.49,34.99383
-38.22,36.50335
-38.22,38.14207
-38.22,39.94304
-36.26,-39.943
-36.28,-38.1421
-36.3,-36.5034
-36.26,-34.9938
-36.39,-33.59
-36.37,-32.2743
-36.38,-31.0334
-36.38,-29.8569
-36.4,-28.7362
-36.36,-27.6647
-36.37,-26.6365
-36.38,-25.6469
-36.38,-24.6918
-36.39,-23.7679
-36.38,-22.8721
-36.38,-22.0019
-36.38,-21.1548
-36.38,-20.329
-36.36,-19.5226
-36.37,-18.734
-36.36,-17.9619
-36.35,-17.2048
-36.35,-16.4617
-36.35,-15.7314
-38.78,-15.013
-38.75,-14.3056
-38.72,-13.6084
-38.69,-12.9206
-38.67,-12.2415
-38.66,-11.5704
-38.63,-10.9068
-38.61,-10.25
-38.6,-9.5995
-38.6,-8.95483
-38.59,-8.31549
-38.57,-7.68101
-38.56,-7.05095
-38.55,-6.42491
-38.54,-5.80247
-38.54,-5.18326
-38.52,-4.5669
-38.5,-3.95303
-38.5,-3.3413
-38.5,-2.73136
-38.51,-2.12289
-38.5,-1.51555
-38.49,-0.90901
-38.48,-0.30295
-36.34,0.302949
-36.34,0.909006
-36.32,1.515545
-36.32,2.122888
-36.32,2.731362
-36.33,3.341297
-36.33,3.953028
-36.34,4.566898
-36.33,5.183259
-36.3,5.802471
-36.31,6.424907
-36.31,7.050952
-36.31,7.681006
-36.29,8.315488
-36.28,8.954834
-36.26,9.599501
-36.25,10.24997
-36.24,10.90676
-36.22,11.5704
-36.2,12.24148
-36.17,12.92059
-36.16,13.60841
-36.16,14.30563
-36.16,15.01303
-38.63,15.73141
-38.64,16.46168
-38.66,17.20481
-38.67,17.96188
-38.67,18.73404
-38.69,19.5226
-38.68,20.32899
-38.67,21.15481
-38.68,22.00185
-38.7,22.87213
-38.72,23.76793
-38.72,24.69184
-38.74,25.64687
-38.76,26.63647
-38.76,27.66467
-38.88,28.73624
-38.66,29.85687
-38.84,31.03341
-38.86,32.27427
-38.95,33.58996
-39.01,34.99383
-38.74,36.50335
-38.74,38.14207
-38.74,39.94304
-36.78,-39.943
-36.8,-38.1421
-36.82,-36.5034
-36.78,-34.9938
-36.91,-33.59
-36.89,-32.2743
-36.9,-31.0334
-36.9,-29.8569
-36.92,-28.7362
-36.88,-27.6647
-36.89,-26.6365
-36.9,-25.6469
-36.9,-24.6918
-36.91,-23.7679
-36.9,-22.8721
-36.9,-22.0019
-36.9,-21.1548
-36.9,-20.329
-36.88,-19.5226
-36.89,-18.734
-36.88,-17.9619
-36.87,-17.2048
-36.87,-16.4617
-36.87,-15.7314
-39.3,-15.013
-39.27,-14.3056
-39.24,-13.6084
-39.21,-12.9206
-39.19,-12.2415
-39.18,-11.5704
-39.15,-10.9068
-39.13,-10.25
-39.12,-9.5995
-39.12,-8.95483
-39.11,-8.31549
-39.09,-7.68101
-39.08,-7.05095
-39.07,-6.42491
-39.06,-5.80247
-39.06,-5.18326
-39.04,-4.5669
-39.02,-3.95303
-39.02,-3.3413
-39.02,-2.73136
-39.03,-2.12289
-39.02,-1.51555
-39.01,-0.90901
-39.0,-0.30295
-36.86,0.302949
-36.86,0.909006
-36.84,1.515545
-36.84,2.122888
-36.84,2.731362
-36.85,3.341297
-36.85,3.953028
-36.86,4.566898
-36.85,5.183259
-36.82,5.802471
-36.83,6.424907
-36.83,7.050952
-36.83,7.681006
-36.81,8.315488
-36.8,8.954834
-36.78,9.599501
-36.77,10.24997
-36.76,10.90676
-36.74,11.5704
-36.72,12.24148
-36.69,12.92059
-36.68,13.60841
-36.68,14.30563
-36.68,15.01303
-39.15,15.73141
-39.16,16.46168
-39.18,17.20481
-39.19,17.96188
-39.19,18.73404
-39.21,19.5226
-39.2,20.32899
-39.19,21.15481
-39.2,22.00185
-39.22,22.87213
-39.24,23.76793
-39.24,24.69184
-39.26,25.64687
-39.28,26.63647
-39.28,27.66467
-39.4,28.73624
-39.18,29.85687
-39.36,31.03341
-39.38,32.27427
-39.47,33.58996
-39.53,34.99383
-39.26,36.50335
-39.26,38.14207
-39.26,39.94304
-37.29,-39.943
-37.31,-38.1421
-37.33,-36.5034
-37.29,-34.9938
-37.42,-33.59
-37.4,-32.2743
-37.41,-31.0334
-37.41,-29.8569
-37.43,-28.7362
-37.39,-27.6647
-37.4,-26.6365
-37.41,-25.6469
-37.41,-24.6918
-37.42,-23.7679
-37.41,-22.8721
-37.41,-22.0019
-37.41,-21.1548
-37.41,-20.329
-37.39,-19.5226
-37.4,-18.734
-37.39,-17.9619
-37.38,-17.2048
-37.38,-16.4617
-37.38,-15.7314
-39.81,-15.013
-39.78,-14.3056
-39.75,-13.6084
-39.72,-12.9206
-39.7,-12.2415
-39.69,-11.5704
-39.66,-10.9068
-39.64,-10.25
-39.63,-9.5995
-39.63,-8.95483
-39.62,-8.31549
-39.6,-7.68101
-39.59,-7.05095
-39.58,-6.42491
-39.57,-5.80247
-39.57,-5.18326
-39.55,-4.5669
-39.53,-3.95303
-39.53,-3.3413
-39.53,-2.73136
-39.54,-2.12289
-39.53,-1.51555
-39.52,-0.90901
-39.51,-0.30295
-37.37,0.302949
-37.37,0.909006
-37.35,1.515545
-37.35,2.122888
-37.35,2.731362
-37.36,3.341297
-37.36,3.953028
-37.37,4.566898
-37.36,5.183259
-37.33,5.802471
-37.34,6.424907
-37.34,7.050952
-37.34,7.681006
-37.32,8.315488
-37.31,8.954834
-37.29,9.599501
-37.28,10.24997
-37.27,10.90676
-37.25,11.5704
-37.23,12.24148
-37.2,12.92059
-37.19,13.60841
-37.19,14.30563
-37.19,15.01303
-39.66,15.73141
-39.67,16.46168
-39.69,17.20481
-39.7,17.96188
-39.7,18.73404
-39.72,19.5226
-39.71,20.32899
-39.7,21.15481
-39.71,22.00185
-39.73,22.87213
-39.75,23.76793
-39.75,24.69184
-39.77,25.64687
-39.79,26.63647
-39.79,27.66467
-39.91,28.73624
-39.69,29.85687
-39.87,31.03341
-39.89,32.27427
-39.98,33.58996
-40.04,34.99383
-39.77,36.50335
-39.77,38.14207
-39.77,39.94304
-37.81,-39.943
-37.83,-38.1421
-37.85,-36.5034
-37.81,-34.9938
-37.94,-33.59
-37.92,-32.2743
-37.93,-31.0334
-37.93,-29.8569
-37.95,-28.7362
-37.91,-27.6647
-37.92,-26.6365
-37.93,-25.6469
-37.93,-24.6918
-37.94,-23.7679
-37.93,-22.8721
-37.93,-22.0019
-37.93,-21.1548
-37.93,-20.329
-37.91,-19.5226
-37.92,-18.734
-37.91,-17.9619
-37.9,-17.2048
-37.9,-16.4617
-37.9,-15.7314
-40.33,-15.013
-40.3,-14.3056
-40.27,-13.6084
-40.24,-12.9206
-40.22,-12.2415
-40.21,-11.5704
-40.18,-10.9068
-40.16,-10.25
-40.15,-9.5995
-40.15,-8.95483
-40.14,-8.31549
-40.12,-7.68101
-40.11,-7.05095
-40.1,-6.42491
-40.09,-5.80247
-40.09,-5.18326
-40.07,-4.5669
-40.05,-3.95303
-40.05,-3.3413
-40.05,-2.73136
-40.06,-2.12289
-40.05,-1.51555
-40.04,-0.90901
-40.03,-0.30295
-37.89,0.302949
-37.89,0.909006
-37.87,1.515545
-37.87,2.122888
-37.87,2.731362
-37.88,3.341297
-37.88,3.953028
-37.89,4.566898
-37.88,5.183259
-37.85,5.802471
-37.86,6.424907
-37.86,7.050952
-37.86,7.681006
-37.84,8.315488
-37.83,8.954834
-37.81,9.599501
-37.8,10.24997
-37.79,10.90676
-37.77,11.5704
-37.75,12.24148
-37.72,12.92059
-37.71,13.60841
-37.71,14.30563
-37.71,15.01303
-40.18,15.73141
-40.19,16.46168
-40.21,17.20481
-40.22,17.96188
-40.22,18.73404
-40.24,19.5226
-40.23,20.32899
-40.22,21.15481
-40.23,22.00185
-40.25,22.87213
-40.27,23.76793
-40.27,24.69184
-40.29,25.64687
-40.31,26.63647
-40.31,27.66467
-40.43,28.73624
-40.21,29.85687
-40.39,31.03341
-40.41,32.27427
-40.5,33.58996
-40.56,34.99383
-40.29,36.50335
-40.29,38.14207
-40.29,39.94304
-38.32,-39.943
-38.34,-38.1421
-38.36,-36.5034
-38.32,-34.9938
-38.45,-33.59
-38.43,-32.2743
-38.44,-31.0334
-38.44,-29.8569
-38.46,-28.7362
-38.42,-27.6647
-38.43,-26.6365
-38.44,-25.6469
-38.44,-24.6918
-38.45,-23.7679
-38.44,-22.8721
-38.44,-22.0019
-38.44,-21.1548
-38.44,-20.329
-38.42,-19.5226
-38.43,-18.734
-38.42,-17.9619
-38.41,-17.2048
-38.41,-16.4617
-38.41,-15.7314
-40.84,-15.013
-40.81,-14.3056
-40.78,-13.6084
-40.75,-12.9206
-40.73,-12.2415
-40.72,-11.5704
-40.69,-10.9068
-40.67,-10.25
-40.66,-9.5995
-40.66,-8.95483
-40.65,-8.31549
-40.63,-7.68101
-40.62,-7.05095
-40.61,-6.42491
-40.6,-5.80247
-40.6,-5.18326
-40.58,-4.5669
-40.56,-3.95303
-40.56,-3.3413
-40.56,-2.73136
-40.57,-2.12289
-40.56,-1.51555
-40.55,-0.90901
-40.54,-0.30295
-38.4,0.302949
-38.4,0.909006
-38.38,1.515545
-38.38,2.122888
-38.38,2.731362
-38.39,3.341297
-38.39,3.953028
-38.4,4.566898
-38.39,5.183259
-38.36,5.802471
-38.37,6.424907
-38.37,7.050952
-38.37,7.681006
-38.35,8.315488
-38.34,8.954834
-38.32,9.599501
-38.31,10.24997
-38.3,10.90676
-38.28,11.5704
-38.26,12.24148
-38.23,12.92059
-38.22,13.60841
-38.22,14.30563
-38.22,15.01303
-40.69,15.73141
-40.7,16.46168
-40.72,17.20481
-40.73,17.96188
-40.73,18.73404
-40.75,19.5226
-40.74,20.32899
-40.73,21.15481
-40.74,22.00185
-40.76,22.87213
-40.78,23.76793
-40.78,24.69184
-40.8,25.64687
-40.82,26.63647
-40.82,27.66467
-40.94,28.73624
-40.72,29.85687
-40.9,31.03341
-40.92,32.27427
-41.01,33.58996
-41.07,34.99383
-40.8,36.50335
-40.8,38.14207
-40.8,39.94304
-38.84,-39.943
-38.86,-38.1421
-38.88,-36.5034
-38.84,-34.9938
-38.97,-33.59
-38.95,-32.2743
-38.96,-31.0334
-38.96,-29.8569
-38.98,-28.7362
-38.94,-27.6647
-38.95,-26.6365
-38.96,-25.6469
-38.96,-24.6918
-38.97,-23.7679
-38.96,-22.8721
-38.96,-22.0019
-38.96,-21.1548
-38.96,-20.329
-38.94,-19.5226
-38.95,-18.734
-38.94,-17.9619
-38.93,-17.2048
-38.93,-16.4617
-38.93,-15.7314
-41.36,-15.013
-41.33,-14.3056
-41.3,-13.6084
-41.27,-12.9206
-41.25,-12.2415
-41.24,-11.5704
-41.21,-10.9068
-41.19,-10.25
-41.18,-9.5995
-41.18,-8.95483
-41.17,-8.31549
-41.15,-7.68101
-41.14,-7.05095
-41.13,-6.42491
-41.12,-5.80247
-41.12,-5.18326
-41.1,-4.5669
-41.08,-3.95303
-41.08,-3.3413
-41.08,-2.73136
-41.09,-2.12289
-41.08,-1.51555
-41.07,-0.90901
-41.06,-0.30295
-38.92,0.302949
-38.92,0.909006
-38.9,1.515545
-38.9,2.122888
-38.9,2.731362
-38.91,3.341297
-38.91,3.953028
-38.92,4.566898
-38.91,5.183259
-38.88,5.802471
-38.89,6.424907
-38.89,7.050952
-38.89,7.681006
-38.87,8.315488
-38.86,8.954834
-38.84,9.599501
-38.83,10.24997
-38.82,10.90676
-38.8,11.5704
-38.78,12.24148
-38.75,12.92059
-38.74,13.60841
-38.74,14.30563
-38.74,15.01303
-41.21,15.73141
-41.22,16.46168
-41.24,17.20481
-41.25,17.96188
-41.25,18.73404
-41.27,19.5226
-41.26,20.32899
-41.25,21.15481
-41.26,22.00185
-41.28,22.87213
-41.3,23.76793
-41.3,24.69184
-41.32,25.64687
-41.34,26.63647
-41.34,27.66467
-41.46,28.73624
-41.24,29.85687
-41.42,31.03341
-41.44,32.27427
-41.53,33.58996
-41.59,34.99383
-41.32,36.50335
-41.32,38.14207
-41.32,39.94304
-39.36,-39.943
-39.38,-38.1421
-39.4,-36.5034
-39.36,-34.9938
-39.49,-33.59
-39.47,-32.2743
-39.48,-31.0334
-39.48,-29.8569
-39.5,-28.7362
-39.46,-27.6647
-39.47,-26.6365
-39.48,-25.6469
-39.48,-24.6918
-39.49,-23.7679
-39.48,-22.8721
-39.48,-22.0019
-39.48,-21.1548
-39.48,-20.329
-39.46,-19.5226
-39.47,-18.734
-39.46,-17.9619
-39.45,-17.2048
-39.45,-16.4617
-39.45,-15.7314
-41.88,-15.013
-41.85,-14.3056
-41.82,-13.6084
-41.79,-12.9206
-41.77,-12.2415
-41.76,-11.5704
-41.73,-10.9068
-41.71,-10.25
-41.7,-9.5995
-41.7,-8.95483
-41.69,-8.31549
-41.67,-7.68101
-41.66,-7.05095
-41.65,-6.42491
-41.64,-5.80247
-41.64,-5.18326
-41.62,-4.5669
-41.6,-3.95303
-41.6,-3.3413
-41.6,-2.73136
-41.61,-2.12289
-41.6,-1.51555
-41.59,-0.90901
-41.58,-0.30295
-39.44,0.302949
-39.44,0.909006
-39.42,1.515545
-39.42,2.122888
-39.42,2.731362
-39.43,3.341297
-39.43,3.953028
-39.44,4.566898
-39.43,5.183259
-39.4,5.802471
-39.41,6.424907
-39.41,7.050952
-39.41,7.681006
-39.39,8.315488
-39.38,8.954834
-39.36,9.599501
-39.35,10.24997
-39.34,10.90676
-39.32,11.5704
-39.3,12.24148
-39.27,12.92059
-39.26,13.60841
-39.26,14.30563
-39.26,15.01303
-41.73,15.73141
-41.74,16.46168
-41.76,17.20481
-41.77,17.96188
-41.77,18.73404
-41.79,19.5226
-41.78,20.32899
-41.77,21.15481
-41.78,22.00185
-41.8,22.87213
-41.82,23.76793
-41.82,24.69184
-41.84,25.64687
-41.86,26.63647
-41.86,27.66467
-41.98,28.73624
-41.76,29.85687
-41.94,31.03341
-41.96,32.27427
-42.05,33.58996
-42.11,34.99383
-41.84,36.50335
-41.84,38.14207
-41.84,39.94304
-39.87,-39.943
-39.89,-38.1421
-39.91,-36.5034
-39.87,-34.9938
-40.0,-33.59
-39.98,-32.2743
-39.99,-31.0334
-39.99,-29.8569
-40.01,-28.7362
-39.97,-27.6647
-39.98,-26.6365
-39.99,-25.6469
-39.99,-24.6918
-40.0,-23.7679
-39.99,-22.8721
-39.99,-22.0019
-39.99,-21.1548
-39.99,-20.329
-39.97,-19.5226
-39.98,-18.734
-39.97,-17.9619
-39.96,-17.2048
-39.96,-16.4617
-39.96,-15.7314
-42.39,-15.013
-42.36,-14.3056
-42.33,-13.6084
-42.3,-12.9206
-42.28,-12.2415
-42.27,-11.5704
-42.24,-10.9068
-42.22,-10.25
-42.21,-9.5995
-42.21,-8.95483
-42.2,-8.31549
-42.18,-7.68101
-42.17,-7.05095
-42.16,-6.42491
-42.15,-5.80247
-42.15,-5.18326
-42.13,-4.5669
-42.11,-3.95303
-42.11,-3.3413
-42.11,-2.73136
-42.12,-2.12289
-42.11,-1.51555
-42.1,-0.90901
-42.09,-0.30295
-39.95,0.302949
-39.95,0.909006
-39.93,1.515545
-39.93,2.122888
-39.93,2.731362
-39.94,3.341297
-39.94,3.953028
-39.95,4.566898
-39.94,5.183259
-39.91,5.802471
-39.92,6.424907
-39.92,7.050952
-39.92,7.681006
-39.9,8.315488
-39.89,8.954834
-39.87,9.599501
-39.86,10.24997
-39.85,10.90676
-39.83,11.5704
-39.81,12.24148
-39.78,12.92059
-39.77,13.60841
-39.77,14.30563
-39.77,15.01303
-42.24,15.73141
-42.25,16.46168
-42.27,17.20481
-42.28,17.96188
-42.28,18.73404
-42.3,19.5226
-42.29,20.32899
-42.28,21.15481
-42.29,22.00185
-42.31,22.87213
-42.33,23.76793
-42.33,24.69184
-42.35,25.64687
-42.37,26.63647
-42.37,27.66467
-42.49,28.73624
-42.27,29.85687
-42.45,31.03341
-42.47,32.27427
-42.56,33.58996
-42.62,34.99383
-42.35,36.50335
-42.35,38.14207
-42.35,39.94304
-40.39,-39.943
-40.41,-38.1421
-40.43,-36.5034
-40.39,-34.9938
-40.52,-33.59
-40.5,-32.2743
-40.51,-31.0334
-40.51,-29.8569
-40.53,-28.7362
-40.49,-27.6647
-40.5,-26.6365
-40.51,-25.6469
-40.51,-24.6918
-40.52,-23.7679
-40.51,-22.8721
-40.51,-22.0019
-40.51,-21.1548
-40.51,-20.329
-40.49,-19.5226
-40.5,-18.734
-40.49,-17.9619
-40.48,-17.2048
-40.48,-16.4617
-40.48,-15.7314
-42.91,-15.013
-42.88,-14.3056
-42.85,-13.6084
-42.82,-12.9206
-42.8,-12.2415
-42.79,-11.5704
-42.76,-10.9068
-42.74,-10.25
-42.73,-9.5995
-42.73,-8.95483
-42.72,-8.31549
-42.7,-7.68101
-42.69,-7.05095
-42.68,-6.42491
-42.67,-5.80247
-42.67,-5.18326
-42.65,-4.5669
-42.63,-3.95303
-42.63,-3.3413
-42.63,-2.73136
-42.64,-2.12289
-42.63,-1.51555
-42.62,-0.90901
-42.61,-0.30295
-40.47,0.302949
-40.47,0.909006
-40.45,1.515545
-40.45,2.122888
-40.45,2.731362
-40.46,3.341297
-40.46,3.953028
-40.47,4.566898
-40.46,5.183259
-40.43,5.802471
-40.44,6.424907
-40.44,7.050952
-40.44,7.681006
-40.42,8.315488
-40.41,8.954834
-40.39,9.599501
-40.38,10.24997
-40.37,10.90676
-40.35,11.5704
-40.33,12.24148
-40.3,12.92059
-40.29,13.60841
-40.29,14.30563
-40.29,15.01303
-42.76,15.73141
-42.77,16.46168
-42.79,17.20481
-42.8,17.96188
-42.8,18.73404
-42.82,19.5226
-42.81,20.32899
-42.8,21.15481
-42.81,22.00185
-42.83,22.87213
-42.85,23.76793
-42.85,24.69184
-42.87,25.64687
-42.89,26.63647
-42.89,27.66467
-43.01,28.73624
-42.79,29.85687
-42.97,31.03341
-42.99,32.27427
-43.08,33.58996
-43.14,34.99383
-42.87,36.50335
-42.87,38.14207
-42.87,39.94304
-40.9,-39.943
-40.92,-38.1421
-40.94,-36.5034
-40.9,-34.9938
-41.03,-33.59
-41.01,-32.2743
-41.02,-31.0334
-41.02,-29.8569
-41.04,-28.7362
-41.0,-27.6647
-41.01,-26.6365
-41.02,-25.6469
-41.02,-24.6918
-41.03,-23.7679
-41.02,-22.8721
-41.02,-22.0019
-41.02,-21.1548
-41.02,-20.329
-41.0,-19.5226
-41.01,-18.734
-41.0,-17.9619
-40.99,-17.2048
-40.99,-16.4617
-40.99,-15.7314
-43.42,-15.013
-43.39,-14.3056
-43.36,-13.6084
-43.33,-12.9206
-43.31,-12.2415
-43.3,-11.5704
-43.27,-10.9068
-43.25,-10.25
-43.24,-9.5995
-43.24,-8.95483
-43.23,-8.31549
-43.21,-7.68101
-43.2,-7.05095
-43.19,-6.42491
-43.18,-5.80247
-43.18,-5.18326
-43.16,-4.5669
-43.14,-3.95303
-43.14,-3.3413
-43.14,-2.73136
-43.15,-2.12289
-43.14,-1.51555
-43.13,-0.90901
-43.12,-0.30295
-40.98,0.302949
-40.98,0.909006
-40.96,1.515545
-40.96,2.122888
-40.96,2.731362
-40.97,3.341297
-40.97,3.953028
-40.98,4.566898
-40.97,5.183259
-40.94,5.802471
-40.95,6.424907
-40.95,7.050952
-40.95,7.681006
-40.93,8.315488
-40.92,8.954834
-40.9,9.599501
-40.89,10.24997
-40.88,10.90676
-40.86,11.5704
-40.84,12.24148
-40.81,12.92059
-40.8,13.60841
-40.8,14.30563
-40.8,15.01303
-43.27,15.73141
-43.28,16.46168
-43.3,17.20481
-43.31,17.96188
-43.31,18.73404
-43.33,19.5226
-43.32,20.32899
-43.31,21.15481
-43.32,22.00185
-43.34,22.87213
-43.36,23.76793
-43.36,24.69184
-43.38,25.64687
-43.4,26.63647
-43.4,27.66467
-43.52,28.73624
-43.3,29.85687
-43.48,31.03341
-43.5,32.27427
-43.59,33.58996
-43.65,34.99383
-43.38,36.50335
-43.38,38.14207
-43.38,39.94304
-41.42,-39.943
-41.44,-38.1421
-41.46,-36.5034
-41.42,-34.9938
-41.55,-33.59
-41.53,-32.2743
-41.54,-31.0334
-41.54,-29.8569
-41.56,-28.7362
-41.52,-27.6647
-41.53,-26.6365
-41.54,-25.6469
-41.54,-24.6918
-41.55,-23.7679
-41.54,-22.8721
-41.54,-22.0019
-41.54,-21.1548
-41.54,-20.329
-41.52,-19.5226
-41.53,-18.734
-41.52,-17.9619
-41.51,-17.2048
-41.51,-16.4617
-41.51,-15.7314
-43.94,-15.013
-43.91,-14.3056
-43.88,-13.6084
-43.85,-12.9206
-43.83,-12.2415
-43.82,-11.5704
-43.79,-10.9068
-43.77,-10.25
-43.76,-9.5995
-43.76,-8.95483
-43.75,-8.31549
-43.73,-7.68101
-43.72,-7.05095
-43.71,-6.42491
-43.7,-5.80247
-43.7,-5.18326
-43.68,-4.5669
-43.66,-3.95303
-43.66,-3.3413
-43.66,-2.73136
-43.67,-2.12289
-43.66,-1.51555
-43.65,-0.90901
-43.64,-0.30295
-41.5,0.302949
-41.5,0.909006
-41.48,1.515545
-41.48,2.122888
-41.48,2.731362
-41.49,3.341297
-41.49,3.953028
-41.5,4.566898
-41.49,5.183259
-41.46,5.802471
-41.47,6.424907
-41.47,7.050952
-41.47,7.681006
-41.45,8.315488
-41.44,8.954834
-41.42,9.599501
-41.41,10.24997
-41.4,10.90676
-41.38,11.5704
-41.36,12.24148
-41.33,12.92059
-41.32,13.60841
-41.32,14.30563
-41.32,15.01303
-43.79,15.73141
-43.8,16.46168
-43.82,17.20481
-43.83,17.96188
-43.83,18.73404
-43.85,19.5226
-43.84,20.32899
-43.83,21.15481
-43.84,22.00185
-43.86,22.87213
-43.88,23.76793
-43.88,24.69184
-43.9,25.64687
-43.92,26.63647
-43.92,27.66467
-44.04,28.73624
-43.82,29.85687
-44.0,31.03341
-44.02,32.27427
-44.11,33.58996
-44.17,34.99383
-43.9,36.50335
-43.9,38.14207
-43.9,39.94304
-41.94,-39.943
-41.96,-38.1421
-41.98,-36.5034
-41.94,-34.9938
-42.07,-33.59
-42.05,-32.2743
-42.06,-31.0334
-42.06,-29.8569
-42.08,-28.7362
-42.04,-27.6647
-42.05,-26.6365
-42.06,-25.6469
-42.06,-24.6918
-42.07,-23.7679
-42.06,-22.8721
-42.06,-22.0019
-42.06,-21.1548
-42.06,-20.329
-42.04,-19.5226
-42.05,-18.734
-42.04,-17.9619
-42.03,-17.2048
-42.03,-16.4617
-42.03,-15.7314
-44.46,-15.013
-44.43,-14.3056
-44.4,-13.6084
-44.37,-12.9206
-44.35,-12.2415
-44.34,-11.5704
-44.31,-10.9068
-44.29,-10.25
-44.28,-9.5995
-44.28,-8.95483
-44.27,-8.31549
-44.25,-7.68101
-44.24,-7.05095
-44.23,-6.42491
-44.22,-5.80247
-44.22,-5.18326
-44.2,-4.5669
-44.18,-3.95303
-44.18,-3.3413
-44.18,-2.73136
-44.19,-2.12289
-44.18,-1.51555
-44.17,-0.90901
-44.16,-0.30295
-42.02,0.302949
-42.02,0.909006
-42.0,1.515545
-42.0,2.122888
-42.0,2.731362
-42.01,3.341297
-42.01,3.953028
-42.02,4.566898
-42.01,5.183259
-41.98,5.802471
-41.99,6.424907
-41.99,7.050952
-41.99,7.681006
-41.97,8.315488
-41.96,8.954834
-41.94,9.599501
-41.93,10.24997
-41.92,10.90676
-41.9,11.5704
-41.88,12.24148
-41.85,12.92059
-41.84,13.60841
-41.84,14.30563
-41.84,15.01303
-44.31,15.73141
-44.32,16.46168
-44.34,17.20481
-44.35,17.96188
-44.35,18.73404
-44.37,19.5226
-44.36,20.32899
-44.35,21.15481
-44.36,22.00185
-44.38,22.87213
-44.4,23.76793
-44.4,24.69184
-44.42,25.64687
-44.44,26.63647
-44.44,27.66467
-44.56,28.73624
-44.34,29.85687
-44.52,31.03341
-44.54,32.27427
-44.63,33.58996
-44.69,34.99383
-44.42,36.50335
-44.42,38.14207
-44.42,39.94304
-42.45,-39.943
-42.47,-38.1421
-42.49,-36.5034
-42.45,-34.9938
-42.58,-33.59
-42.56,-32.2743
-42.57,-31.0334
-42.57,-29.8569
-42.59,-28.7362
-42.55,-27.6647
-42.56,-26.6365
-42.57,-25.6469
-42.57,-24.6918
-42.58,-23.7679
-42.57,-22.8721
-42.57,-22.0019
-42.57,-21.1548
-42.57,-20.329
-42.55,-19.5226
-42.56,-18.734
-42.55,-17.9619
-42.54,-17.2048
-42.54,-16.4617
-42.54,-15.7314
-44.97,-15.013
-44.94,-14.3056
-44.91,-13.6084
-44.88,-12.9206
-44.86,-12.2415
-44.85,-11.5704
-44.82,-10.9068
-44.8,-10.25
-44.79,-9.5995
-44.79,-8.95483
-44.78,-8.31549
-44.76,-7.68101
-44.75,-7.05095
-44.74,-6.42491
-44.73,-5.80247
-44.73,-5.18326
-44.71,-4.5669
-44.69,-3.95303
-44.69,-3.3413
-44.69,-2.73136
-44.7,-2.12289
-44.69,-1.51555
-44.68,-0.90901
-44.67,-0.30295
-42.53,0.302949
-42.53,0.909006
-42.51,1.515545
-42.51,2.122888
-42.51,2.731362
-42.52,3.341297
-42.52,3.953028
-42.53,4.566898
-42.52,5.183259
-42.49,5.802471
-42.5,6.424907
-42.5,7.050952
-42.5,7.681006
-42.48,8.315488
-42.47,8.954834
-42.45,9.599501
-42.44,10.24997
-42.43,10.90676
-42.41,11.5704
-42.39,12.24148
-42.36,12.92059
-42.35,13.60841
-42.35,14.30563
-42.35,15.01303
-44.82,15.73141
-44.83,16.46168
-44.85,17.20481
-44.86,17.96188
-44.86,18.73404
-44.88,19.5226
-44.87,20.32899
-44.86,21.15481
-44.87,22.00185
-44.89,22.87213
-44.91,23.76793
-44.91,24.69184
-44.93,25.64687
-44.95,26.63647
-44.95,27.66467
-45.07,28.73624
-44.85,29.85687
-45.03,31.03341
-45.05,32.27427
-45.14,33.58996
-45.2,34.99383
-44.93,36.50335
-44.93,38.14207
-44.93,39.94304
-42.97,-39.943
-42.99,-38.1421
-43.01,-36.5034
-42.97,-34.9938
-43.1,-33.59
-43.08,-32.2743
-43.09,-31.0334
-43.09,-29.8569
-43.11,-28.7362
-43.07,-27.6647
-43.08,-26.6365
-43.09,-25.6469
-43.09,-24.6918
-43.1,-23.7679
-43.09,-22.8721
-43.09,-22.0019
-43.09,-21.1548
-43.09,-20.329
-43.07,-19.5226
-43.08,-18.734
-43.07,-17.9619
-43.06,-17.2048
-43.06,-16.4617
-43.06,-15.7314
-45.49,-15.013
-45.46,-14.3056
-45.43,-13.6084
-45.4,-12.9206
-45.38,-12.2415
-45.37,-11.5704
-45.34,-10.9068
-45.32,-10.25
-45.31,-9.5995
-45.31,-8.95483
-45.3,-8.31549
-45.28,-7.68101
-45.27,-7.05095
-45.26,-6.42491
-45.25,-5.80247
-45.25,-5.18326
-45.23,-4.5669
-45.21,-3.95303
-45.21,-3.3413
-45.21,-2.73136
-45.22,-2.12289
-45.21,-1.51555
-45.2,-0.90901
-45.19,-0.30295
-43.05,0.302949
-43.05,0.909006
-43.03,1.515545
-43.03,2.122888
-43.03,2.731362
-43.04,3.341297
-43.04,3.953028
-43.05,4.566898
-43.04,5.183259
-43.01,5.802471
-43.02,6.424907
-43.02,7.050952
-43.02,7.681006
-43.0,8.315488
-42.99,8.954834
-42.97,9.599501
-42.96,10.24997
-42.95,10.90676
-42.93,11.5704
-42.91,12.24148
-42.88,12.92059
-42.87,13.60841
-42.87,14.30563
-42.87,15.01303
-45.34,15.73141
-45.35,16.46168
-45.37,17.20481
-45.38,17.96188
-45.38,18.73404
-45.4,19.5226
-45.39,20.32899
-45.38,21.15481
-45.39,22.00185
-45.41,22.87213
-45.43,23.76793
-45.43,24.69184
-45.45,25.64687
-45.47,26.63647
-45.47,27.66467
-45.59,28.73624
-45.37,29.85687
-45.55,31.03341
-45.57,32.27427
-45.66,33.58996
-45.72,34.99383
-45.45,36.50335
-45.45,38.14207
-45.45,39.94304
-43.49,-39.943
-43.51,-38.1421
-43.53,-36.5034
-43.49,-34.9938
-43.62,-33.59
-43.6,-32.2743
-43.61,-31.0334
-43.61,-29.8569
-43.63,-28.7362
-43.59,-27.6647
-43.6,-26.6365
-43.61,-25.6469
-43.61,-24.6918
-43.62,-23.7679
-43.61,-22.8721
-43.61,-22.0019
-43.61,-21.1548
-43.61,-20.329
-43.59,-19.5226
-43.6,-18.734
-43.59,-17.9619
-43.58,-17.2048
-43.58,-16.4617
-43.58,-15.7314
-46.01,-15.013
-45.98,-14.3056
-45.95,-13.6084
-45.92,-12.9206
-45.9,-12.2415
-45.89,-11.5704
-45.86,-10.9068
-45.84,-10.25
-45.83,-9.5995
-45.83,-8.95483
-45.82,-8.31549
-45.8,-7.68101
-45.79,-7.05095
-45.78,-6.42491
-45.77,-5.80247
-45.77,-5.18326
-45.75,-4.5669
-45.73,-3.95303
-45.73,-3.3413
-45.73,-2.73136
-45.74,-2.12289
-45.73,-1.51555
-45.72,-0.90901
-45.71,-0.30295
-43.57,0.302949
-43.57,0.909006
-43.55,1.515545
-43.55,2.122888
-43.55,2.731362
-43.56,3.341297
-43.56,3.953028
-43.57,4.566898
-43.56,5.183259
-43.53,5.802471
-43.54,6.424907
-43.54,7.050952
-43.54,7.681006
-43.52,8.315488
-43.51,8.954834
-43.49,9.599501
-43.48,10.24997
-43.47,10.90676
-43.45,11.5704
-43.43,12.24148
-43.4,12.92059
-43.39,13.60841
-43.39,14.30563
-43.39,15.01303
-45.86,15.73141
-45.87,16.46168
-45.89,17.20481
-45.9,17.96188
-45.9,18.73404
-45.92,19.5226
-45.91,20.32899
-45.9,21.15481
-45.91,22.00185
-45.93,22.87213
-45.95,23.76793
-45.95,24.69184
-45.97,25.64687
-45.99,26.63647
-45.99,27.66467
-46.11,28.73624
-45.89,29.85687
-46.07,31.03341
-46.09,32.27427
-46.18,33.58996
-46.24,34.99383
-45.97,36.50335
-45.97,38.14207
-45.97,39.94304
-44.0,-39.943
-44.02,-38.1421
-44.04,-36.5034
-44.0,-34.9938
-44.13,-33.59
-44.11,-32.2743
-44.12,-31.0334
-44.12,-29.8569
-44.14,-28.7362
-44.1,-27.6647
-44.11,-26.6365
-44.12,-25.6469
-44.12,-24.6918
-44.13,-23.7679
-44.12,-22.8721
-44.12,-22.0019
-44.12,-21.1548
-44.12,-20.329
-44.1,-19.5226
-44.11,-18.734
-44.1,-17.9619
-44.09,-17.2048
-44.09,-16.4617
-44.09,-15.7314
-46.52,-15.013
-46.49,-14.3056
-46.46,-13.6084
-46.43,-12.9206
-46.41,-12.2415
-46.4,-11.5704
-46.37,-10.9068
-46.35,-10.25
-46.34,-9.5995
-46.34,-8.95483
-46.33,-8.31549
-46.31,-7.68101
-46.3,-7.05095
-46.29,-6.42491
-46.28,-5.80247
-46.28,-5.18326
-46.26,-4.5669
-46.24,-3.95303
-46.24,-3.3413
-46.24,-2.73136
-46.25,-2.12289
-46.24,-1.51555
-46.23,-0.90901
-46.22,-0.30295
-44.08,0.302949
-44.08,0.909006
-44.06,1.515545
-44.06,2.122888
-44.06,2.731362
-44.07,3.341297
-44.07,3.953028
-44.08,4.566898
-44.07,5.183259
-44.04,5.802471
-44.05,6.424907
-44.05,7.050952
-44.05,7.681006
-44.03,8.315488
-44.02,8.954834
-44.0,9.599501
-43.99,10.24997
-43.98,10.90676
-43.96,11.5704
-43.94,12.24148
-43.91,12.92059
-43.9,13.60841
-43.9,14.30563
-43.9,15.01303
-46.37,15.73141
-46.38,16.46168
-46.4,17.20481
-46.41,17.96188
-46.41,18.73404
-46.43,19.5226
-46.42,20.32899
-46.41,21.15481
-46.42,22.00185
-46.44,22.87213
-46.46,23.76793
-46.46,24.69184
-46.48,25.64687
-46.5,26.63647
-46.5,27.66467
-46.62,28.73624
-46.4,29.85687
-46.58,31.03341
-46.6,32.27427
-46.69,33.58996
-46.75,34.99383
-46.48,36.50335
-46.48,38.14207
-46.48,39.94304
-44.52,-39.943
-44.54,-38.1421
-44.56,-36.5034
-44.52,-34.9938
-44.65,-33.59
-44.63,-32.2743
-44.64,-31.0334
-44.64,-29.8569
-44.66,-28.7362
-44.62,-27.6647
-44.63,-26.6365
-44.64,-25.6469
-44.64,-24.6918
-44.65,-23.7679
-44.64,-22.8721
-44.64,-22.0019
-44.64,-21.1548
-44.64,-20.329
-44.62,-19.5226
-44.63,-18.734
-44.62,-17.9619
-44.61,-17.2048
-44.61,-16.4617
-44.61,-15.7314
-47.04,-15.013
-47.01,-14.3056
-46.98,-13.6084
-46.95,-12.9206
-46.93,-12.2415
-46.92,-11.5704
-46.89,-10.9068
-46.87,-10.25
-46.86,-9.5995
-46.86,-8.95483
-46.85,-8.31549
-46.83,-7.68101
-46.82,-7.05095
-46.81,-6.42491
-46.8,-5.80247
-46.8,-5.18326
-46.78,-4.5669
-46.76,-3.95303
-46.76,-3.3413
-46.76,-2.73136
-46.77,-2.12289
-46.76,-1.51555
-46.75,-0.90901
-46.74,-0.30295
-44.6,0.302949
-44.6,0.909006
-44.58,1.515545
-44.58,2.122888
-44.58,2.731362
-44.59,3.341297
-44.59,3.953028
-44.6,4.566898
-44.59,5.183259
-44.56,5.802471
-44.57,6.424907
-44.57,7.050952
-44.57,7.681006
-44.55,8.315488
-44.54,8.954834
-44.52,9.599501
-44.51,10.24997
-44.5,10.90676
-44.48,11.5704
-44.46,12.24148
-44.43,12.92059
-44.42,13.60841
-44.42,14.30563
-44.42,15.01303
-46.89,15.73141
-46.9,16.46168
-46.92,17.20481
-46.93,17.96188
-46.93,18.73404
-46.95,19.5226
-46.94,20.32899
-46.93,21.15481
-46.94,22.00185
-46.96,22.87213
-46.98,23.76793
-46.98,24.69184
-47.0,25.64687
-47.02,26.63647
-47.02,27.66467
-47.14,28.73624
-46.92,29.85687
-47.1,31.03341
-47.12,32.27427
-47.21,33.58996
-47.27,34.99383
-47.0,36.50335
-47.0,38.14207
-47.0,39.94304
-45.03,-39.943
-45.05,-38.1421
-45.07,-36.5034
-45.03,-34.9938
-45.16,-33.59
-45.14,-32.2743
-45.15,-31.0334
-45.15,-29.8569
-45.17,-28.7362
-45.13,-27.6647
-45.14,-26.6365
-45.15,-25.6469
-45.15,-24.6918
-45.16,-23.7679
-45.15,-22.8721
-45.15,-22.0019
-45.15,-21.1548
-45.15,-20.329
-45.13,-19.5226
-45.14,-18.734
-45.13,-17.9619
-45.12,-17.2048
-45.12,-16.4617
-45.12,-15.7314
-47.55,-15.013
-47.52,-14.3056
-47.49,-13.6084
-47.46,-12.9206
-47.44,-12.2415
-47.43,-11.5704
-47.4,-10.9068
-47.38,-10.25
-47.37,-9.5995
-47.37,-8.95483
-47.36,-8.31549
-47.34,-7.68101
-47.33,-7.05095
-47.32,-6.42491
-47.31,-5.80247
-47.31,-5.18326
-47.29,-4.5669
-47.27,-3.95303
-47.27,-3.3413
-47.27,-2.73136
-47.28,-2.12289
-47.27,-1.51555
-47.26,-0.90901
-47.25,-0.30295
-45.11,0.302949
-45.11,0.909006
-45.09,1.515545
-45.09,2.122888
-45.09,2.731362
-45.1,3.341297
-45.1,3.953028
-45.11,4.566898
-45.1,5.183259
-45.07,5.802471
-45.08,6.424907
-45.08,7.050952
-45.08,7.681006
-45.06,8.315488
-45.05,8.954834
-45.03,9.599501
-45.02,10.24997
-45.01,10.90676
-44.99,11.5704
-44.97,12.24148
-44.94,12.92059
-44.93,13.60841
-44.93,14.30563
-44.93,15.01303
-47.4,15.73141
-47.41,16.46168
-47.43,17.20481
-47.44,17.96188
-47.44,18.73404
-47.46,19.5226
-47.45,20.32899
-47.44,21.15481
-47.45,22.00185
-47.47,22.87213
-47.49,23.76793
-47.49,24.69184
-47.51,25.64687
-47.53,26.63647
-47.53,27.66467
-47.65,28.73624
-47.43,29.85687
-47.61,31.03341
-47.63,32.27427
-47.72,33.58996
-47.78,34.99383
-47.51,36.50335
-47.51,38.14207
-47.51,39.94304
-45.55,-39.943
-45.57,-38.1421
-45.59,-36.5034
-45.55,-34.9938
-45.68,-33.59
-45.66,-32.2743
-45.67,-31.0334
-45.67,-29.8569
-45.69,-28.7362
-45.65,-27.6647
-45.66,-26.6365
-45.67,-25.6469
-45.67,-24.6918
-45.68,-23.7679
-45.67,-22.8721
-45.67,-22.0019
-45.67,-21.1548
-45.67,-20.329
-45.65,-19.5226
-45.66,-18.734
-45.65,-17.9619
-45.64,-17.2048
-45.64,-16.4617
-45.64,-15.7314
-48.07,-15.013
-48.04,-14.3056
-48.01,-13.6084
-47.98,-12.9206
-47.96,-12.2415
-47.95,-11.5704
-47.92,-10.9068
-47.9,-10.25
-47.89,-9.5995
-47.89,-8.95483
-47.88,-8.31549
-47.86,-7.68101
-47.85,-7.05095
-47.84,-6.42491
-47.83,-5.80247
-47.83,-5.18326
-47.81,-4.5669
-47.79,-3.95303
-47.79,-3.3413
-47.79,-2.73136
-47.8,-2.12289
-47.79,-1.51555
-47.78,-0.90901
-47.77,-0.30295
-45.63,0.302949
-45.63,0.909006
-45.61,1.515545
-45.61,2.122888
-45.61,2.731362
-45.62,3.341297
-45.62,3.953028
-45.63,4.566898
-45.62,5.183259
-45.59,5.802471
-45.6,6.424907
-45.6,7.050952
-45.6,7.681006
-45.58,8.315488
-45.57,8.954834
-45.55,9.599501
-45.54,10.24997
-45.53,10.90676
-45.51,11.5704
-45.49,12.24148
-45.46,12.92059
-45.45,13.60841
-45.45,14.30563
-45.45,15.01303
-47.92,15.73141
-47.93,16.46168
-47.95,17.20481
-47.96,17.96188
-47.96,18.73404
-47.98,19.5226
-47.97,20.32899
-47.96,21.15481
-47.97,22.00185
-47.99,22.87213
-48.01,23.76793
-48.01,24.69184
-48.03,25.64687
-48.05,26.63647
-48.05,27.66467
-48.17,28.73624
-47.95,29.85687
-48.13,31.03341
-48.15,32.27427
-48.24,33.58996
-48.3,34.99383
-48.03,36.50335
-48.03,38.14207
-48.03,39.94304
-46.07,-39.943
-46.09,-38.1421
-46.11,-36.5034
-46.07,-34.9938
-46.2,-33.59
-46.18,-32.2743
-46.19,-31.0334
-46.19,-29.8569
-46.21,-28.7362
-46.17,-27.6647
-46.18,-26.6365
-46.19,-25.6469
-46.19,-24.6918
-46.2,-23.7679
-46.19,-22.8721
-46.19,-22.0019
-46.19,-21.1548
-46.19,-20.329
-46.17,-19.5226
-46.18,-18.734
-46.17,-17.9619
-46.16,-17.2048
-46.16,-16.4617
-46.16,-15.7314
-48.59,-15.013
-48.56,-14.3056
-48.53,-13.6084
-48.5,-12.9206
-48.48,-12.2415
-48.47,-11.5704
-48.44,-10.9068
-48.42,-10.25
-48.41,-9.5995
-48.41,-8.95483
-48.4,-8.31549
-48.38,-7.68101
-48.37,-7.05095
-48.36,-6.42491
-48.35,-5.80247
-48.35,-5.18326
-48.33,-4.5669
-48.31,-3.95303
-48.31,-3.3413
-48.31,-2.73136
-48.32,-2.12289
-48.31,-1.51555
-48.3,-0.90901
-48.29,-0.30295
-46.15,0.302949
-46.15,0.909006
-46.13,1.515545
-46.13,2.122888
-46.13,2.731362
-46.14,3.341297
-46.14,3.953028
-46.15,4.566898
-46.14,5.183259
-46.11,5.802471
-46.12,6.424907
-46.12,7.050952
-46.12,7.681006
-46.1,8.315488
-46.09,8.954834
-46.07,9.599501
-46.06,10.24997
-46.05,10.90676
-46.03,11.5704
-46.01,12.24148
-45.98,12.92059
-45.97,13.60841
-45.97,14.30563
-45.97,15.01303
-48.44,15.73141
-48.45,16.46168
-48.47,17.20481
-48.48,17.96188
-48.48,18.73404
-48.5,19.5226
-48.49,20.32899
-48.48,21.15481
-48.49,22.00185
-48.51,22.87213
-48.53,23.76793
-48.53,24.69184
-48.55,25.64687
-48.57,26.63647
-48.57,27.66467
-48.69,28.73624
-48.47,29.85687
-48.65,31.03341
-48.67,32.27427
-48.76,33.58996
-48.82,34.99383
-48.55,36.50335
-48.55,38.14207
-48.55,39.94304
-46.58,-39.943
-46.6,-38.1421
-46.62,-36.5034
-46.58,-34.9938
-46.71,-33.59
-46.69,-32.2743
-46.7,-31.0334
-46.7,-29.8569
-46.72,-28.7362
-46.68,-27.6647
-46.69,-26.6365
-46.7,-25.6469
-46.7,-24.6918
-46.71,-23.7679
-46.7,-22.8721
-46.7,-22.0019
-46.7,-21.1548
-46.7,-20.329
-46.68,-19.5226
-46.69,-18.734
-46.68,-17.9619
-46.67,-17.2048
-46.67,-16.4617
-46.67,-15.7314
-49.1,-15.013
-49.07,-14.3056
-49.04,-13.6084
-49.01,-12.9206
-48.99,-12.2415
-48.98,-11.5704
-48.95,-10.9068
-48.93,-10.25
-48.92,-9.5995
-48.92,-8.95483
-48.91,-8.31549
-48.89,-7.68101
-48.88,-7.05095
-48.87,-6.42491
-48.86,-5.80247
-48.86,-5.18326
-48.84,-4.5669
-48.82,-3.95303
-48.82,-3.3413
-48.82,-2.73136
-48.83,-2.12289
-48.82,-1.51555
-48.81,-0.90901
-48.8,-0.30295
-46.66,0.302949
-46.66,0.909006
-46.64,1.515545
-46.64,2.122888
-46.64,2.731362
-46.65,3.341297
-46.65,3.953028
-46.66,4.566898
-46.65,5.183259
-46.62,5.802471
-46.63,6.424907
-46.63,7.050952
-46.63,7.681006
-46.61,8.315488
-46.6,8.954834
-46.58,9.599501
-46.57,10.24997
-46.56,10.90676
-46.54,11.5704
-46.52,12.24148
-46.49,12.92059
-46.48,13.60841
-46.48,14.30563
-46.48,15.01303
-48.95,15.73141
-48.96,16.46168
-48.98,17.20481
-48.99,17.96188
-48.99,18.73404
-49.01,19.5226
-49.0,20.32899
-48.99,21.15481
-49.0,22.00185
-49.02,22.87213
-49.04,23.76793
-49.04,24.69184
-49.06,25.64687
-49.08,26.63647
-49.08,27.66467
-49.2,28.73624
-48.98,29.85687
-49.16,31.03341
-49.18,32.27427
-49.27,33.58996
-49.33,34.99383
-49.06,36.50335
-49.06,38.14207
-49.06,39.94304
-47.1,-39.943
-47.12,-38.1421
-47.14,-36.5034
-47.1,-34.9938
-47.23,-33.59
-47.21,-32.2743
-47.22,-31.0334
-47.22,-29.8569
-47.24,-28.7362
-47.2,-27.6647
-47.21,-26.6365
-47.22,-25.6469
-47.22,-24.6918
-47.23,-23.7679
-47.22,-22.8721
-47.22,-22.0019
-47.22,-21.1548
-47.22,-20.329
-47.2,-19.5226
-47.21,-18.734
-47.2,-17.9619
-47.19,-17.2048
-47.19,-16.4617
-47.19,-15.7314
-49.62,-15.013
-49.59,-14.3056
-49.56,-13.6084
-49.53,-12.9206
-49.51,-12.2415
-49.5,-11.5704
-49.47,-10.9068
-49.45,-10.25
-49.44,-9.5995
-49.44,-8.95483
-49.43,-8.31549
-49.41,-7.68101
-49.4,-7.05095
-49.39,-6.42491
-49.38,-5.80247
-49.38,-5.18326
-49.36,-4.5669
-49.34,-3.95303
-49.34,-3.3413
-49.34,-2.73136
-49.35,-2.12289
-49.34,-1.51555
-49.33,-0.90901
-49.32,-0.30295
-47.18,0.302949
-47.18,0.909006
-47.16,1.515545
-47.16,2.122888
-47.16,2.731362
-47.17,3.341297
-47.17,3.953028
-47.18,4.566898
-47.17,5.183259
-47.14,5.802471
-47.15,6.424907
-47.15,7.050952
-47.15,7.681006
-47.13,8.315488
-47.12,8.954834
-47.1,9.599501
-47.09,10.24997
-47.08,10.90676
-47.06,11.5704
-47.04,12.24148
-47.01,12.92059
-47.0,13.60841
-47.0,14.30563
-47.0,15.01303
-49.47,15.73141
-49.48,16.46168
-49.5,17.20481
-49.51,17.96188
-49.51,18.73404
-49.53,19.5226
-49.52,20.32899
-49.51,21.15481
-49.52,22.00185
-49.54,22.87213
-49.56,23.76793
-49.56,24.69184
-49.58,25.64687
-49.6,26.63647
-49.6,27.66467
-49.72,28.73624
-49.5,29.85687
-49.68,31.03341
-49.7,32.27427
-49.79,33.58996
-49.85,34.99383
-49.58,36.50335
-49.58,38.14207
-49.58,39.94304
-47.61,-39.943
-47.63,-38.1421
-47.65,-36.5034
-47.61,-34.9938
-47.74,-33.59
-47.72,-32.2743
-47.73,-31.0334
-47.73,-29.8569
-47.75,-28.7362
-47.71,-27.6647
-47.72,-26.6365
-47.73,-25.6469
-47.73,-24.6918
-47.74,-23.7679
-47.73,-22.8721
-47.73,-22.0019
-47.73,-21.1548
-47.73,-20.329
-47.71,-19.5226
-47.72,-18.734
-47.71,-17.9619
-47.7,-17.2048
-47.7,-16.4617
-47.7,-15.7314
-50.13,-15.013
-50.1,-14.3056
-50.07,-13.6084
-50.04,-12.9206
-50.02,-12.2415
-50.01,-11.5704
-49.98,-10.9068
-49.96,-10.25
-49.95,-9.5995
-49.95,-8.95483
-49.94,-8.31549
-49.92,-7.68101
-49.91,-7.05095
-49.9,-6.42491
-49.89,-5.80247
-49.89,-5.18326
-49.87,-4.5669
-49.85,-3.95303
-49.85,-3.3413
-49.85,-2.73136
-49.86,-2.12289
-49.85,-1.51555
-49.84,-0.90901
-49.83,-0.30295
-47.69,0.302949
-47.69,0.909006
-47.67,1.515545
-47.67,2.122888
-47.67,2.731362
-47.68,3.341297
-47.68,3.953028
-47.69,4.566898
-47.68,5.183259
-47.65,5.802471
-47.66,6.424907
-47.66,7.050952
-47.66,7.681006
-47.64,8.315488
-47.63,8.954834
-47.61,9.599501
-47.6,10.24997
-47.59,10.90676
-47.57,11.5704
-47.55,12.24148
-47.52,12.92059
-47.51,13.60841
-47.51,14.30563
-47.51,15.01303
-49.98,15.73141
-49.99,16.46168
-50.01,17.20481
-50.02,17.96188
-50.02,18.73404
-50.04,19.5226
-50.03,20.32899
-50.02,21.15481
-50.03,22.00185
-50.05,22.87213
-50.07,23.76793
-50.07,24.69184
-50.09,25.64687
-50.11,26.63647
-50.11,27.66467
-50.23,28.73624
-50.01,29.85687
-50.19,31.03341
-50.21,32.27427
-50.3,33.58996
-50.36,34.99383
-50.09,36.50335
-50.09,38.14207
-50.09,39.94304
-48.13,-39.943
-48.15,-38.1421
-48.17,-36.5034
-48.13,-34.9938
-48.26,-33.59
-48.24,-32.2743
-48.25,-31.0334
-48.25,-29.8569
-48.27,-28.7362
-48.23,-27.6647
-48.24,-26.6365
-48.25,-25.6469
-48.25,-24.6918
-48.26,-23.7679
-48.25,-22.8721
-48.25,-22.0019
-48.25,-21.1548
-48.25,-20.329
-48.23,-19.5226
-48.24,-18.734
-48.23,-17.9619
-48.22,-17.2048
-48.22,-16.4617
-48.22,-15.7314
-50.65,-15.013
-50.62,-14.3056
-50.59,-13.6084
-50.56,-12.9206
-50.54,-12.2415
-50.53,-11.5704
-50.5,-10.9068
-50.48,-10.25
-50.47,-9.5995
-50.47,-8.95483
-50.46,-8.31549
-50.44,-7.68101
-50.43,-7.05095
-50.42,-6.42491
-50.41,-5.80247
-50.41,-5.18326
-50.39,-4.5669
-50.37,-3.95303
-50.37,-3.3413
-50.37,-2.73136
-50.38,-2.12289
-50.37,-1.51555
-50.36,-0.90901
-50.35,-0.30295
-48.21,0.302949
-48.21,0.909006
-48.19,1.515545
-48.19,2.122888
-48.19,2.731362
-48.2,3.341297
-48.2,3.953028
-48.21,4.566898
-48.2,5.183259
-48.17,5.802471
-48.18,6.424907
-48.18,7.050952
-48.18,7.681006
-48.16,8.315488
-48.15,8.954834
-48.13,9.599501
-48.12,10.24997
-48.11,10.90676
-48.09,11.5704
-48.07,12.24148
-48.04,12.92059
-48.03,13.60841
-48.03,14.30563
-48.03,15.01303
-50.5,15.73141
-50.51,16.46168
-50.53,17.20481
-50.54,17.96188
-50.54,18.73404
-50.56,19.5226
-50.55,20.32899
-50.54,21.15481
-50.55,22.00185
-50.57,22.87213
-50.59,23.76793
-50.59,24.69184
-50.61,25.64687
-50.63,26.63647
-50.63,27.66467
-50.75,28.73624
-50.53,29.85687
-50.71,31.03341
-50.73,32.27427
-50.82,33.58996
-50.88,34.99383
-50.61,36.50335
-50.61,38.14207
-50.61,39.94304
-48.65,-39.943
-48.67,-38.1421
-48.69,-36.5034
-48.65,-34.9938
-48.78,-33.59
-48.76,-32.2743
-48.77,-31.0334
-48.77,-29.8569
-48.79,-28.7362
-48.75,-27.6647
-48.76,-26.6365
-48.77,-25.6469
-48.77,-24.6918
-48.78,-23.7679
-48.77,-22.8721
-48.77,-22.0019
-48.77,-21.1548
-48.77,-20.329
-48.75,-19.5226
-48.76,-18.734
-48.75,-17.9619
-48.74,-17.2048
-48.74,-16.4617
-48.74,-15.7314
-51.17,-15.013
-51.14,-14.3056
-51.11,-13.6084
-51.08,-12.9206
-51.06,-12.2415
-51.05,-11.5704
-51.02,-10.9068
-51.0,-10.25
-50.99,-9.5995
-50.99,-8.95483
-50.98,-8.31549
-50.96,-7.68101
-50.95,-7.05095
-50.94,-6.42491
-50.93,-5.80247
-50.93,-5.18326
-50.91,-4.5669
-50.89,-3.95303
-50.89,-3.3413
-50.89,-2.73136
-50.9,-2.12289
-50.89,-1.51555
-50.88,-0.90901
-50.87,-0.30295
-48.73,0.302949
-48.73,0.909006
-48.71,1.515545
-48.71,2.122888
-48.71,2.731362
-48.72,3.341297
-48.72,3.953028
-48.73,4.566898
-48.72,5.183259
-48.69,5.802471
-48.7,6.424907
-48.7,7.050952
-48.7,7.681006
-48.68,8.315488
-48.67,8.954834
-48.65,9.599501
-48.64,10.24997
-48.63,10.90676
-48.61,11.5704
-48.59,12.24148
-48.56,12.92059
-48.55,13.60841
-48.55,14.30563
-48.55,15.01303
-51.02,15.73141
-51.03,16.46168
-51.05,17.20481
-51.06,17.96188
-51.06,18.73404
-51.08,19.5226
-51.07,20.32899
-51.06,21.15481
-51.07,22.00185
-51.09,22.87213
-51.11,23.76793
-51.11,24.69184
-51.13,25.64687
-51.15,26.63647
-51.15,27.66467
-51.27,28.73624
-51.05,29.85687
-51.23,31.03341
-51.25,32.27427
-51.34,33.58996
-51.4,34.99383
-51.13,36.50335
-51.13,38.14207
-51.13,39.94304
-49.16,-39.943
-49.18,-38.1421
-49.2,-36.5034
-49.16,-34.9938
-49.29,-33.59
-49.27,-32.2743
-49.28,-31.0334
-49.28,-29.8569
-49.3,-28.7362
-49.26,-27.6647
-49.27,-26.6365
-49.28,-25.6469
-49.28,-24.6918
-49.29,-23.7679
-49.28,-22.8721
-49.28,-22.0019
-49.28,-21.1548
-49.28,-20.329
-49.26,-19.5226
-49.27,-18.734
-49.26,-17.9619
-49.25,-17.2048
-49.25,-16.4617
-49.25,-15.7314
-51.68,-15.013
-51.65,-14.3056
-51.62,-13.6084
-51.59,-12.9206
-51.57,-12.2415
-51.56,-11.5704
-51.53,-10.9068
-51.51,-10.25
-51.5,-9.5995
-51.5,-8.95483
-51.49,-8.31549
-51.47,-7.68101
-51.46,-7.05095
-51.45,-6.42491
-51.44,-5.80247
-51.44,-5.18326
-51.42,-4.5669
-51.4,-3.95303
-51.4,-3.3413
-51.4,-2.73136
-51.41,-2.12289
-51.4,-1.51555
-51.39,-0.90901
-51.38,-0.30295
-49.24,0.302949
-49.24,0.909006
-49.22,1.515545
-49.22,2.122888
-49.22,2.731362
-49.23,3.341297
-49.23,3.953028
-49.24,4.566898
-49.23,5.183259
-49.2,5.802471
-49.21,6.424907
-49.21,7.050952
-49.21,7.681006
-49.19,8.315488
-49.18,8.954834
-49.16,9.599501
-49.15,10.24997
-49.14,10.90676
-49.12,11.5704
-49.1,12.24148
-49.07,12.92059
-49.06,13.60841
-49.06,14.30563
-49.06,15.01303
-51.53,15.73141
-51.54,16.46168
-51.56,17.20481
-51.57,17.96188
-51.57,18.73404
-51.59,19.5226
-51.58,20.32899
-51.57,21.15481
-51.58,22.00185
-51.6,22.87213
-51.62,23.76793
-51.62,24.69184
-51.64,25.64687
-51.66,26.63647
-51.66,27.66467
-51.78,28.73624
-51.56,29.85687
-51.74,31.03341
-51.76,32.27427
-51.85,33.58996
-51.91,34.99383
-51.64,36.50335
-51.64,38.14207
-51.64,39.94304
-49.68,-39.943
-49.7,-38.1421
-49.72,-36.5034
-49.68,-34.9938
-49.81,-33.59
-49.79,-32.2743
-49.8,-31.0334
-49.8,-29.8569
-49.82,-28.7362
-49.78,-27.6647
-49.79,-26.6365
-49.8,-25.6469
-49.8,-24.6918
-49.81,-23.7679
-49.8,-22.8721
-49.8,-22.0019
-49.8,-21.1548
-49.8,-20.329
-49.78,-19.5226
-49.79,-18.734
-49.78,-17.9619
-49.77,-17.2048
-49.77,-16.4617
-49.77,-15.7314
-52.2,-15.013
-52.17,-14.3056
-52.14,-13.6084
-52.11,-12.9206
-52.09,-12.2415
-52.08,-11.5704
-52.05,-10.9068
-52.03,-10.25
-52.02,-9.5995
-52.02,-8.95483
-52.01,-8.31549
-51.99,-7.68101
-51.98,-7.05095
-51.97,-6.42491
-51.96,-5.80247
-51.96,-5.18326
-51.94,-4.5669
-51.92,-3.95303
-51.92,-3.3413
-51.92,-2.73136
-51.93,-2.12289
-51.92,-1.51555
-51.91,-0.90901
-51.9,-0.30295
-49.76,0.302949
-49.76,0.909006
-49.74,1.515545
-49.74,2.122888
-49.74,2.731362
-49.75,3.341297
-49.75,3.953028
-49.76,4.566898
-49.75,5.183259
-49.72,5.802471
-49.73,6.424907
-49.73,7.050952
-49.73,7.681006
-49.71,8.315488
-49.7,8.954834
-49.68,9.599501
-49.67,10.24997
-49.66,10.90676
-49.64,11.5704
-49.62,12.24148
-49.59,12.92059
-49.58,13.60841
-49.58,14.30563
-49.58,15.01303
-52.05,15.73141
-52.06,16.46168
-52.08,17.20481
-52.09,17.96188
-52.09,18.73404
-52.11,19.5226
-52.1,20.32899
-52.09,21.15481
-52.1,22.00185
-52.12,22.87213
-52.14,23.76793
-52.14,24.69184
-52.16,25.64687
-52.18,26.63647
-52.18,27.66467
-52.3,28.73624
-52.08,29.85687
-52.26,31.03341
-52.28,32.27427
-52.37,33.58996
-52.43,34.99383
-52.16,36.50335
-52.16,38.14207
-52.16,39.94304
-50.19,-39.943
-50.21,-38.1421
-50.23,-36.5034
-50.19,-34.9938
-50.32,-33.59
-50.3,-32.2743
-50.31,-31.0334
-50.31,-29.8569
-50.33,-28.7362
-50.29,-27.6647
-50.3,-26.6365
-50.31,-25.6469
-50.31,-24.6918
-50.32,-23.7679
-50.31,-22.8721
-50.31,-22.0019
-50.31,-21.1548
-50.31,-20.329
-50.29,-19.5226
-50.3,-18.734
-50.29,-17.9619
-50.28,-17.2048
-50.28,-16.4617
-50.28,-15.7314
-52.71,-15.013
-52.68,-14.3056
-52.65,-13.6084
-52.62,-12.9206
-52.6,-12.2415
-52.59,-11.5704
-52.56,-10.9068
-52.54,-10.25
-52.53,-9.5995
-52.53,-8.95483
-52.52,-8.31549
-52.5,-7.68101
-52.49,-7.05095
-52.48,-6.42491
-52.47,-5.80247
-52.47,-5.18326
-52.45,-4.5669
-52.43,-3.95303
-52.43,-3.3413
-52.43,-2.73136
-52.44,-2.12289
-52.43,-1.51555
-52.42,-0.90901
-52.41,-0.30295
-50.27,0.302949
-50.27,0.909006
-50.25,1.515545
-50.25,2.122888
-50.25,2.731362
-50.26,3.341297
-50.26,3.953028
-50.27,4.566898
-50.26,5.183259
-50.23,5.802471
-50.24,6.424907
-50.24,7.050952
-50.24,7.681006
-50.22,8.315488
-50.21,8.954834
-50.19,9.599501
-50.18,10.24997
-50.17,10.90676
-50.15,11.5704
-50.13,12.24148
-50.1,12.92059
-50.09,13.60841
-50.09,14.30563
-50.09,15.01303
-52.56,15.73141
-52.57,16.46168
-52.59,17.20481
-52.6,17.96188
-52.6,18.73404
-52.62,19.5226
-52.61,20.32899
-52.6,21.15481
-52.61,22.00185
-52.63,22.87213
-52.65,23.76793
-52.65,24.69184
-52.67,25.64687
-52.69,26.63647
-52.69,27.66467
-52.81,28.73624
-52.59,29.85687
-52.77,31.03341
-52.79,32.27427
-52.88,33.58996
-52.94,34.99383
-52.67,36.50335
-52.67,38.14207
-52.67,39.94304
-50.71,-39.943
-50.73,-38.1421
-50.75,-36.5034
-50.71,-34.9938
-50.84,-33.59
-50.82,-32.2743
-50.83,-31.0334
-50.83,-29.8569
-50.85,-28.7362
-50.81,-27.6647
-50.82,-26.6365
-50.83,-25.6469
-50.83,-24.6918
-50.84,-23.7679
-50.83,-22.8721
-50.83,-22.0019
-50.83,-21.1548
-50.83,-20.329
-50.81,-19.5226
-50.82,-18.734
-50.81,-17.9619
-50.8,-17.2048
-50.8,-16.4617
-50.8,-15.7314
-53.23,-15.013
-53.2,-14.3056
-53.17,-13.6084
-53.14,-12.9206
-53.12,-12.2415
-53.11,-11.5704
-53.08,-10.9068
-53.06,-10.25
-53.05,-9.5995
-53.05,-8.95483
-53.04,-8.31549
-53.02,-7.68101
-53.01,-7.05095
-53.0,-6.42491
-52.99,-5.80247
-52.99,-5.18326
-52.97,-4.5669
-52.95,-3.95303
-52.95,-3.3413
-52.95,-2.73136
-52.96,-2.12289
-52.95,-1.51555
-52.94,-0.90901
-52.93,-0.30295
-50.79,0.302949
-50.79,0.909006
-50.77,1.515545
-50.77,2.122888
-50.77,2.731362
-50.78,3.341297
-50.78,3.953028
-50.79,4.566898
-50.78,5.183259
-50.75,5.802471
-50.76,6.424907
-50.76,7.050952
-50.76,7.681006
-50.74,8.315488
-50.73,8.954834
-50.71,9.599501
-50.7,10.24997
-50.69,10.90676
-50.67,11.5704
-50.65,12.24148
-50.62,12.92059
-50.61,13.60841
-50.61,14.30563
-50.61,15.01303
-53.08,15.73141
-53.09,16.46168
-53.11,17.20481
-53.12,17.96188
-53.12,18.73404
-53.14,19.5226
-53.13,20.32899
-53.12,21.15481
-53.13,22.00185
-53.15,22.87213
-53.17,23.76793
-53.17,24.69184
-53.19,25.64687
-53.21,26.63647
-53.21,27.66467
-53.33,28.73624
-53.11,29.85687
-53.29,31.03341
-53.31,32.27427
-53.4,33.58996
-53.46,34.99383
-53.19,36.50335
-53.19,38.14207
-53.19,39.94304
-51.23,-39.943
-51.25,-38.1421
-51.27,-36.5034
-51.23,-34.9938
-51.36,-33.59
-51.34,-32.2743
-51.35,-31.0334
-51.35,-29.8569
-51.37,-28.7362
-51.33,-27.6647
-51.34,-26.6365
-51.35,-25.6469
-51.35,-24.6918
-51.36,-23.7679
-51.35,-22.8721
-51.35,-22.0019
-51.35,-21.1548
-51.35,-20.329
-51.33,-19.5226
-51.34,-18.734
-51.33,-17.9619
-51.32,-17.2048
-51.32,-16.4617
-51.32,-15.7314
-53.75,-15.013
-53.72,-14.3056
-53.69,-13.6084
-53.66,-12.9206
-53.64,-12.2415
-53.63,-11.5704
-53.6,-10.9068
-53.58,-10.25
-53.57,-9.5995
-53.57,-8.95483
-53.56,-8.31549
-53.54,-7.68101
-53.53,-7.05095
-53.52,-6.42491
-53.51,-5.80247
-53.51,-5.18326
-53.49,-4.5669
-53.47,-3.95303
-53.47,-3.3413
-53.47,-2.73136
-53.48,-2.12289
-53.47,-1.51555
-53.46,-0.90901
-53.45,-0.30295
-51.31,0.302949
-51.31,0.909006
-51.29,1.515545
-51.29,2.122888
-51.29,2.731362
-51.3,3.341297
-51.3,3.953028
-51.31,4.566898
-51.3,5.183259
-51.27,5.802471
-51.28,6.424907
-51.28,7.050952
-51.28,7.681006
-51.26,8.315488
-51.25,8.954834
-51.23,9.599501
-51.22,10.24997
-51.21,10.90676
-51.19,11.5704
-51.17,12.24148
-51.14,12.92059
-51.13,13.60841
-51.13,14.30563
-51.13,15.01303
-53.6,15.73141
-53.61,16.46168
-53.63,17.20481
-53.64,17.96188
-53.64,18.73404
-53.66,19.5226
-53.65,20.32899
-53.64,21.15481
-53.65,22.00185
-53.67,22.87213
-53.69,23.76793
-53.69,24.69184
-53.71,25.64687
-53.73,26.63647
-53.73,27.66467
-53.85,28.73624
-53.63,29.85687
-53.81,31.03341
-53.83,32.27427
-53.92,33.58996
-53.98,34.99383
-53.71,36.50335
-53.71,38.14207
-53.71,39.94304
-51.74,-39.943
-51.76,-38.1421
-51.78,-36.5034
-51.74,-34.9938
-51.87,-33.59
-51.85,-32.2743
-51.86,-31.0334
-51.86,-29.8569
-51.88,-28.7362
-51.84,-27.6647
-51.85,-26.6365
-51.86,-25.6469
-51.86,-24.6918
-51.87,-23.7679
-51.86,-22.8721
-51.86,-22.0019
-51.86,-21.1548
-51.86,-20.329
-51.84,-19.5226
-51.85,-18.734
-51.84,-17.9619
-51.83,-17.2048
-51.83,-16.4617
-51.83,-15.7314
-54.26,-15.013
-54.23,-14.3056
-54.2,-13.6084
-54.17,-12.9206
-54.15,-12.2415
-54.14,-11.5704
-54.11,-10.9068
-54.09,-10.25
-54.08,-9.5995
-54.08,-8.95483
-54.07,-8.31549
-54.05,-7.68101
-54.04,-7.05095
-54.03,-6.42491
-54.02,-5.80247
-54.02,-5.18326
-54.0,-4.5669
-53.98,-3.95303
-53.98,-3.3413
-53.98,-2.73136
-53.99,-2.12289
-53.98,-1.51555
-53.97,-0.90901
-53.96,-0.30295
-51.82,0.302949
-51.82,0.909006
-51.8,1.515545
-51.8,2.122888
-51.8,2.731362
-51.81,3.341297
-51.81,3.953028
-51.82,4.566898
-51.81,5.183259
-51.78,5.802471
-51.79,6.424907
-51.79,7.050952
-51.79,7.681006
-51.77,8.315488
-51.76,8.954834
-51.74,9.599501
-51.73,10.24997
-51.72,10.90676
-51.7,11.5704
-51.68,12.24148
-51.65,12.92059
-51.64,13.60841
-51.64,14.30563
-51.64,15.01303
-54.11,15.73141
-54.12,16.46168
-54.14,17.20481
-54.15,17.96188
-54.15,18.73404
-54.17,19.5226
-54.16,20.32899
-54.15,21.15481
-54.16,22.00185
-54.18,22.87213
-54.2,23.76793
-54.2,24.69184
-54.22,25.64687
-54.24,26.63647
-54.24,27.66467
-54.36,28.73624
-54.14,29.85687
-54.32,31.03341
-54.34,32.27427
-54.43,33.58996
-54.49,34.99383
-54.22,36.50335
-54.22,38.14207
-54.22,39.94304
-52.26,-39.943
-52.28,-38.1421
-52.3,-36.5034
-52.26,-34.9938
-52.39,-33.59
-52.37,-32.2743
-52.38,-31.0334
-52.38,-29.8569
-52.4,-28.7362
-52.36,-27.6647
-52.37,-26.6365
-52.38,-25.6469
-52.38,-24.6918
-52.39,-23.7679
-52.38,-22.8721
-52.38,-22.0019
-52.38,-21.1548
-52.38,-20.329
-52.36,-19.5226
-52.37,-18.734
-52.36,-17.9619
-52.35,-17.2048
-52.35,-16.4617
-52.35,-15.7314
-54.78,-15.013
-54.75,-14.3056
-54.72,-13.6084
-54.69,-12.9206
-54.67,-12.2415
-54.66,-11.5704
-54.63,-10.9068
-54.61,-10.25
-54.6,-9.5995
-54.6,-8.95483
-54.59,-8.31549
-54.57,-7.68101
-54.56,-7.05095
-54.55,-6.42491
-54.54,-5.80247
-54.54,-5.18326
-54.52,-4.5669
-54.5,-3.95303
-54.5,-3.3413
-54.5,-2.73136
-54.51,-2.12289
-54.5,-1.51555
-54.49,-0.90901
-54.48,-0.30295
-52.34,0.302949
-52.34,0.909006
-52.32,1.515545
-52.32,2.122888
-52.32,2.731362
-52.33,3.341297
-52.33,3.953028
-52.34,4.566898
-52.33,5.183259
-52.3,5.802471
-52.31,6.424907
-52.31,7.050952
-52.31,7.681006
-52.29,8.315488
-52.28,8.954834
-52.26,9.599501
-52.25,10.24997
-52.24,10.90676
-52.22,11.5704
-52.2,12.24148
-52.17,12.92059
-52.16,13.60841
-52.16,14.30563
-52.16,15.01303
-54.63,15.73141
-54.64,16.46168
-54.66,17.20481
-54.67,17.96188
-54.67,18.73404
-54.69,19.5226
-54.68,20.32899
-54.67,21.15481
-54.68,22.00185
-54.7,22.87213
-54.72,23.76793
-54.72,24.69184
-54.74,25.64687
-54.76,26.63647
-54.76,27.66467
-54.88,28.73624
-54.66,29.85687
-54.84,31.03341
-54.86,32.27427
-54.95,33.58996
-55.01,34.99383
-54.74,36.50335
-54.74,38.14207
-54.74,39.94304
-52.77,-39.943
-52.79,-38.1421
-52.81,-36.5034
-52.77,-34.9938
-52.9,-33.59
-52.88,-32.2743
-52.89,-31.0334
-52.89,-29.8569
-52.91,-28.7362
-52.87,-27.6647
-52.88,-26.6365
-52.89,-25.6469
-52.89,-24.6918
-52.9,-23.7679
-52.89,-22.8721
-52.89,-22.0019
-52.89,-21.1548
-52.89,-20.329
-52.87,-19.5226
-52.88,-18.734
-52.87,-17.9619
-52.86,-17.2048
-52.86,-16.4617
-52.86,-15.7314
-55.29,-15.013
-55.26,-14.3056
-55.23,-13.6084
-55.2,-12.9206
-55.18,-12.2415
-55.17,-11.5704
-55.14,-10.9068
-55.12,-10.25
-55.11,-9.5995
-55.11,-8.95483
-55.1,-8.31549
-55.08,-7.68101
-55.07,-7.05095
-55.06,-6.42491
-55.05,-5.80247
-55.05,-5.18326
-55.03,-4.5669
-55.01,-3.95303
-55.01,-3.3413
-55.01,-2.73136
-55.02,-2.12289
-55.01,-1.51555
-55.0,-0.90901
-54.99,-0.30295
-52.85,0.302949
-52.85,0.909006
-52.83,1.515545
-52.83,2.122888
-52.83,2.731362
-52.84,3.341297
-52.84,3.953028
-52.85,4.566898
-52.84,5.183259
-52.81,5.802471
-52.82,6.424907
-52.82,7.050952
-52.82,7.681006
-52.8,8.315488
-52.79,8.954834
-52.77,9.599501
-52.76,10.24997
-52.75,10.90676
-52.73,11.5704
-52.71,12.24148
-52.68,12.92059
-52.67,13.60841
-52.67,14.30563
-52.67,15.01303
-55.14,15.73141
-55.15,16.46168
-55.17,17.20481
-55.18,17.96188
-55.18,18.73404
-55.2,19.5226
-55.19,20.32899
-55.18,21.15481
-55.19,22.00185
-55.21,22.87213
-55.23,23.76793
-55.23,24.69184
-55.25,25.64687
-55.27,26.63647
-55.27,27.66467
-55.39,28.73624
-55.17,29.85687
-55.35,31.03341
-55.37,32.27427
-55.46,33.58996
-55.52,34.99383
-55.25,36.50335
-55.25,38.14207
-55.25,39.94304
-53.29,-39.943
-53.31,-38.1421
-53.33,-36.5034
-53.29,-34.9938
-53.42,-33.59
-53.4,-32.2743
-53.41,-31.0334
-53.41,-29.8569
-53.43,-28.7362
-53.39,-27.6647
-53.4,-26.6365
-53.41,-25.6469
-53.41,-24.6918
-53.42,-23.7679
-53.41,-22.8721
-53.41,-22.0019
-53.41,-21.1548
-53.41,-20.329
-53.39,-19.5226
-53.4,-18.734
-53.39,-17.9619
-53.38,-17.2048
-53.38,-16.4617
-53.38,-15.7314
-55.81,-15.013
-55.78,-14.3056
-55.75,-13.6084
-55.72,-12.9206
-55.7,-12.2415
-55.69,-11.5704
-55.66,-10.9068
-55.64,-10.25
-55.63,-9.5995
-55.63,-8.95483
-55.62,-8.31549
-55.6,-7.68101
-55.59,-7.05095
-55.58,-6.42491
-55.57,-5.80247
-55.57,-5.18326
-55.55,-4.5669
-55.53,-3.95303
-55.53,-3.3413
-55.53,-2.73136
-55.54,-2.12289
-55.53,-1.51555
-55.52,-0.90901
-55.51,-0.30295
-53.37,0.302949
-53.37,0.909006
-53.35,1.515545
-53.35,2.122888
-53.35,2.731362
-53.36,3.341297
-53.36,3.953028
-53.37,4.566898
-53.36,5.183259
-53.33,5.802471
-53.34,6.424907
-53.34,7.050952
-53.34,7.681006
-53.32,8.315488
-53.31,8.954834
-53.29,9.599501
-53.28,10.24997
-53.27,10.90676
-53.25,11.5704
-53.23,12.24148
-53.2,12.92059
-53.19,13.60841
-53.19,14.30563
-53.19,15.01303
-55.66,15.73141
-55.67,16.46168
-55.69,17.20481
-55.7,17.96188
-55.7,18.73404
-55.72,19.5226
-55.71,20.32899
-55.7,21.15481
-55.71,22.00185
-55.73,22.87213
-55.75,23.76793
-55.75,24.69184
-55.77,25.64687
-55.79,26.63647
-55.79,27.66467
-55.91,28.73624
-55.69,29.85687
-55.87,31.03341
-55.89,32.27427
-55.98,33.58996
-56.04,34.99383
-55.77,36.50335
-55.77,38.14207
-55.77,39.94304
-53.81,-39.943
-53.83,-38.1421
-53.85,-36.5034
-53.81,-34.9938
-53.94,-33.59
-53.92,-32.2743
-53.93,-31.0334
-53.93,-29.8569
-53.95,-28.7362
-53.91,-27.6647
-53.92,-26.6365
-53.93,-25.6469
-53.93,-24.6918
-53.94,-23.7679
-53.93,-22.8721
-53.93,-22.0019
-53.93,-21.1548
-53.93,-20.329
-53.91,-19.5226
-53.92,-18.734
-53.91,-17.9619
-53.9,-17.2048
-53.9,-16.4617
-53.9,-15.7314
-56.33,-15.013
-56.3,-14.3056
-56.27,-13.6084
-56.24,-12.9206
-56.22,-12.2415
-56.21,-11.5704
-56.18,-10.9068
-56.16,-10.25
-56.15,-9.5995
-56.15,-8.95483
-56.14,-8.31549
-56.12,-7.68101
-56.11,-7.05095
-56.1,-6.42491
-56.09,-5.80247
-56.09,-5.18326
-56.07,-4.5669
-56.05,-3.95303
-56.05,-3.3413
-56.05,-2.73136
-56.06,-2.12289
-56.05,-1.51555
-56.04,-0.90901
-56.03,-0.30295
-53.89,0.302949
-53.89,0.909006
-53.87,1.515545
-53.87,2.122888
-53.87,2.731362
-53.88,3.341297
-53.88,3.953028
-53.89,4.566898
-53.88,5.183259
-53.85,5.802471
-53.86,6.424907
-53.86,7.050952
-53.86,7.681006
-53.84,8.315488
-53.83,8.954834
-53.81,9.599501
-53.8,10.24997
-53.79,10.90676
-53.77,11.5704
-53.75,12.24148
-53.72,12.92059
-53.71,13.60841
-53.71,14.30563
-53.71,15.01303
-56.18,15.73141
-56.19,16.46168
-56.21,17.20481
-56.22,17.96188
-56.22,18.73404
-56.24,19.5226
-56.23,20.32899
-56.22,21.15481
-56.23,22.00185
-56.25,22.87213
-56.27,23.76793
-56.27,24.69184
-56.29,25.64687
-56.31,26.63647
-56.31,27.66467
-56.43,28.73624
-56.21,29.85687
-56.39,31.03341
-56.41,32.27427
-56.5,33.58996
-56.56,34.99383
-56.29,36.50335
-56.29,38.14207
-56.29,39.94304
-54.32,-39.943
-54.34,-38.1421
-54.36,-36.5034
-54.32,-34.9938
-54.45,-33.59
-54.43,-32.2743
-54.44,-31.0334
-54.44,-29.8569
-54.46,-28.7362
-54.42,-27.6647
-54.43,-26.6365
-54.44,-25.6469
-54.44,-24.6918
-54.45,-23.7679
-54.44,-22.8721
-54.44,-22.0019
-54.44,-21.1548
-54.44,-20.329
-54.42,-19.5226
-54.43,-18.734
-54.42,-17.9619
-54.41,-17.2048
-54.41,-16.4617
-54.41,-15.7314
-56.84,-15.013
-56.81,-14.3056
-56.78,-13.6084
-56.75,-12.9206
-56.73,-12.2415
-56.72,-11.5704
-56.69,-10.9068
-56.67,-10.25
-56.66,-9.5995
-56.66,-8.95483
-56.65,-8.31549
-56.63,-7.68101
-56.62,-7.05095
-56.61,-6.42491
-56.6,-5.80247
-56.6,-5.18326
-56.58,-4.5669
-56.56,-3.95303
-56.56,-3.3413
-56.56,-2.73136
-56.57,-2.12289
-56.56,-1.51555
-56.55,-0.90901
-56.54,-0.30295
-54.4,0.302949
-54.4,0.909006
-54.38,1.515545
-54.38,2.122888
-54.38,2.731362
-54.39,3.341297
-54.39,3.953028
-54.4,4.566898
-54.39,5.183259
-54.36,5.802471
-54.37,6.424907
-54.37,7.050952
-54.37,7.681006
-54.35,8.315488
-54.34,8.954834
-54.32,9.599501
-54.31,10.24997
-54.3,10.90676
-54.28,11.5704
-54.26,12.24148
-54.23,12.92059
-54.22,13.60841
-54.22,14.30563
-54.22,15.01303
-56.69,15.73141
-56.7,16.46168
-56.72,17.20481
-56.73,17.96188
-56.73,18.73404
-56.75,19.5226
-56.74,20.32899
-56.73,21.15481
-56.74,22.00185
-56.76,22.87213
-56.78,23.76793
-56.78,24.69184
-56.8,25.64687
-56.82,26.63647
-56.82,27.66467
-56.94,28.73624
-56.72,29.85687
-56.9,31.03341
-56.92,32.27427
-57.01,33.58996
-57.07,34.99383
-56.8,36.50335
-56.8,38.14207
-56.8,39.94304
-54.84,-39.943
-54.86,-38.1421
-54.88,-36.5034
-54.84,-34.9938
-54.97,-33.59
-54.95,-32.2743
-54.96,-31.0334
-54.96,-29.8569
-54.98,-28.7362
-54.94,-27.6647
-54.95,-26.6365
-54.96,-25.6469
-54.96,-24.6918
-54.97,-23.7679
-54.96,-22.8721
-54.96,-22.0019
-54.96,-21.1548
-54.96,-20.329
-54.94,-19.5226
-54.95,-18.734
-54.94,-17.9619
-54.93,-17.2048
-54.93,-16.4617
-54.93,-15.7314
-57.36,-15.013
-57.33,-14.3056
-57.3,-13.6084
-57.27,-12.9206
-57.25,-12.2415
-57.24,-11.5704
-57.21,-10.9068
-57.19,-10.25
-57.18,-9.5995
-57.18,-8.95483
-57.17,-8.31549
-57.15,-7.68101
-57.14,-7.05095
-57.13,-6.42491
-57.12,-5.80247
-57.12,-5.18326
-57.1,-4.5669
-57.08,-3.95303
-57.08,-3.3413
-57.08,-2.73136
-57.09,-2.12289
-57.08,-1.51555
-57.07,-0.90901
-57.06,-0.30295
-54.92,0.302949
-54.92,0.909006
-54.9,1.515545
-54.9,2.122888
-54.9,2.731362
-54.91,3.341297
-54.91,3.953028
-54.92,4.566898
-54.91,5.183259
-54.88,5.802471
-54.89,6.424907
-54.89,7.050952
-54.89,7.681006
-54.87,8.315488
-54.86,8.954834
-54.84,9.599501
-54.83,10.24997
-54.82,10.90676
-54.8,11.5704
-54.78,12.24148
-54.75,12.92059
-54.74,13.60841
-54.74,14.30563
-54.74,15.01303
-57.21,15.73141
-57.22,16.46168
-57.24,17.20481
-57.25,17.96188
-57.25,18.73404
-57.27,19.5226
-57.26,20.32899
-57.25,21.15481
-57.26,22.00185
-57.28,22.87213
-57.3,23.76793
-57.3,24.69184
-57.32,25.64687
-57.34,26.63647
-57.34,27.66467
-57.46,28.73624
-57.24,29.85687
-57.42,31.03341
-57.44,32.27427
-57.53,33.58996
-57.59,34.99383
-57.32,36.50335
-57.32,38.14207
-57.32,39.94304
-55.35,-39.943
-55.37,-38.1421
-55.39,-36.5034
-55.35,-34.9938
-55.48,-33.59
-55.46,-32.2743
-55.47,-31.0334
-55.47,-29.8569
-55.49,-28.7362
-55.45,-27.6647
-55.46,-26.6365
-55.47,-25.6469
-55.47,-24.6918
-55.48,-23.7679
-55.47,-22.8721
-55.47,-22.0019
-55.47,-21.1548
-55.47,-20.329
-55.45,-19.5226
-55.46,-18.734
-55.45,-17.9619
-55.44,-17.2048
-55.44,-16.4617
-55.44,-15.7314
-57.87,-15.013
-57.84,-14.3056
-57.81,-13.6084
-57.78,-12.9206
-57.76,-12.2415
-57.75,-11.5704
-57.72,-10.9068
-57.7,-10.25
-57.69,-9.5995
-57.69,-8.95483
-57.68,-8.31549
-57.66,-7.68101
-57.65,-7.05095
-57.64,-6.42491
-57.63,-5.80247
-57.63,-5.18326
-57.61,-4.5669
-57.59,-3.95303
-57.59,-3.3413
-57.59,-2.73136
-57.6,-2.12289
-57.59,-1.51555
-57.58,-0.90901
-57.57,-0.30295
-55.43,0.302949
-55.43,0.909006
-55.41,1.515545
-55.41,2.122888
-55.41,2.731362
-55.42,3.341297
-55.42,3.953028
-55.43,4.566898
-55.42,5.183259
-55.39,5.802471
-55.4,6.424907
-55.4,7.050952
-55.4,7.681006
-55.38,8.315488
-55.37,8.954834
-55.35,9.599501
-55.34,10.24997
-55.33,10.90676
-55.31,11.5704
-55.29,12.24148
-55.26,12.92059
-55.25,13.60841
-55.25,14.30563
-55.25,15.01303
-57.72,15.73141
-57.73,16.46168
-57.75,17.20481
-57.76,17.96188
-57.76,18.73404
-57.78,19.5226
-57.77,20.32899
-57.76,21.15481
-57.77,22.00185
-57.79,22.87213
-57.81,23.76793
-57.81,24.69184
-57.83,25.64687
-57.85,26.63647
-57.85,27.66467
-57.97,28.73624
-57.75,29.85687
-57.93,31.03341
-57.95,32.27427
-58.04,33.58996
-58.1,34.99383
-57.83,36.50335
-57.83,38.14207
-57.83,39.94304
-55.87,-39.943
-55.89,-38.1421
-55.91,-36.5034
-55.87,-34.9938
-56.0,-33.59
-55.98,-32.2743
-55.99,-31.0334
-55.99,-29.8569
-56.01,-28.7362
-55.97,-27.6647
-55.98,-26.6365
-55.99,-25.6469
-55.99,-24.6918
-56.0,-23.7679
-55.99,-22.8721
-55.99,-22.0019
-55.99,-21.1548
-55.99,-20.329
-55.97,-19.5226
-55.98,-18.734
-55.97,-17.9619
-55.96,-17.2048
-55.96,-16.4617
-55.96,-15.7314
-58.39,-15.013
-58.36,-14.3056
-58.33,-13.6084
-58.3,-12.9206
-58.28,-12.2415
-58.27,-11.5704
-58.24,-10.9068
-58.22,-10.25
-58.21,-9.5995
-58.21,-8.95483
-58.2,-8.31549
-58.18,-7.68101
-58.17,-7.05095
-58.16,-6.42491
-58.15,-5.80247
-58.15,-5.18326
-58.13,-4.5669
-58.11,-3.95303
-58.11,-3.3413
-58.11,-2.73136
-58.12,-2.12289
-58.11,-1.51555
-58.1,-0.90901
-58.09,-0.30295
-55.95,0.302949
-55.95,0.909006
-55.93,1.515545
-55.93,2.122888
-55.93,2.731362
-55.94,3.341297
-55.94,3.953028
-55.95,4.566898
-55.94,5.183259
-55.91,5.802471
-55.92,6.424907
-55.92,7.050952
-55.92,7.681006
-55.9,8.315488
-55.89,8.954834
-55.87,9.599501
-55.86,10.24997
-55.85,10.90676
-55.83,11.5704
-55.81,12.24148
-55.78,12.92059
-55.77,13.60841
-55.77,14.30563
-55.77,15.01303
-58.24,15.73141
-58.25,16.46168
-58.27,17.20481
-58.28,17.96188
-58.28,18.73404
-58.3,19.5226
-58.29,20.32899
-58.28,21.15481
-58.29,22.00185
-58.31,22.87213
-58.33,23.76793
-58.33,24.69184
-58.35,25.64687
-58.37,26.63647
-58.37,27.66467
-58.49,28.73624
-58.27,29.85687
-58.45,31.03341
-58.47,32.27427
-58.56,33.58996
-58.62,34.99383
-58.35,36.50335
-58.35,38.14207
-58.35,39.94304
-56.39,-39.943
-56.41,-38.1421
-56.43,-36.5034
-56.39,-34.9938
-56.52,-33.59
-56.5,-32.2743
-56.51,-31.0334
-56.51,-29.8569
-56.53,-28.7362
-56.49,-27.6647
-56.5,-26.6365
-56.51,-25.6469
-56.51,-24.6918
-56.52,-23.7679
-56.51,-22.8721
-56.51,-22.0019
-56.51,-21.1548
-56.51,-20.329
-56.49,-19.5226
-56.5,-18.734
-56.49,-17.9619
-56.48,-17.2048
-56.48,-16.4617
-56.48,-15.7314
-58.91,-15.013
-58.88,-14.3056
-58.85,-13.6084
-58.82,-12.9206
-58.8,-12.2415
-58.79,-11.5704
-58.76,-10.9068
-58.74,-10.25
-58.73,-9.5995
-58.73,-8.95483
-58.72,-8.31549
-58.7,-7.68101
-58.69,-7.05095
-58.68,-6.42491
-58.67,-5.80247
-58.67,-5.18326
-58.65,-4.5669
-58.63,-3.95303
-58.63,-3.3413
-58.63,-2.73136
-58.64,-2.12289
-58.63,-1.51555
-58.62,-0.90901
-58.61,-0.30295
-56.47,0.302949
-56.47,0.909006
-56.45,1.515545
-56.45,2.122888
-56.45,2.731362
-56.46,3.341297
-56.46,3.953028
-56.47,4.566898
-56.46,5.183259
-56.43,5.802471
-56.44,6.424907
-56.44,7.050952
-56.44,7.681006
-56.42,8.315488
-56.41,8.954834
-56.39,9.599501
-56.38,10.24997
-56.37,10.90676
-56.35,11.5704
-56.33,12.24148
-56.3,12.92059
-56.29,13.60841
-56.29,14.30563
-56.29,15.01303
-58.76,15.73141
-58.77,16.46168
-58.79,17.20481
-58.8,17.96188
-58.8,18.73404
-58.82,19.5226
-58.81,20.32899
-58.8,21.15481
-58.81,22.00185
-58.83,22.87213
-58.85,23.76793
-58.85,24.69184
-58.87,25.64687
-58.89,26.63647
-58.89,27.66467
-59.01,28.73624
-58.79,29.85687
-58.97,31.03341
-58.99,32.27427
-59.08,33.58996
-59.14,34.99383
-58.87,36.50335
-58.87,38.14207
-58.87,39.94304
-56.9,-39.943
-56.92,-38.1421
-56.94,-36.5034
-56.9,-34.9938
-57.03,-33.59
-57.01,-32.2743
-57.02,-31.0334
-57.02,-29.8569
-57.04,-28.7362
-57.0,-27.6647
-57.01,-26.6365
-57.02,-25.6469
-57.02,-24.6918
-57.03,-23.7679
-57.02,-22.8721
-57.02,-22.0019
-57.02,-21.1548
-57.02,-20.329
-57.0,-19.5226
-57.01,-18.734
-57.0,-17.9619
-56.99,-17.2048
-56.99,-16.4617
-56.99,-15.7314
-59.42,-15.013
-59.39,-14.3056
-59.36,-13.6084
-59.33,-12.9206
-59.31,-12.2415
-59.3,-11.5704
-59.27,-10.9068
-59.25,-10.25
-59.24,-9.5995
-59.24,-8.95483
-59.23,-8.31549
-59.21,-7.68101
-59.2,-7.05095
-59.19,-6.42491
-59.18,-5.80247
-59.18,-5.18326
-59.16,-4.5669
-59.14,-3.95303
-59.14,-3.3413
-59.14,-2.73136
-59.15,-2.12289
-59.14,-1.51555
-59.13,-0.90901
-59.12,-0.30295
-56.98,0.302949
-56.98,0.909006
-56.96,1.515545
-56.96,2.122888
-56.96,2.731362
-56.97,3.341297
-56.97,3.953028
-56.98,4.566898
-56.97,5.183259
-56.94,5.802471
-56.95,6.424907
-56.95,7.050952
-56.95,7.681006
-56.93,8.315488
-56.92,8.954834
-56.9,9.599501
-56.89,10.24997
-56.88,10.90676
-56.86,11.5704
-56.84,12.24148
-56.81,12.92059
-56.8,13.60841
-56.8,14.30563
-56.8,15.01303
-59.27,15.73141
-59.28,16.46168
-59.3,17.20481
-59.31,17.96188
-59.31,18.73404
-59.33,19.5226
-59.32,20.32899
-59.31,21.15481
-59.32,22.00185
-59.34,22.87213
-59.36,23.76793
-59.36,24.69184
-59.38,25.64687
-59.4,26.63647
-59.4,27.66467
-59.52,28.73624
-59.3,29.85687
-59.48,31.03341
-59.5,32.27427
-59.59,33.58996
-59.65,34.99383
-59.38,36.50335
-59.38,38.14207
-59.38,39.94304
-57.42,-39.943
-57.44,-38.1421
-57.46,-36.5034
-57.42,-34.9938
-57.55,-33.59
-57.53,-32.2743
-57.54,-31.0334
-57.54,-29.8569
-57.56,-28.7362
-57.52,-27.6647
-57.53,-26.6365
-57.54,-25.6469
-57.54,-24.6918
-57.55,-23.7679
-57.54,-22.8721
-57.54,-22.0019
-57.54,-21.1548
-57.54,-20.329
-57.52,-19.5226
-57.53,-18.734
-57.52,-17.9619
-57.51,-17.2048
-57.51,-16.4617
-57.51,-15.7314
-59.94,-15.013
-59.91,-14.3056
-59.88,-13.6084
-59.85,-12.9206
-59.83,-12.2415
-59.82,-11.5704
-59.79,-10.9068
-59.77,-10.25
-59.76,-9.5995
-59.76,-8.95483
-59.75,-8.31549
-59.73,-7.68101
-59.72,-7.05095
-59.71,-6.42491
-59.7,-5.80247
-59.7,-5.18326
-59.68,-4.5669
-59.66,-3.95303
-59.66,-3.3413
-59.66,-2.73136
-59.67,-2.12289
-59.66,-1.51555
-59.65,-0.90901
-59.64,-0.30295
-57.5,0.302949
-57.5,0.909006
-57.48,1.515545
-57.48,2.122888
-57.48,2.731362
-57.49,3.341297
-57.49,3.953028
-57.5,4.566898
-57.49,5.183259
-57.46,5.802471
-57.47,6.424907
-57.47,7.050952
-57.47,7.681006
-57.45,8.315488
-57.44,8.954834
-57.42,9.599501
-57.41,10.24997
-57.4,10.90676
-57.38,11.5704
-57.36,12.24148
-57.33,12.92059
-57.32,13.60841
-57.32,14.30563
-57.32,15.01303
-59.79,15.73141
-59.8,16.46168
-59.82,17.20481
-59.83,17.96188
-59.83,18.73404
-59.85,19.5226
-59.84,20.32899
-59.83,21.15481
-59.84,22.00185
-59.86,22.87213
-59.88,23.76793
-59.88,24.69184
-59.9,25.64687
-59.92,26.63647
-59.92,27.66467
-60.04,28.73624
-59.82,29.85687
-60.0,31.03341
-60.02,32.27427
-60.11,33.58996
-60.17,34.99383
-59.9,36.50335
-59.9,38.14207
-59.9,39.94304
-57.93,-39.943
-57.95,-38.1421
-57.97,-36.5034
-57.93,-34.9938
-58.06,-33.59
-58.04,-32.2743
-58.05,-31.0334
-58.05,-29.8569
-58.07,-28.7362
-58.03,-27.6647
-58.04,-26.6365
-58.05,-25.6469
-58.05,-24.6918
-58.06,-23.7679
-58.05,-22.8721
-58.05,-22.0019
-58.05,-21.1548
-58.05,-20.329
-58.03,-19.5226
-58.04,-18.734
-58.03,-17.9619
-58.02,-17.2048
-58.02,-16.4617
-58.02,-15.7314
-60.45,-15.013
-60.42,-14.3056
-60.39,-13.6084
-60.36,-12.9206
-60.34,-12.2415
-60.33,-11.5704
-60.3,-10.9068
-60.28,-10.25
-60.27,-9.5995
-60.27,-8.95483
-60.26,-8.31549
-60.24,-7.68101
-60.23,-7.05095
-60.22,-6.42491
-60.21,-5.80247
-60.21,-5.18326
-60.19,-4.5669
-60.17,-3.95303
-60.17,-3.3413
-60.17,-2.73136
-60.18,-2.12289
-60.17,-1.51555
-60.16,-0.90901
-60.15,-0.30295
-58.01,0.302949
-58.01,0.909006
-57.99,1.515545
-57.99,2.122888
-57.99,2.731362
-58.0,3.341297
-58.0,3.953028
-58.01,4.566898
-58.0,5.183259
-57.97,5.802471
-57.98,6.424907
-57.98,7.050952
-57.98,7.681006
-57.96,8.315488
-57.95,8.954834
-57.93,9.599501
-57.92,10.24997
-57.91,10.90676
-57.89,11.5704
-57.87,12.24148
-57.84,12.92059
-57.83,13.60841
-57.83,14.30563
-57.83,15.01303
-60.3,15.73141
-60.31,16.46168
-60.33,17.20481
-60.34,17.96188
-60.34,18.73404
-60.36,19.5226
-60.35,20.32899
-60.34,21.15481
-60.35,22.00185
-60.37,22.87213
-60.39,23.76793
-60.39,24.69184
-60.41,25.64687
-60.43,26.63647
-60.43,27.66467
-60.55,28.73624
-60.33,29.85687
-60.51,31.03341
-60.53,32.27427
-60.62,33.58996
-60.68,34.99383
-60.41,36.50335
-60.41,38.14207
-60.41,39.94304
-58.45,-39.943
-58.47,-38.1421
-58.49,-36.5034
-58.45,-34.9938
-58.58,-33.59
-58.56,-32.2743
-58.57,-31.0334
-58.57,-29.8569
-58.59,-28.7362
-58.55,-27.6647
-58.56,-26.6365
-58.57,-25.6469
-58.57,-24.6918
-58.58,-23.7679
-58.57,-22.8721
-58.57,-22.0019
-58.57,-21.1548
-58.57,-20.329
-58.55,-19.5226
-58.56,-18.734
-58.55,-17.9619
-58.54,-17.2048
-58.54,-16.4617
-58.54,-15.7314
-60.97,-15.013
-60.94,-14.3056
-60.91,-13.6084
-60.88,-12.9206
-60.86,-12.2415
-60.85,-11.5704
-60.82,-10.9068
-60.8,-10.25
-60.79,-9.5995
-60.79,-8.95483
-60.78,-8.31549
-60.76,-7.68101
-60.75,-7.05095
-60.74,-6.42491
-60.73,-5.80247
-60.73,-5.18326
-60.71,-4.5669
-60.69,-3.95303
-60.69,-3.3413
-60.69,-2.73136
-60.7,-2.12289
-60.69,-1.51555
-60.68,-0.90901
-60.67,-0.30295
-58.53,0.302949
-58.53,0.909006
-58.51,1.515545
-58.51,2.122888
-58.51,2.731362
-58.52,3.341297
-58.52,3.953028
-58.53,4.566898
-58.52,5.183259
-58.49,5.802471
-58.5,6.424907
-58.5,7.050952
-58.5,7.681006
-58.48,8.315488
-58.47,8.954834
-58.45,9.599501
-58.44,10.24997
-58.43,10.90676
-58.41,11.5704
-58.39,12.24148
-58.36,12.92059
-58.35,13.60841
-58.35,14.30563
-58.35,15.01303
-60.82,15.73141
-60.83,16.46168
-60.85,17.20481
-60.86,17.96188
-60.86,18.73404
-60.88,19.5226
-60.87,20.32899
-60.86,21.15481
-60.87,22.00185
-60.89,22.87213
-60.91,23.76793
-60.91,24.69184
-60.93,25.64687
-60.95,26.63647
-60.95,27.66467
-61.07,28.73624
-60.85,29.85687
-61.03,31.03341
-61.05,32.27427
-61.14,33.58996
-61.2,34.99383
-60.93,36.50335
-60.93,38.14207
-60.93,39.94304
-58.97,-39.943
-58.99,-38.1421
-59.01,-36.5034
-58.97,-34.9938
-59.1,-33.59
-59.08,-32.2743
-59.09,-31.0334
-59.09,-29.8569
-59.11,-28.7362
-59.07,-27.6647
-59.08,-26.6365
-59.09,-25.6469
-59.09,-24.6918
-59.1,-23.7679
-59.09,-22.8721
-59.09,-22.0019
-59.09,-21.1548
-59.09,-20.329
-59.07,-19.5226
-59.08,-18.734
-59.07,-17.9619
-59.06,-17.2048
-59.06,-16.4617
-59.06,-15.7314
-61.49,-15.013
-61.46,-14.3056
-61.43,-13.6084
-61.4,-12.9206
-61.38,-12.2415
-61.37,-11.5704
-61.34,-10.9068
-61.32,-10.25
-61.31,-9.5995
-61.31,-8.95483
-61.3,-8.31549
-61.28,-7.68101
-61.27,-7.05095
-61.26,-6.42491
-61.25,-5.80247
-61.25,-5.18326
-61.23,-4.5669
-61.21,-3.95303
-61.21,-3.3413
-61.21,-2.73136
-61.22,-2.12289
-61.21,-1.51555
-61.2,-0.90901
-61.19,-0.30295
-59.05,0.302949
-59.05,0.909006
-59.03,1.515545
-59.03,2.122888
-59.03,2.731362
-59.04,3.341297
-59.04,3.953028
-59.05,4.566898
-59.04,5.183259
-59.01,5.802471
-59.02,6.424907
-59.02,7.050952
-59.02,7.681006
-59.0,8.315488
-58.99,8.954834
-58.97,9.599501
-58.96,10.24997
-58.95,10.90676
-58.93,11.5704
-58.91,12.24148
-58.88,12.92059
-58.87,13.60841
-58.87,14.30563
-58.87,15.01303
-61.34,15.73141
-61.35,16.46168
-61.37,17.20481
-61.38,17.96188
-61.38,18.73404
-61.4,19.5226
-61.39,20.32899
-61.38,21.15481
-61.39,22.00185
-61.41,22.87213
-61.43,23.76793
-61.43,24.69184
-61.45,25.64687
-61.47,26.63647
-61.47,27.66467
-61.59,28.73624
-61.37,29.85687
-61.55,31.03341
-61.57,32.27427
-61.66,33.58996
-61.72,34.99383
-61.45,36.50335
-61.45,38.14207
-61.45,39.94304
-59.48,-39.943
-59.5,-38.1421
-59.52,-36.5034
-59.48,-34.9938
-59.61,-33.59
-59.59,-32.2743
-59.6,-31.0334
-59.6,-29.8569
-59.62,-28.7362
-59.58,-27.6647
-59.59,-26.6365
-59.6,-25.6469
-59.6,-24.6918
-59.61,-23.7679
-59.6,-22.8721
-59.6,-22.0019
-59.6,-21.1548
-59.6,-20.329
-59.58,-19.5226
-59.59,-18.734
-59.58,-17.9619
-59.57,-17.2048
-59.57,-16.4617
-59.57,-15.7314
-62.0,-15.013
-61.97,-14.3056
-61.94,-13.6084
-61.91,-12.9206
-61.89,-12.2415
-61.88,-11.5704
-61.85,-10.9068
-61.83,-10.25
-61.82,-9.5995
-61.82,-8.95483
-61.81,-8.31549
-61.79,-7.68101
-61.78,-7.05095
-61.77,-6.42491
-61.76,-5.80247
-61.76,-5.18326
-61.74,-4.5669
-61.72,-3.95303
-61.72,-3.3413
-61.72,-2.73136
-61.73,-2.12289
-61.72,-1.51555
-61.71,-0.90901
-61.7,-0.30295
-59.56,0.302949
-59.56,0.909006
-59.54,1.515545
-59.54,2.122888
-59.54,2.731362
-59.55,3.341297
-59.55,3.953028
-59.56,4.566898
-59.55,5.183259
-59.52,5.802471
-59.53,6.424907
-59.53,7.050952
-59.53,7.681006
-59.51,8.315488
-59.5,8.954834
-59.48,9.599501
-59.47,10.24997
-59.46,10.90676
-59.44,11.5704
-59.42,12.24148
-59.39,12.92059
-59.38,13.60841
-59.38,14.30563
-59.38,15.01303
-61.85,15.73141
-61.86,16.46168
-61.88,17.20481
-61.89,17.96188
-61.89,18.73404
-61.91,19.5226
-61.9,20.32899
-61.89,21.15481
-61.9,22.00185
-61.92,22.87213
-61.94,23.76793
-61.94,24.69184
-61.96,25.64687
-61.98,26.63647
-61.98,27.66467
-62.1,28.73624
-61.88,29.85687
-62.06,31.03341
-62.08,32.27427
-62.17,33.58996
-62.23,34.99383
-61.96,36.50335
-61.96,38.14207
-61.96,39.94304
-60.0,-39.943
-60.02,-38.1421
-60.04,-36.5034
-60.0,-34.9938
-60.13,-33.59
-60.11,-32.2743
-60.12,-31.0334
-60.12,-29.8569
-60.14,-28.7362
-60.1,-27.6647
-60.11,-26.6365
-60.12,-25.6469
-60.12,-24.6918
-60.13,-23.7679
-60.12,-22.8721
-60.12,-22.0019
-60.12,-21.1548
-60.12,-20.329
-60.1,-19.5226
-60.11,-18.734
-60.1,-17.9619
-60.09,-17.2048
-60.09,-16.4617
-60.09,-15.7314
-62.52,-15.013
-62.49,-14.3056
-62.46,-13.6084
-62.43,-12.9206
-62.41,-12.2415
-62.4,-11.5704
-62.37,-10.9068
-62.35,-10.25
-62.34,-9.5995
-62.34,-8.95483
-62.33,-8.31549
-62.31,-7.68101
-62.3,-7.05095
-62.29,-6.42491
-62.28,-5.80247
-62.28,-5.18326
-62.26,-4.5669
-62.24,-3.95303
-62.24,-3.3413
-62.24,-2.73136
-62.25,-2.12289
-62.24,-1.51555
-62.23,-0.90901
-62.22,-0.30295
-60.08,0.302949
-60.08,0.909006
-60.06,1.515545
-60.06,2.122888
-60.06,2.731362
-60.07,3.341297
-60.07,3.953028
-60.08,4.566898
-60.07,5.183259
-60.04,5.802471
-60.05,6.424907
-60.05,7.050952
-60.05,7.681006
-60.03,8.315488
-60.02,8.954834
-60.0,9.599501
-59.99,10.24997
-59.98,10.90676
-59.96,11.5704
-59.94,12.24148
-59.91,12.92059
-59.9,13.60841
-59.9,14.30563
-59.9,15.01303
-62.37,15.73141
-62.38,16.46168
-62.4,17.20481
-62.41,17.96188
-62.41,18.73404
-62.43,19.5226
-62.42,20.32899
-62.41,21.15481
-62.42,22.00185
-62.44,22.87213
-62.46,23.76793
-62.46,24.69184
-62.48,25.64687
-62.5,26.63647
-62.5,27.66467
-62.62,28.73624
-62.4,29.85687
-62.58,31.03341
-62.6,32.27427
-62.69,33.58996
-62.75,34.99383
-62.48,36.50335
-62.48,38.14207
-62.48,39.94304
-60.51,-39.943
-60.53,-38.1421
-60.55,-36.5034
-60.51,-34.9938
-60.64,-33.59
-60.62,-32.2743
-60.63,-31.0334
-60.63,-29.8569
-60.65,-28.7362
-60.61,-27.6647
-60.62,-26.6365
-60.63,-25.6469
-60.63,-24.6918
-60.64,-23.7679
-60.63,-22.8721
-60.63,-22.0019
-60.63,-21.1548
-60.63,-20.329
-60.61,-19.5226
-60.62,-18.734
-60.61,-17.9619
-60.6,-17.2048
-60.6,-16.4617
-60.6,-15.7314
-63.03,-15.013
-63.0,-14.3056
-62.97,-13.6084
-62.94,-12.9206
-62.92,-12.2415
-62.91,-11.5704
-62.88,-10.9068
-62.86,-10.25
-62.85,-9.5995
-62.85,-8.95483
-62.84,-8.31549
-62.82,-7.68101
-62.81,-7.05095
-62.8,-6.42491
-62.79,-5.80247
-62.79,-5.18326
-62.77,-4.5669
-62.75,-3.95303
-62.75,-3.3413
-62.75,-2.73136
-62.76,-2.12289
-62.75,-1.51555
-62.74,-0.90901
-62.73,-0.30295
-60.59,0.302949
-60.59,0.909006
-60.57,1.515545
-60.57,2.122888
-60.57,2.731362
-60.58,3.341297
-60.58,3.953028
-60.59,4.566898
-60.58,5.183259
-60.55,5.802471
-60.56,6.424907
-60.56,7.050952
-60.56,7.681006
-60.54,8.315488
-60.53,8.954834
-60.51,9.599501
-60.5,10.24997
-60.49,10.90676
-60.47,11.5704
-60.45,12.24148
-60.42,12.92059
-60.41,13.60841
-60.41,14.30563
-60.41,15.01303
-62.88,15.73141
-62.89,16.46168
-62.91,17.20481
-62.92,17.96188
-62.92,18.73404
-62.94,19.5226
-62.93,20.32899
-62.92,21.15481
-62.93,22.00185
-62.95,22.87213
-62.97,23.76793
-62.97,24.69184
-62.99,25.64687
-63.01,26.63647
-63.01,27.66467
-63.13,28.73624
-62.91,29.85687
-63.09,31.03341
-63.11,32.27427
-63.2,33.58996
-63.26,34.99383
-62.99,36.50335
-62.99,38.14207
-62.99,39.94304
-61.03,-39.943
-61.05,-38.1421
-61.07,-36.5034
-61.03,-34.9938
-61.16,-33.59
-61.14,-32.2743
-61.15,-31.0334
-61.15,-29.8569
-61.17,-28.7362
-61.13,-27.6647
-61.14,-26.6365
-61.15,-25.6469
-61.15,-24.6918
-61.16,-23.7679
-61.15,-22.8721
-61.15,-22.0019
-61.15,-21.1548
-61.15,-20.329
-61.13,-19.5226
-61.14,-18.734
-61.13,-17.9619
-61.12,-17.2048
-61.12,-16.4617
-61.12,-15.7314
-63.55,-15.013
-63.52,-14.3056
-63.49,-13.6084
-63.46,-12.9206
-63.44,-12.2415
-63.43,-11.5704
-63.4,-10.9068
-63.38,-10.25
-63.37,-9.5995
-63.37,-8.95483
-63.36,-8.31549
-63.34,-7.68101
-63.33,-7.05095
-63.32,-6.42491
-63.31,-5.80247
-63.31,-5.18326
-63.29,-4.5669
-63.27,-3.95303
-63.27,-3.3413
-63.27,-2.73136
-63.28,-2.12289
-63.27,-1.51555
-63.26,-0.90901
-63.25,-0.30295
-61.11,0.302949
-61.11,0.909006
-61.09,1.515545
-61.09,2.122888
-61.09,2.731362
-61.1,3.341297
-61.1,3.953028
-61.11,4.566898
-61.1,5.183259
-61.07,5.802471
-61.08,6.424907
-61.08,7.050952
-61.08,7.681006
-61.06,8.315488
-61.05,8.954834
-61.03,9.599501
-61.02,10.24997
-61.01,10.90676
-60.99,11.5704
-60.97,12.24148
-60.94,12.92059
-60.93,13.60841
-60.93,14.30563
-60.93,15.01303
-63.4,15.73141
-63.41,16.46168
-63.43,17.20481
-63.44,17.96188
-63.44,18.73404
-63.46,19.5226
-63.45,20.32899
-63.44,21.15481
-63.45,22.00185
-63.47,22.87213
-63.49,23.76793
-63.49,24.69184
-63.51,25.64687
-63.53,26.63647
-63.53,27.66467
-63.65,28.73624
-63.43,29.85687
-63.61,31.03341
-63.63,32.27427
-63.72,33.58996
-63.78,34.99383
-63.51,36.50335
-63.51,38.14207
-63.51,39.94304
-61.55,-39.943
-61.57,-38.1421
-61.59,-36.5034
-61.55,-34.9938
-61.68,-33.59
-61.66,-32.2743
-61.67,-31.0334
-61.67,-29.8569
-61.69,-28.7362
-61.65,-27.6647
-61.66,-26.6365
-61.67,-25.6469
-61.67,-24.6918
-61.68,-23.7679
-61.67,-22.8721
-61.67,-22.0019
-61.67,-21.1548
-61.67,-20.329
-61.65,-19.5226
-61.66,-18.734
-61.65,-17.9619
-61.64,-17.2048
-61.64,-16.4617
-61.64,-15.7314
-64.07,-15.013
-64.04,-14.3056
-64.01,-13.6084
-63.98,-12.9206
-63.96,-12.2415
-63.95,-11.5704
-63.92,-10.9068
-63.9,-10.25
-63.89,-9.5995
-63.89,-8.95483
-63.88,-8.31549
-63.86,-7.68101
-63.85,-7.05095
-63.84,-6.42491
-63.83,-5.80247
-63.83,-5.18326
-63.81,-4.5669
-63.79,-3.95303
-63.79,-3.3413
-63.79,-2.73136
-63.8,-2.12289
-63.79,-1.51555
-63.78,-0.90901
-63.77,-0.30295
-61.63,0.302949
-61.63,0.909006
-61.61,1.515545
-61.61,2.122888
-61.61,2.731362
-61.62,3.341297
-61.62,3.953028
-61.63,4.566898
-61.62,5.183259
-61.59,5.802471
-61.6,6.424907
-61.6,7.050952
-61.6,7.681006
-61.58,8.315488
-61.57,8.954834
-61.55,9.599501
-61.54,10.24997
-61.53,10.90676
-61.51,11.5704
-61.49,12.24148
-61.46,12.92059
-61.45,13.60841
-61.45,14.30563
-61.45,15.01303
-63.92,15.73141
-63.93,16.46168
-63.95,17.20481
-63.96,17.96188
-63.96,18.73404
-63.98,19.5226
-63.97,20.32899
-63.96,21.15481
-63.97,22.00185
-63.99,22.87213
-64.01,23.76793
-64.01,24.69184
-64.03,25.64687
-64.05,26.63647
-64.05,27.66467
-64.17,28.73624
-63.95,29.85687
-64.13,31.03341
-64.15,32.27427
-64.24,33.58996
-64.3,34.99383
-64.03,36.50335
-64.03,38.14207
-64.03,39.94304
-62.06,-39.943
-62.08,-38.1421
-62.1,-36.5034
-62.06,-34.9938
-62.19,-33.59
-62.17,-32.2743
-62.18,-31.0334
-62.18,-29.8569
-62.2,-28.7362
-62.16,-27.6647
-62.17,-26.6365
-62.18,-25.6469
-62.18,-24.6918
-62.19,-23.7679
-62.18,-22.8721
-62.18,-22.0019
-62.18,-21.1548
-62.18,-20.329
-62.16,-19.5226
-62.17,-18.734
-62.16,-17.9619
-62.15,-17.2048
-62.15,-16.4617
-62.15,-15.7314
-64.58,-15.013
-64.55,-14.3056
-64.52,-13.6084
-64.49,-12.9206
-64.47,-12.2415
-64.46,-11.5704
-64.43,-10.9068
-64.41,-10.25
-64.4,-9.5995
-64.4,-8.95483
-64.39,-8.31549
-64.37,-7.68101
-64.36,-7.05095
-64.35,-6.42491
-64.34,-5.80247
-64.34,-5.18326
-64.32,-4.5669
-64.3,-3.95303
-64.3,-3.3413
-64.3,-2.73136
-64.31,-2.12289
-64.3,-1.51555
-64.29,-0.90901
-64.28,-0.30295
-62.14,0.302949
-62.14,0.909006
-62.12,1.515545
-62.12,2.122888
-62.12,2.731362
-62.13,3.341297
-62.13,3.953028
-62.14,4.566898
-62.13,5.183259
-62.1,5.802471
-62.11,6.424907
-62.11,7.050952
-62.11,7.681006
-62.09,8.315488
-62.08,8.954834
-62.06,9.599501
-62.05,10.24997
-62.04,10.90676
-62.02,11.5704
-62.0,12.24148
-61.97,12.92059
-61.96,13.60841
-61.96,14.30563
-61.96,15.01303
-64.43,15.73141
-64.44,16.46168
-64.46,17.20481
-64.47,17.96188
-64.47,18.73404
-64.49,19.5226
-64.48,20.32899
-64.47,21.15481
-64.48,22.00185
-64.5,22.87213
-64.52,23.76793
-64.52,24.69184
-64.54,25.64687
-64.56,26.63647
-64.56,27.66467
-64.68,28.73624
-64.46,29.85687
-64.64,31.03341
-64.66,32.27427
-64.75,33.58996
-64.81,34.99383
-64.54,36.50335
-64.54,38.14207
-64.54,39.94304
-62.58,-39.943
-62.6,-38.1421
-62.62,-36.5034
-62.58,-34.9938
-62.71,-33.59
-62.69,-32.2743
-62.7,-31.0334
-62.7,-29.8569
-62.72,-28.7362
-62.68,-27.6647
-62.69,-26.6365
-62.7,-25.6469
-62.7,-24.6918
-62.71,-23.7679
-62.7,-22.8721
-62.7,-22.0019
-62.7,-21.1548
-62.7,-20.329
-62.68,-19.5226
-62.69,-18.734
-62.68,-17.9619
-62.67,-17.2048
-62.67,-16.4617
-62.67,-15.7314
-65.1,-15.013
-65.07,-14.3056
-65.04,-13.6084
-65.01,-12.9206
-64.99,-12.2415
-64.98,-11.5704
-64.95,-10.9068
-64.93,-10.25
-64.92,-9.5995
-64.92,-8.95483
-64.91,-8.31549
-64.89,-7.68101
-64.88,-7.05095
-64.87,-6.42491
-64.86,-5.80247
-64.86,-5.18326
-64.84,-4.5669
-64.82,-3.95303
-64.82,-3.3413
-64.82,-2.73136
-64.83,-2.12289
-64.82,-1.51555
-64.81,-0.90901
-64.8,-0.30295
-62.66,0.302949
-62.66,0.909006
-62.64,1.515545
-62.64,2.122888
-62.64,2.731362
-62.65,3.341297
-62.65,3.953028
-62.66,4.566898
-62.65,5.183259
-62.62,5.802471
-62.63,6.424907
-62.63,7.050952
-62.63,7.681006
-62.61,8.315488
-62.6,8.954834
-62.58,9.599501
-62.57,10.24997
-62.56,10.90676
-62.54,11.5704
-62.52,12.24148
-62.49,12.92059
-62.48,13.60841
-62.48,14.30563
-62.48,15.01303
-64.95,15.73141
-64.96,16.46168
-64.98,17.20481
-64.99,17.96188
-64.99,18.73404
-65.01,19.5226
-65.0,20.32899
-64.99,21.15481
-65.0,22.00185
-65.02,22.87213
-65.04,23.76793
-65.04,24.69184
-65.06,25.64687
-65.08,26.63647
-65.08,27.66467
-65.2,28.73624
-64.98,29.85687
-65.16,31.03341
-65.18,32.27427
-65.27,33.58996
-65.33,34.99383
-65.06,36.50335
-65.06,38.14207
-65.06,39.94304
-63.09,-39.943
-63.11,-38.1421
-63.13,-36.5034
-63.09,-34.9938
-63.22,-33.59
-63.2,-32.2743
-63.21,-31.0334
-63.21,-29.8569
-63.23,-28.7362
-63.19,-27.6647
-63.2,-26.6365
-63.21,-25.6469
-63.21,-24.6918
-63.22,-23.7679
-63.21,-22.8721
-63.21,-22.0019
-63.21,-21.1548
-63.21,-20.329
-63.19,-19.5226
-63.2,-18.734
-63.19,-17.9619
-63.18,-17.2048
-63.18,-16.4617
-63.18,-15.7314
-65.61,-15.013
-65.58,-14.3056
-65.55,-13.6084
-65.52,-12.9206
-65.5,-12.2415
-65.49,-11.5704
-65.46,-10.9068
-65.44,-10.25
-65.43,-9.5995
-65.43,-8.95483
-65.42,-8.31549
-65.4,-7.68101
-65.39,-7.05095
-65.38,-6.42491
-65.37,-5.80247
-65.37,-5.18326
-65.35,-4.5669
-65.33,-3.95303
-65.33,-3.3413
-65.33,-2.73136
-65.34,-2.12289
-65.33,-1.51555
-65.32,-0.90901
-65.31,-0.30295
-63.17,0.302949
-63.17,0.909006
-63.15,1.515545
-63.15,2.122888
-63.15,2.731362
-63.16,3.341297
-63.16,3.953028
-63.17,4.566898
-63.16,5.183259
-63.13,5.802471
-63.14,6.424907
-63.14,7.050952
-63.14,7.681006
-63.12,8.315488
-63.11,8.954834
-63.09,9.599501
-63.08,10.24997
-63.07,10.90676
-63.05,11.5704
-63.03,12.24148
-63.0,12.92059
-62.99,13.60841
-62.99,14.30563
-62.99,15.01303
-65.46,15.73141
-65.47,16.46168
-65.49,17.20481
-65.5,17.96188
-65.5,18.73404
-65.52,19.5226
-65.51,20.32899
-65.5,21.15481
-65.51,22.00185
-65.53,22.87213
-65.55,23.76793
-65.55,24.69184
-65.57,25.64687
-65.59,26.63647
-65.59,27.66467
-65.71,28.73624
-65.49,29.85687
-65.67,31.03341
-65.69,32.27427
-65.78,33.58996
-65.84,34.99383
-65.57,36.50335
-65.57,38.14207
-65.57,39.94304
-63.61,-39.943
-63.63,-38.1421
-63.65,-36.5034
-63.61,-34.9938
-63.74,-33.59
-63.72,-32.2743
-63.73,-31.0334
-63.73,-29.8569
-63.75,-28.7362
-63.71,-27.6647
-63.72,-26.6365
-63.73,-25.6469
-63.73,-24.6918
-63.74,-23.7679
-63.73,-22.8721
-63.73,-22.0019
-63.73,-21.1548
-63.73,-20.329
-63.71,-19.5226
-63.72,-18.734
-63.71,-17.9619
-63.7,-17.2048
-63.7,-16.4617
-63.7,-15.7314
-66.13,-15.013
-66.1,-14.3056
-66.07,-13.6084
-66.04,-12.9206
-66.02,-12.2415
-66.01,-11.5704
-65.98,-10.9068
-65.96,-10.25
-65.95,-9.5995
-65.95,-8.95483
-65.94,-8.31549
-65.92,-7.68101
-65.91,-7.05095
-65.9,-6.42491
-65.89,-5.80247
-65.89,-5.18326
-65.87,-4.5669
-65.85,-3.95303
-65.85,-3.3413
-65.85,-2.73136
-65.86,-2.12289
-65.85,-1.51555
-65.84,-0.90901
-65.83,-0.30295
-63.69,0.302949
-63.69,0.909006
-63.67,1.515545
-63.67,2.122888
-63.67,2.731362
-63.68,3.341297
-63.68,3.953028
-63.69,4.566898
-63.68,5.183259
-63.65,5.802471
-63.66,6.424907
-63.66,7.050952
-63.66,7.681006
-63.64,8.315488
-63.63,8.954834
-63.61,9.599501
-63.6,10.24997
-63.59,10.90676
-63.57,11.5704
-63.55,12.24148
-63.52,12.92059
-63.51,13.60841
-63.51,14.30563
-63.51,15.01303
-65.98,15.73141
-65.99,16.46168
-66.01,17.20481
-66.02,17.96188
-66.02,18.73404
-66.04,19.5226
-66.03,20.32899
-66.02,21.15481
-66.03,22.00185
-66.05,22.87213
-66.07,23.76793
-66.07,24.69184
-66.09,25.64687
-66.11,26.63647
-66.11,27.66467
-66.23,28.73624
-66.01,29.85687
-66.19,31.03341
-66.21,32.27427
-66.3,33.58996
-66.36,34.99383
-66.09,36.50335
-66.09,38.14207
-66.09,39.94304
-64.13,-39.943
-64.15,-38.1421
-64.17,-36.5034
-64.13,-34.9938
-64.26,-33.59
-64.24,-32.2743
-64.25,-31.0334
-64.25,-29.8569
-64.27,-28.7362
-64.23,-27.6647
-64.24,-26.6365
-64.25,-25.6469
-64.25,-24.6918
-64.26,-23.7679
-64.25,-22.8721
-64.25,-22.0019
-64.25,-21.1548
-64.25,-20.329
-64.23,-19.5226
-64.24,-18.734
-64.23,-17.9619
-64.22,-17.2048
-64.22,-16.4617
-64.22,-15.7314
-66.65,-15.013
-66.62,-14.3056
-66.59,-13.6084
-66.56,-12.9206
-66.54,-12.2415
-66.53,-11.5704
-66.5,-10.9068
-66.48,-10.25
-66.47,-9.5995
-66.47,-8.95483
-66.46,-8.31549
-66.44,-7.68101
-66.43,-7.05095
-66.42,-6.42491
-66.41,-5.80247
-66.41,-5.18326
-66.39,-4.5669
-66.37,-3.95303
-66.37,-3.3413
-66.37,-2.73136
-66.38,-2.12289
-66.37,-1.51555
-66.36,-0.90901
-66.35,-0.30295
-64.21,0.302949
-64.21,0.909006
-64.19,1.515545
-64.19,2.122888
-64.19,2.731362
-64.2,3.341297
-64.2,3.953028
-64.21,4.566898
-64.2,5.183259
-64.17,5.802471
-64.18,6.424907
-64.18,7.050952
-64.18,7.681006
-64.16,8.315488
-64.15,8.954834
-64.13,9.599501
-64.12,10.24997
-64.11,10.90676
-64.09,11.5704
-64.07,12.24148
-64.04,12.92059
-64.03,13.60841
-64.03,14.30563
-64.03,15.01303
-66.5,15.73141
-66.51,16.46168
-66.53,17.20481
-66.54,17.96188
-66.54,18.73404
-66.56,19.5226
-66.55,20.32899
-66.54,21.15481
-66.55,22.00185
-66.57,22.87213
-66.59,23.76793
-66.59,24.69184
-66.61,25.64687
-66.63,26.63647
-66.63,27.66467
-66.75,28.73624
-66.53,29.85687
-66.71,31.03341
-66.73,32.27427
-66.82,33.58996
-66.88,34.99383
-66.61,36.50335
-66.61,38.14207
-66.61,39.94304
-64.64,-39.943
-64.66,-38.1421
-64.68,-36.5034
-64.64,-34.9938
-64.77,-33.59
-64.75,-32.2743
-64.76,-31.0334
-64.76,-29.8569
-64.78,-28.7362
-64.74,-27.6647
-64.75,-26.6365
-64.76,-25.6469
-64.76,-24.6918
-64.77,-23.7679
-64.76,-22.8721
-64.76,-22.0019
-64.76,-21.1548
-64.76,-20.329
-64.74,-19.5226
-64.75,-18.734
-64.74,-17.9619
-64.73,-17.2048
-64.73,-16.4617
-64.73,-15.7314
-67.16,-15.013
-67.13,-14.3056
-67.1,-13.6084
-67.07,-12.9206
-67.05,-12.2415
-67.04,-11.5704
-67.01,-10.9068
-66.99,-10.25
-66.98,-9.5995
-66.98,-8.95483
-66.97,-8.31549
-66.95,-7.68101
-66.94,-7.05095
-66.93,-6.42491
-66.92,-5.80247
-66.92,-5.18326
-66.9,-4.5669
-66.88,-3.95303
-66.88,-3.3413
-66.88,-2.73136
-66.89,-2.12289
-66.88,-1.51555
-66.87,-0.90901
-66.86,-0.30295
-64.72,0.302949
-64.72,0.909006
-64.7,1.515545
-64.7,2.122888
-64.7,2.731362
-64.71,3.341297
-64.71,3.953028
-64.72,4.566898
-64.71,5.183259
-64.68,5.802471
-64.69,6.424907
-64.69,7.050952
-64.69,7.681006
-64.67,8.315488
-64.66,8.954834
-64.64,9.599501
-64.63,10.24997
-64.62,10.90676
-64.6,11.5704
-64.58,12.24148
-64.55,12.92059
-64.54,13.60841
-64.54,14.30563
-64.54,15.01303
-67.01,15.73141
-67.02,16.46168
-67.04,17.20481
-67.05,17.96188
-67.05,18.73404
-67.07,19.5226
-67.06,20.32899
-67.05,21.15481
-67.06,22.00185
-67.08,22.87213
-67.1,23.76793
-67.1,24.69184
-67.12,25.64687
-67.14,26.63647
-67.14,27.66467
-67.26,28.73624
-67.04,29.85687
-67.22,31.03341
-67.24,32.27427
-67.33,33.58996
-67.39,34.99383
-67.12,36.50335
-67.12,38.14207
-67.12,39.94304
-65.16,-39.943
-65.18,-38.1421
-65.2,-36.5034
-65.16,-34.9938
-65.29,-33.59
-65.27,-32.2743
-65.28,-31.0334
-65.28,-29.8569
-65.3,-28.7362
-65.26,-27.6647
-65.27,-26.6365
-65.28,-25.6469
-65.28,-24.6918
-65.29,-23.7679
-65.28,-22.8721
-65.28,-22.0019
-65.28,-21.1548
-65.28,-20.329
-65.26,-19.5226
-65.27,-18.734
-65.26,-17.9619
-65.25,-17.2048
-65.25,-16.4617
-65.25,-15.7314
-67.68,-15.013
-67.65,-14.3056
-67.62,-13.6084
-67.59,-12.9206
-67.57,-12.2415
-67.56,-11.5704
-67.53,-10.9068
-67.51,-10.25
-67.5,-9.5995
-67.5,-8.95483
-67.49,-8.31549
-67.47,-7.68101
-67.46,-7.05095
-67.45,-6.42491
-67.44,-5.80247
-67.44,-5.18326
-67.42,-4.5669
-67.4,-3.95303
-67.4,-3.3413
-67.4,-2.73136
-67.41,-2.12289
-67.4,-1.51555
-67.39,-0.90901
-67.38,-0.30295
-65.24,0.302949
-65.24,0.909006
-65.22,1.515545
-65.22,2.122888
-65.22,2.731362
-65.23,3.341297
-65.23,3.953028
-65.24,4.566898
-65.23,5.183259
-65.2,5.802471
-65.21,6.424907
-65.21,7.050952
-65.21,7.681006
-65.19,8.315488
-65.18,8.954834
-65.16,9.599501
-65.15,10.24997
-65.14,10.90676
-65.12,11.5704
-65.1,12.24148
-65.07,12.92059
-65.06,13.60841
-65.06,14.30563
-65.06,15.01303
-67.53,15.73141
-67.54,16.46168
-67.56,17.20481
-67.57,17.96188
-67.57,18.73404
-67.59,19.5226
-67.58,20.32899
-67.57,21.15481
-67.58,22.00185
-67.6,22.87213
-67.62,23.76793
-67.62,24.69184
-67.64,25.64687
-67.66,26.63647
-67.66,27.66467
-67.78,28.73624
-67.56,29.85687
-67.74,31.03341
-67.76,32.27427
-67.85,33.58996
-67.91,34.99383
-67.64,36.50335
-67.64,38.14207
-67.64,39.94304
-65.67,-39.943
-65.69,-38.1421
-65.71,-36.5034
-65.67,-34.9938
-65.8,-33.59
-65.78,-32.2743
-65.79,-31.0334
-65.79,-29.8569
-65.81,-28.7362
-65.77,-27.6647
-65.78,-26.6365
-65.79,-25.6469
-65.79,-24.6918
-65.8,-23.7679
-65.79,-22.8721
-65.79,-22.0019
-65.79,-21.1548
-65.79,-20.329
-65.77,-19.5226
-65.78,-18.734
-65.77,-17.9619
-65.76,-17.2048
-65.76,-16.4617
-65.76,-15.7314
-68.19,-15.013
-68.16,-14.3056
-68.13,-13.6084
-68.1,-12.9206
-68.08,-12.2415
-68.07,-11.5704
-68.04,-10.9068
-68.02,-10.25
-68.01,-9.5995
-68.01,-8.95483
-68.0,-8.31549
-67.98,-7.68101
-67.97,-7.05095
-67.96,-6.42491
-67.95,-5.80247
-67.95,-5.18326
-67.93,-4.5669
-67.91,-3.95303
-67.91,-3.3413
-67.91,-2.73136
-67.92,-2.12289
-67.91,-1.51555
-67.9,-0.90901
-67.89,-0.30295
-65.75,0.302949
-65.75,0.909006
-65.73,1.515545
-65.73,2.122888
-65.73,2.731362
-65.74,3.341297
-65.74,3.953028
-65.75,4.566898
-65.74,5.183259
-65.71,5.802471
-65.72,6.424907
-65.72,7.050952
-65.72,7.681006
-65.7,8.315488
-65.69,8.954834
-65.67,9.599501
-65.66,10.24997
-65.65,10.90676
-65.63,11.5704
-65.61,12.24148
-65.58,12.92059
-65.57,13.60841
-65.57,14.30563
-65.57,15.01303
-68.04,15.73141
-68.05,16.46168
-68.07,17.20481
-68.08,17.96188
-68.08,18.73404
-68.1,19.5226
-68.09,20.32899
-68.08,21.15481
-68.09,22.00185
-68.11,22.87213
-68.13,23.76793
-68.13,24.69184
-68.15,25.64687
-68.17,26.63647
-68.17,27.66467
-68.29,28.73624
-68.07,29.85687
-68.25,31.03341
-68.27,32.27427
-68.36,33.58996
-68.42,34.99383
-68.15,36.50335
-68.15,38.14207
-68.15,39.94304
-66.19,-39.943
-66.21,-38.1421
-66.23,-36.5034
-66.19,-34.9938
-66.32,-33.59
-66.3,-32.2743
-66.31,-31.0334
-66.31,-29.8569
-66.33,-28.7362
-66.29,-27.6647
-66.3,-26.6365
-66.31,-25.6469
-66.31,-24.6918
-66.32,-23.7679
-66.31,-22.8721
-66.31,-22.0019
-66.31,-21.1548
-66.31,-20.329
-66.29,-19.5226
-66.3,-18.734
-66.29,-17.9619
-66.28,-17.2048
-66.28,-16.4617
-66.28,-15.7314
-68.71,-15.013
-68.68,-14.3056
-68.65,-13.6084
-68.62,-12.9206
-68.6,-12.2415
-68.59,-11.5704
-68.56,-10.9068
-68.54,-10.25
-68.53,-9.5995
-68.53,-8.95483
-68.52,-8.31549
-68.5,-7.68101
-68.49,-7.05095
-68.48,-6.42491
-68.47,-5.80247
-68.47,-5.18326
-68.45,-4.5669
-68.43,-3.95303
-68.43,-3.3413
-68.43,-2.73136
-68.44,-2.12289
-68.43,-1.51555
-68.42,-0.90901
-68.41,-0.30295
-66.27,0.302949
-66.27,0.909006
-66.25,1.515545
-66.25,2.122888
-66.25,2.731362
-66.26,3.341297
-66.26,3.953028
-66.27,4.566898
-66.26,5.183259
-66.23,5.802471
-66.24,6.424907
-66.24,7.050952
-66.24,7.681006
-66.22,8.315488
-66.21,8.954834
-66.19,9.599501
-66.18,10.24997
-66.17,10.90676
-66.15,11.5704
-66.13,12.24148
-66.1,12.92059
-66.09,13.60841
-66.09,14.30563
-66.09,15.01303
-68.56,15.73141
-68.57,16.46168
-68.59,17.20481
-68.6,17.96188
-68.6,18.73404
-68.62,19.5226
-68.61,20.32899
-68.6,21.15481
-68.61,22.00185
-68.63,22.87213
-68.65,23.76793
-68.65,24.69184
-68.67,25.64687
-68.69,26.63647
-68.69,27.66467
-68.81,28.73624
-68.59,29.85687
-68.77,31.03341
-68.79,32.27427
-68.88,33.58996
-68.94,34.99383
-68.67,36.50335
-68.67,38.14207
-68.67,39.94304
-66.71,-39.943
-66.73,-38.1421
-66.75,-36.5034
-66.71,-34.9938
-66.84,-33.59
-66.82,-32.2743
-66.83,-31.0334
-66.83,-29.8569
-66.85,-28.7362
-66.81,-27.6647
-66.82,-26.6365
-66.83,-25.6469
-66.83,-24.6918
-66.84,-23.7679
-66.83,-22.8721
-66.83,-22.0019
-66.83,-21.1548
-66.83,-20.329
-66.81,-19.5226
-66.82,-18.734
-66.81,-17.9619
-66.8,-17.2048
-66.8,-16.4617
-66.8,-15.7314
-69.23,-15.013
-69.2,-14.3056
-69.17,-13.6084
-69.14,-12.9206
-69.12,-12.2415
-69.11,-11.5704
-69.08,-10.9068
-69.06,-10.25
-69.05,-9.5995
-69.05,-8.95483
-69.04,-8.31549
-69.02,-7.68101
-69.01,-7.05095
-69.0,-6.42491
-68.99,-5.80247
-68.99,-5.18326
-68.97,-4.5669
-68.95,-3.95303
-68.95,-3.3413
-68.95,-2.73136
-68.96,-2.12289
-68.95,-1.51555
-68.94,-0.90901
-68.93,-0.30295
-66.79,0.302949
-66.79,0.909006
-66.77,1.515545
-66.77,2.122888
-66.77,2.731362
-66.78,3.341297
-66.78,3.953028
-66.79,4.566898
-66.78,5.183259
-66.75,5.802471
-66.76,6.424907
-66.76,7.050952
-66.76,7.681006
-66.74,8.315488
-66.73,8.954834
-66.71,9.599501
-66.7,10.24997
-66.69,10.90676
-66.67,11.5704
-66.65,12.24148
-66.62,12.92059
-66.61,13.60841
-66.61,14.30563
-66.61,15.01303
-69.08,15.73141
-69.09,16.46168
-69.11,17.20481
-69.12,17.96188
-69.12,18.73404
-69.14,19.5226
-69.13,20.32899
-69.12,21.15481
-69.13,22.00185
-69.15,22.87213
-69.17,23.76793
-69.17,24.69184
-69.19,25.64687
-69.21,26.63647
-69.21,27.66467
-69.33,28.73624
-69.11,29.85687
-69.29,31.03341
-69.31,32.27427
-69.4,33.58996
-69.46,34.99383
-69.19,36.50335
-69.19,38.14207
-69.19,39.94304
-67.22,-39.943
-67.24,-38.1421
-67.26,-36.5034
-67.22,-34.9938
-67.35,-33.59
-67.33,-32.2743
-67.34,-31.0334
-67.34,-29.8569
-67.36,-28.7362
-67.32,-27.6647
-67.33,-26.6365
-67.34,-25.6469
-67.34,-24.6918
-67.35,-23.7679
-67.34,-22.8721
-67.34,-22.0019
-67.34,-21.1548
-67.34,-20.329
-67.32,-19.5226
-67.33,-18.734
-67.32,-17.9619
-67.31,-17.2048
-67.31,-16.4617
-67.31,-15.7314
-69.74,-15.013
-69.71,-14.3056
-69.68,-13.6084
-69.65,-12.9206
-69.63,-12.2415
-69.62,-11.5704
-69.59,-10.9068
-69.57,-10.25
-69.56,-9.5995
-69.56,-8.95483
-69.55,-8.31549
-69.53,-7.68101
-69.52,-7.05095
-69.51,-6.42491
-69.5,-5.80247
-69.5,-5.18326
-69.48,-4.5669
-69.46,-3.95303
-69.46,-3.3413
-69.46,-2.73136
-69.47,-2.12289
-69.46,-1.51555
-69.45,-0.90901
-69.44,-0.30295
-67.3,0.302949
-67.3,0.909006
-67.28,1.515545
-67.28,2.122888
-67.28,2.731362
-67.29,3.341297
-67.29,3.953028
-67.3,4.566898
-67.29,5.183259
-67.26,5.802471
-67.27,6.424907
-67.27,7.050952
-67.27,7.681006
-67.25,8.315488
-67.24,8.954834
-67.22,9.599501
-67.21,10.24997
-67.2,10.90676
-67.18,11.5704
-67.16,12.24148
-67.13,12.92059
-67.12,13.60841
-67.12,14.30563
-67.12,15.01303
-69.59,15.73141
-69.6,16.46168
-69.62,17.20481
-69.63,17.96188
-69.63,18.73404
-69.65,19.5226
-69.64,20.32899
-69.63,21.15481
-69.64,22.00185
-69.66,22.87213
-69.68,23.76793
-69.68,24.69184
-69.7,25.64687
-69.72,26.63647
-69.72,27.66467
-69.84,28.73624
-69.62,29.85687
-69.8,31.03341
-69.82,32.27427
-69.91,33.58996
-69.97,34.99383
-69.7,36.50335
-69.7,38.14207
-69.7,39.94304
-67.74,-39.943
-67.76,-38.1421
-67.78,-36.5034
-67.74,-34.9938
-67.87,-33.59
-67.85,-32.2743
-67.86,-31.0334
-67.86,-29.8569
-67.88,-28.7362
-67.84,-27.6647
-67.85,-26.6365
-67.86,-25.6469
-67.86,-24.6918
-67.87,-23.7679
-67.86,-22.8721
-67.86,-22.0019
-67.86,-21.1548
-67.86,-20.329
-67.84,-19.5226
-67.85,-18.734
-67.84,-17.9619
-67.83,-17.2048
-67.83,-16.4617
-67.83,-15.7314
-70.26,-15.013
-70.23,-14.3056
-70.2,-13.6084
-70.17,-12.9206
-70.15,-12.2415
-70.14,-11.5704
-70.11,-10.9068
-70.09,-10.25
-70.08,-9.5995
-70.08,-8.95483
-70.07,-8.31549
-70.05,-7.68101
-70.04,-7.05095
-70.03,-6.42491
-70.02,-5.80247
-70.02,-5.18326
-70.0,-4.5669
-69.98,-3.95303
-69.98,-3.3413
-69.98,-2.73136
-69.99,-2.12289
-69.98,-1.51555
-69.97,-0.90901
-69.96,-0.30295
-67.82,0.302949
-67.82,0.909006
-67.8,1.515545
-67.8,2.122888
-67.8,2.731362
-67.81,3.341297
-67.81,3.953028
-67.82,4.566898
-67.81,5.183259
-67.78,5.802471
-67.79,6.424907
-67.79,7.050952
-67.79,7.681006
-67.77,8.315488
-67.76,8.954834
-67.74,9.599501
-67.73,10.24997
-67.72,10.90676
-67.7,11.5704
-67.68,12.24148
-67.65,12.92059
-67.64,13.60841
-67.64,14.30563
-67.64,15.01303
-70.11,15.73141
-70.12,16.46168
-70.14,17.20481
-70.15,17.96188
-70.15,18.73404
-70.17,19.5226
-70.16,20.32899
-70.15,21.15481
-70.16,22.00185
-70.18,22.87213
-70.2,23.76793
-70.2,24.69184
-70.22,25.64687
-70.24,26.63647
-70.24,27.66467
-70.36,28.73624
-70.14,29.85687
-70.32,31.03341
-70.34,32.27427
-70.43,33.58996
-70.49,34.99383
-70.22,36.50335
-70.22,38.14207
-70.22,39.94304
-68.26,-39.943
-68.28,-38.1421
-68.3,-36.5034
-68.26,-34.9938
-68.39,-33.59
-68.37,-32.2743
-68.38,-31.0334
-68.38,-29.8569
-68.4,-28.7362
-68.36,-27.6647
-68.37,-26.6365
-68.38,-25.6469
-68.38,-24.6918
-68.39,-23.7679
-68.38,-22.8721
-68.38,-22.0019
-68.38,-21.1548
-68.38,-20.329
-68.36,-19.5226
-68.37,-18.734
-68.36,-17.9619
-68.35,-17.2048
-68.35,-16.4617
-68.35,-15.7314
-70.78,-15.013
-70.75,-14.3056
-70.72,-13.6084
-70.69,-12.9206
-70.67,-12.2415
-70.66,-11.5704
-70.63,-10.9068
-70.61,-10.25
-70.6,-9.5995
-70.6,-8.95483
-70.59,-8.31549
-70.57,-7.68101
-70.56,-7.05095
-70.55,-6.42491
-70.54,-5.80247
-70.54,-5.18326
-70.52,-4.5669
-70.5,-3.95303
-70.5,-3.3413
-70.5,-2.73136
-70.51,-2.12289
-70.5,-1.51555
-70.49,-0.90901
-70.48,-0.30295
-68.34,0.302949
-68.34,0.909006
-68.32,1.515545
-68.32,2.122888
-68.32,2.731362
-68.33,3.341297
-68.33,3.953028
-68.34,4.566898
-68.33,5.183259
-68.3,5.802471
-68.31,6.424907
-68.31,7.050952
-68.31,7.681006
-68.29,8.315488
-68.28,8.954834
-68.26,9.599501
-68.25,10.24997
-68.24,10.90676
-68.22,11.5704
-68.2,12.24148
-68.17,12.92059
-68.16,13.60841
-68.16,14.30563
-68.16,15.01303
-70.63,15.73141
-70.64,16.46168
-70.66,17.20481
-70.67,17.96188
-70.67,18.73404
-70.69,19.5226
-70.68,20.32899
-70.67,21.15481
-70.68,22.00185
-70.7,22.87213
-70.72,23.76793
-70.72,24.69184
-70.74,25.64687
-70.76,26.63647
-70.76,27.66467
-70.88,28.73624
-70.66,29.85687
-70.84,31.03341
-70.86,32.27427
-70.95,33.58996
-71.01,34.99383
-70.74,36.50335
-70.74,38.14207
-70.74,39.94304
-68.77,-39.943
-68.79,-38.1421
-68.81,-36.5034
-68.77,-34.9938
-68.9,-33.59
-68.88,-32.2743
-68.89,-31.0334
-68.89,-29.8569
-68.91,-28.7362
-68.87,-27.6647
-68.88,-26.6365
-68.89,-25.6469
-68.89,-24.6918
-68.9,-23.7679
-68.89,-22.8721
-68.89,-22.0019
-68.89,-21.1548
-68.89,-20.329
-68.87,-19.5226
-68.88,-18.734
-68.87,-17.9619
-68.86,-17.2048
-68.86,-16.4617
-68.86,-15.7314
-71.29,-15.013
-71.26,-14.3056
-71.23,-13.6084
-71.2,-12.9206
-71.18,-12.2415
-71.17,-11.5704
-71.14,-10.9068
-71.12,-10.25
-71.11,-9.5995
-71.11,-8.95483
-71.1,-8.31549
-71.08,-7.68101
-71.07,-7.05095
-71.06,-6.42491
-71.05,-5.80247
-71.05,-5.18326
-71.03,-4.5669
-71.01,-3.95303
-71.01,-3.3413
-71.01,-2.73136
-71.02,-2.12289
-71.01,-1.51555
-71.0,-0.90901
-70.99,-0.30295
-68.85,0.302949
-68.85,0.909006
-68.83,1.515545
-68.83,2.122888
-68.83,2.731362
-68.84,3.341297
-68.84,3.953028
-68.85,4.566898
-68.84,5.183259
-68.81,5.802471
-68.82,6.424907
-68.82,7.050952
-68.82,7.681006
-68.8,8.315488
-68.79,8.954834
-68.77,9.599501
-68.76,10.24997
-68.75,10.90676
-68.73,11.5704
-68.71,12.24148
-68.68,12.92059
-68.67,13.60841
-68.67,14.30563
-68.67,15.01303
-71.14,15.73141
-71.15,16.46168
-71.17,17.20481
-71.18,17.96188
-71.18,18.73404
-71.2,19.5226
-71.19,20.32899
-71.18,21.15481
-71.19,22.00185
-71.21,22.87213
-71.23,23.76793
-71.23,24.69184
-71.25,25.64687
-71.27,26.63647
-71.27,27.66467
-71.39,28.73624
-71.17,29.85687
-71.35,31.03341
-71.37,32.27427
-71.46,33.58996
-71.52,34.99383
-71.25,36.50335
-71.25,38.14207
-71.25,39.94304
-69.29,-39.943
-69.31,-38.1421
-69.33,-36.5034
-69.29,-34.9938
-69.42,-33.59
-69.4,-32.2743
-69.41,-31.0334
-69.41,-29.8569
-69.43,-28.7362
-69.39,-27.6647
-69.4,-26.6365
-69.41,-25.6469
-69.41,-24.6918
-69.42,-23.7679
-69.41,-22.8721
-69.41,-22.0019
-69.41,-21.1548
-69.41,-20.329
-69.39,-19.5226
-69.4,-18.734
-69.39,-17.9619
-69.38,-17.2048
-69.38,-16.4617
-69.38,-15.7314
-71.81,-15.013
-71.78,-14.3056
-71.75,-13.6084
-71.72,-12.9206
-71.7,-12.2415
-71.69,-11.5704
-71.66,-10.9068
-71.64,-10.25
-71.63,-9.5995
-71.63,-8.95483
-71.62,-8.31549
-71.6,-7.68101
-71.59,-7.05095
-71.58,-6.42491
-71.57,-5.80247
-71.57,-5.18326
-71.55,-4.5669
-71.53,-3.95303
-71.53,-3.3413
-71.53,-2.73136
-71.54,-2.12289
-71.53,-1.51555
-71.52,-0.90901
-71.51,-0.30295
-69.37,0.302949
-69.37,0.909006
-69.35,1.515545
-69.35,2.122888
-69.35,2.731362
-69.36,3.341297
-69.36,3.953028
-69.37,4.566898
-69.36,5.183259
-69.33,5.802471
-69.34,6.424907
-69.34,7.050952
-69.34,7.681006
-69.32,8.315488
-69.31,8.954834
-69.29,9.599501
-69.28,10.24997
-69.27,10.90676
-69.25,11.5704
-69.23,12.24148
-69.2,12.92059
-69.19,13.60841
-69.19,14.30563
-69.19,15.01303
-71.66,15.73141
-71.67,16.46168
-71.69,17.20481
-71.7,17.96188
-71.7,18.73404
-71.72,19.5226
-71.71,20.32899
-71.7,21.15481
-71.71,22.00185
-71.73,22.87213
-71.75,23.76793
-71.75,24.69184
-71.77,25.64687
-71.79,26.63647
-71.79,27.66467
-71.91,28.73624
-71.69,29.85687
-71.87,31.03341
-71.89,32.27427
-71.98,33.58996
-72.04,34.99383
-71.77,36.50335
-71.77,38.14207
-71.77,39.94304
-69.8,-39.943
-69.82,-38.1421
-69.84,-36.5034
-69.8,-34.9938
-69.93,-33.59
-69.91,-32.2743
-69.92,-31.0334
-69.92,-29.8569
-69.94,-28.7362
-69.9,-27.6647
-69.91,-26.6365
-69.92,-25.6469
-69.92,-24.6918
-69.93,-23.7679
-69.92,-22.8721
-69.92,-22.0019
-69.92,-21.1548
-69.92,-20.329
-69.9,-19.5226
-69.91,-18.734
-69.9,-17.9619
-69.89,-17.2048
-69.89,-16.4617
-69.89,-15.7314
-72.32,-15.013
-72.29,-14.3056
-72.26,-13.6084
-72.23,-12.9206
-72.21,-12.2415
-72.2,-11.5704
-72.17,-10.9068
-72.15,-10.25
-72.14,-9.5995
-72.14,-8.95483
-72.13,-8.31549
-72.11,-7.68101
-72.1,-7.05095
-72.09,-6.42491
-72.08,-5.80247
-72.08,-5.18326
-72.06,-4.5669
-72.04,-3.95303
-72.04,-3.3413
-72.04,-2.73136
-72.05,-2.12289
-72.04,-1.51555
-72.03,-0.90901
-72.02,-0.30295
-69.88,0.302949
-69.88,0.909006
-69.86,1.515545
-69.86,2.122888
-69.86,2.731362
-69.87,3.341297
-69.87,3.953028
-69.88,4.566898
-69.87,5.183259
-69.84,5.802471
-69.85,6.424907
-69.85,7.050952
-69.85,7.681006
-69.83,8.315488
-69.82,8.954834
-69.8,9.599501
-69.79,10.24997
-69.78,10.90676
-69.76,11.5704
-69.74,12.24148
-69.71,12.92059
-69.7,13.60841
-69.7,14.30563
-69.7,15.01303
-72.17,15.73141
-72.18,16.46168
-72.2,17.20481
-72.21,17.96188
-72.21,18.73404
-72.23,19.5226
-72.22,20.32899
-72.21,21.15481
-72.22,22.00185
-72.24,22.87213
-72.26,23.76793
-72.26,24.69184
-72.28,25.64687
-72.3,26.63647
-72.3,27.66467
-72.42,28.73624
-72.2,29.85687
-72.38,31.03341
-72.4,32.27427
-72.49,33.58996
-72.55,34.99383
-72.28,36.50335
-72.28,38.14207
-72.28,39.94304
-70.32,-39.943
-70.34,-38.1421
-70.36,-36.5034
-70.32,-34.9938
-70.45,-33.59
-70.43,-32.2743
-70.44,-31.0334
-70.44,-29.8569
-70.46,-28.7362
-70.42,-27.6647
-70.43,-26.6365
-70.44,-25.6469
-70.44,-24.6918
-70.45,-23.7679
-70.44,-22.8721
-70.44,-22.0019
-70.44,-21.1548
-70.44,-20.329
-70.42,-19.5226
-70.43,-18.734
-70.42,-17.9619
-70.41,-17.2048
-70.41,-16.4617
-70.41,-15.7314
-72.84,-15.013
-72.81,-14.3056
-72.78,-13.6084
-72.75,-12.9206
-72.73,-12.2415
-72.72,-11.5704
-72.69,-10.9068
-72.67,-10.25
-72.66,-9.5995
-72.66,-8.95483
-72.65,-8.31549
-72.63,-7.68101
-72.62,-7.05095
-72.61,-6.42491
-72.6,-5.80247
-72.6,-5.18326
-72.58,-4.5669
-72.56,-3.95303
-72.56,-3.3413
-72.56,-2.73136
-72.57,-2.12289
-72.56,-1.51555
-72.55,-0.90901
-72.54,-0.30295
-70.4,0.302949
-70.4,0.909006
-70.38,1.515545
-70.38,2.122888
-70.38,2.731362
-70.39,3.341297
-70.39,3.953028
-70.4,4.566898
-70.39,5.183259
-70.36,5.802471
-70.37,6.424907
-70.37,7.050952
-70.37,7.681006
-70.35,8.315488
-70.34,8.954834
-70.32,9.599501
-70.31,10.24997
-70.3,10.90676
-70.28,11.5704
-70.26,12.24148
-70.23,12.92059
-70.22,13.60841
-70.22,14.30563
-70.22,15.01303
-72.69,15.73141
-72.7,16.46168
-72.72,17.20481
-72.73,17.96188
-72.73,18.73404
-72.75,19.5226
-72.74,20.32899
-72.73,21.15481
-72.74,22.00185
-72.76,22.87213
-72.78,23.76793
-72.78,24.69184
-72.8,25.64687
-72.82,26.63647
-72.82,27.66467
-72.94,28.73624
-72.72,29.85687
-72.9,31.03341
-72.92,32.27427
-73.01,33.58996
-73.07,34.99383
-72.8,36.50335
-72.8,38.14207
-72.8,39.94304
-70.84,-39.943
-70.86,-38.1421
-70.88,-36.5034
-70.84,-34.9938
-70.97,-33.59
-70.95,-32.2743
-70.96,-31.0334
-70.96,-29.8569
-70.98,-28.7362
-70.94,-27.6647
-70.95,-26.6365
-70.96,-25.6469
-70.96,-24.6918
-70.97,-23.7679
-70.96,-22.8721
-70.96,-22.0019
-70.96,-21.1548
-70.96,-20.329
-70.94,-19.5226
-70.95,-18.734
-70.94,-17.9619
-70.93,-17.2048
-70.93,-16.4617
-70.93,-15.7314
-73.36,-15.013
-73.33,-14.3056
-73.3,-13.6084
-73.27,-12.9206
-73.25,-12.2415
-73.24,-11.5704
-73.21,-10.9068
-73.19,-10.25
-73.18,-9.5995
-73.18,-8.95483
-73.17,-8.31549
-73.15,-7.68101
-73.14,-7.05095
-73.13,-6.42491
-73.12,-5.80247
-73.12,-5.18326
-73.1,-4.5669
-73.08,-3.95303
-73.08,-3.3413
-73.08,-2.73136
-73.09,-2.12289
-73.08,-1.51555
-73.07,-0.90901
-73.06,-0.30295
-70.92,0.302949
-70.92,0.909006
-70.9,1.515545
-70.9,2.122888
-70.9,2.731362
-70.91,3.341297
-70.91,3.953028
-70.92,4.566898
-70.91,5.183259
-70.88,5.802471
-70.89,6.424907
-70.89,7.050952
-70.89,7.681006
-70.87,8.315488
-70.86,8.954834
-70.84,9.599501
-70.83,10.24997
-70.82,10.90676
-70.8,11.5704
-70.78,12.24148
-70.75,12.92059
-70.74,13.60841
-70.74,14.30563
-70.74,15.01303
-73.21,15.73141
-73.22,16.46168
-73.24,17.20481
-73.25,17.96188
-73.25,18.73404
-73.27,19.5226
-73.26,20.32899
-73.25,21.15481
-73.26,22.00185
-73.28,22.87213
-73.3,23.76793
-73.3,24.69184
-73.32,25.64687
-73.34,26.63647
-73.34,27.66467
-73.46,28.73624
-73.24,29.85687
-73.42,31.03341
-73.44,32.27427
-73.53,33.58996
-73.59,34.99383
-73.32,36.50335
-73.32,38.14207
-73.32,39.94304
-71.35,-39.943
-71.37,-38.1421
-71.39,-36.5034
-71.35,-34.9938
-71.48,-33.59
-71.46,-32.2743
-71.47,-31.0334
-71.47,-29.8569
-71.49,-28.7362
-71.45,-27.6647
-71.46,-26.6365
-71.47,-25.6469
-71.47,-24.6918
-71.48,-23.7679
-71.47,-22.8721
-71.47,-22.0019
-71.47,-21.1548
-71.47,-20.329
-71.45,-19.5226
-71.46,-18.734
-71.45,-17.9619
-71.44,-17.2048
-71.44,-16.4617
-71.44,-15.7314
-73.87,-15.013
-73.84,-14.3056
-73.81,-13.6084
-73.78,-12.9206
-73.76,-12.2415
-73.75,-11.5704
-73.72,-10.9068
-73.7,-10.25
-73.69,-9.5995
-73.69,-8.95483
-73.68,-8.31549
-73.66,-7.68101
-73.65,-7.05095
-73.64,-6.42491
-73.63,-5.80247
-73.63,-5.18326
-73.61,-4.5669
-73.59,-3.95303
-73.59,-3.3413
-73.59,-2.73136
-73.6,-2.12289
-73.59,-1.51555
-73.58,-0.90901
-73.57,-0.30295
-71.43,0.302949
-71.43,0.909006
-71.41,1.515545
-71.41,2.122888
-71.41,2.731362
-71.42,3.341297
-71.42,3.953028
-71.43,4.566898
-71.42,5.183259
-71.39,5.802471
-71.4,6.424907
-71.4,7.050952
-71.4,7.681006
-71.38,8.315488
-71.37,8.954834
-71.35,9.599501
-71.34,10.24997
-71.33,10.90676
-71.31,11.5704
-71.29,12.24148
-71.26,12.92059
-71.25,13.60841
-71.25,14.30563
-71.25,15.01303
-73.72,15.73141
-73.73,16.46168
-73.75,17.20481
-73.76,17.96188
-73.76,18.73404
-73.78,19.5226
-73.77,20.32899
-73.76,21.15481
-73.77,22.00185
-73.79,22.87213
-73.81,23.76793
-73.81,24.69184
-73.83,25.64687
-73.85,26.63647
-73.85,27.66467
-73.97,28.73624
-73.75,29.85687
-73.93,31.03341
-73.95,32.27427
-74.04,33.58996
-74.1,34.99383
-73.83,36.50335
-73.83,38.14207
-73.83,39.94304
-71.87,-39.943
-71.89,-38.1421
-71.91,-36.5034
-71.87,-34.9938
-72.0,-33.59
-71.98,-32.2743
-71.99,-31.0334
-71.99,-29.8569
-72.01,-28.7362
-71.97,-27.6647
-71.98,-26.6365
-71.99,-25.6469
-71.99,-24.6918
-72.0,-23.7679
-71.99,-22.8721
-71.99,-22.0019
-71.99,-21.1548
-71.99,-20.329
-71.97,-19.5226
-71.98,-18.734
-71.97,-17.9619
-71.96,-17.2048
-71.96,-16.4617
-71.96,-15.7314
-74.39,-15.013
-74.36,-14.3056
-74.33,-13.6084
-74.3,-12.9206
-74.28,-12.2415
-74.27,-11.5704
-74.24,-10.9068
-74.22,-10.25
-74.21,-9.5995
-74.21,-8.95483
-74.2,-8.31549
-74.18,-7.68101
-74.17,-7.05095
-74.16,-6.42491
-74.15,-5.80247
-74.15,-5.18326
-74.13,-4.5669
-74.11,-3.95303
-74.11,-3.3413
-74.11,-2.73136
-74.12,-2.12289
-74.11,-1.51555
-74.1,-0.90901
-74.09,-0.30295
-71.95,0.302949
-71.95,0.909006
-71.93,1.515545
-71.93,2.122888
-71.93,2.731362
-71.94,3.341297
-71.94,3.953028
-71.95,4.566898
-71.94,5.183259
-71.91,5.802471
-71.92,6.424907
-71.92,7.050952
-71.92,7.681006
-71.9,8.315488
-71.89,8.954834
-71.87,9.599501
-71.86,10.24997
-71.85,10.90676
-71.83,11.5704
-71.81,12.24148
-71.78,12.92059
-71.77,13.60841
-71.77,14.30563
-71.77,15.01303
-74.24,15.73141
-74.25,16.46168
-74.27,17.20481
-74.28,17.96188
-74.28,18.73404
-74.3,19.5226
-74.29,20.32899
-74.28,21.15481
-74.29,22.00185
-74.31,22.87213
-74.33,23.76793
-74.33,24.69184
-74.35,25.64687
-74.37,26.63647
-74.37,27.66467
-74.49,28.73624
-74.27,29.85687
-74.45,31.03341
-74.47,32.27427
-74.56,33.58996
-74.62,34.99383
-74.35,36.50335
-74.35,38.14207
-74.35,39.94304
-72.38,-39.943
-72.4,-38.1421
-72.42,-36.5034
-72.38,-34.9938
-72.51,-33.59
-72.49,-32.2743
-72.5,-31.0334
-72.5,-29.8569
-72.52,-28.7362
-72.48,-27.6647
-72.49,-26.6365
-72.5,-25.6469
-72.5,-24.6918
-72.51,-23.7679
-72.5,-22.8721
-72.5,-22.0019
-72.5,-21.1548
-72.5,-20.329
-72.48,-19.5226
-72.49,-18.734
-72.48,-17.9619
-72.47,-17.2048
-72.47,-16.4617
-72.47,-15.7314
-74.9,-15.013
-74.87,-14.3056
-74.84,-13.6084
-74.81,-12.9206
-74.79,-12.2415
-74.78,-11.5704
-74.75,-10.9068
-74.73,-10.25
-74.72,-9.5995
-74.72,-8.95483
-74.71,-8.31549
-74.69,-7.68101
-74.68,-7.05095
-74.67,-6.42491
-74.66,-5.80247
-74.66,-5.18326
-74.64,-4.5669
-74.62,-3.95303
-74.62,-3.3413
-74.62,-2.73136
-74.63,-2.12289
-74.62,-1.51555
-74.61,-0.90901
-74.6,-0.30295
-72.46,0.302949
-72.46,0.909006
-72.44,1.515545
-72.44,2.122888
-72.44,2.731362
-72.45,3.341297
-72.45,3.953028
-72.46,4.566898
-72.45,5.183259
-72.42,5.802471
-72.43,6.424907
-72.43,7.050952
-72.43,7.681006
-72.41,8.315488
-72.4,8.954834
-72.38,9.599501
-72.37,10.24997
-72.36,10.90676
-72.34,11.5704
-72.32,12.24148
-72.29,12.92059
-72.28,13.60841
-72.28,14.30563
-72.28,15.01303
-74.75,15.73141
-74.76,16.46168
-74.78,17.20481
-74.79,17.96188
-74.79,18.73404
-74.81,19.5226
-74.8,20.32899
-74.79,21.15481
-74.8,22.00185
-74.82,22.87213
-74.84,23.76793
-74.84,24.69184
-74.86,25.64687
-74.88,26.63647
-74.88,27.66467
-75.0,28.73624
-74.78,29.85687
-74.96,31.03341
-74.98,32.27427
-75.07,33.58996
-75.13,34.99383
-74.86,36.50335
-74.86,38.14207
-74.86,39.94304
-72.9,-39.943
-72.92,-38.1421
-72.94,-36.5034
-72.9,-34.9938
-73.03,-33.59
-73.01,-32.2743
-73.02,-31.0334
-73.02,-29.8569
-73.04,-28.7362
-73.0,-27.6647
-73.01,-26.6365
-73.02,-25.6469
-73.02,-24.6918
-73.03,-23.7679
-73.02,-22.8721
-73.02,-22.0019
-73.02,-21.1548
-73.02,-20.329
-73.0,-19.5226
-73.01,-18.734
-73.0,-17.9619
-72.99,-17.2048
-72.99,-16.4617
-72.99,-15.7314
-75.42,-15.013
-75.39,-14.3056
-75.36,-13.6084
-75.33,-12.9206
-75.31,-12.2415
-75.3,-11.5704
-75.27,-10.9068
-75.25,-10.25
-75.24,-9.5995
-75.24,-8.95483
-75.23,-8.31549
-75.21,-7.68101
-75.2,-7.05095
-75.19,-6.42491
-75.18,-5.80247
-75.18,-5.18326
-75.16,-4.5669
-75.14,-3.95303
-75.14,-3.3413
-75.14,-2.73136
-75.15,-2.12289
-75.14,-1.51555
-75.13,-0.90901
-75.12,-0.30295
-72.98,0.302949
-72.98,0.909006
-72.96,1.515545
-72.96,2.122888
-72.96,2.731362
-72.97,3.341297
-72.97,3.953028
-72.98,4.566898
-72.97,5.183259
-72.94,5.802471
-72.95,6.424907
-72.95,7.050952
-72.95,7.681006
-72.93,8.315488
-72.92,8.954834
-72.9,9.599501
-72.89,10.24997
-72.88,10.90676
-72.86,11.5704
-72.84,12.24148
-72.81,12.92059
-72.8,13.60841
-72.8,14.30563
-72.8,15.01303
-75.27,15.73141
-75.28,16.46168
-75.3,17.20481
-75.31,17.96188
-75.31,18.73404
-75.33,19.5226
-75.32,20.32899
-75.31,21.15481
-75.32,22.00185
-75.34,22.87213
-75.36,23.76793
-75.36,24.69184
-75.38,25.64687
-75.4,26.63647
-75.4,27.66467
-75.52,28.73624
-75.3,29.85687
-75.48,31.03341
-75.5,32.27427
-75.59,33.58996
-75.65,34.99383
-75.38,36.50335
-75.38,38.14207
-75.38,39.94304
-73.42,-39.943
-73.44,-38.1421
-73.46,-36.5034
-73.42,-34.9938
-73.55,-33.59
-73.53,-32.2743
-73.54,-31.0334
-73.54,-29.8569
-73.56,-28.7362
-73.52,-27.6647
-73.53,-26.6365
-73.54,-25.6469
-73.54,-24.6918
-73.55,-23.7679
-73.54,-22.8721
-73.54,-22.0019
-73.54,-21.1548
-73.54,-20.329
-73.52,-19.5226
-73.53,-18.734
-73.52,-17.9619
-73.51,-17.2048
-73.51,-16.4617
-73.51,-15.7314
-75.94,-15.013
-75.91,-14.3056
-75.88,-13.6084
-75.85,-12.9206
-75.83,-12.2415
-75.82,-11.5704
-75.79,-10.9068
-75.77,-10.25
-75.76,-9.5995
-75.76,-8.95483
-75.75,-8.31549
-75.73,-7.68101
-75.72,-7.05095
-75.71,-6.42491
-75.7,-5.80247
-75.7,-5.18326
-75.68,-4.5669
-75.66,-3.95303
-75.66,-3.3413
-75.66,-2.73136
-75.67,-2.12289
-75.66,-1.51555
-75.65,-0.90901
-75.64,-0.30295
-73.5,0.302949
-73.5,0.909006
-73.48,1.515545
-73.48,2.122888
-73.48,2.731362
-73.49,3.341297
-73.49,3.953028
-73.5,4.566898
-73.49,5.183259
-73.46,5.802471
-73.47,6.424907
-73.47,7.050952
-73.47,7.681006
-73.45,8.315488
-73.44,8.954834
-73.42,9.599501
-73.41,10.24997
-73.4,10.90676
-73.38,11.5704
-73.36,12.24148
-73.33,12.92059
-73.32,13.60841
-73.32,14.30563
-73.32,15.01303
-75.79,15.73141
-75.8,16.46168
-75.82,17.20481
-75.83,17.96188
-75.83,18.73404
-75.85,19.5226
-75.84,20.32899
-75.83,21.15481
-75.84,22.00185
-75.86,22.87213
-75.88,23.76793
-75.88,24.69184
-75.9,25.64687
-75.92,26.63647
-75.92,27.66467
-76.04,28.73624
-75.82,29.85687
-76.0,31.03341
-76.02,32.27427
-76.11,33.58996
-76.17,34.99383
-75.9,36.50335
-75.9,38.14207
-75.9,39.94304
-73.93,-39.943
-73.95,-38.1421
-73.97,-36.5034
-73.93,-34.9938
-74.06,-33.59
-74.04,-32.2743
-74.05,-31.0334
-74.05,-29.8569
-74.07,-28.7362
-74.03,-27.6647
-74.04,-26.6365
-74.05,-25.6469
-74.05,-24.6918
-74.06,-23.7679
-74.05,-22.8721
-74.05,-22.0019
-74.05,-21.1548
-74.05,-20.329
-74.03,-19.5226
-74.04,-18.734
-74.03,-17.9619
-74.02,-17.2048
-74.02,-16.4617
-74.02,-15.7314
-76.45,-15.013
-76.42,-14.3056
-76.39,-13.6084
-76.36,-12.9206
-76.34,-12.2415
-76.33,-11.5704
-76.3,-10.9068
-76.28,-10.25
-76.27,-9.5995
-76.27,-8.95483
-76.26,-8.31549
-76.24,-7.68101
-76.23,-7.05095
-76.22,-6.42491
-76.21,-5.80247
-76.21,-5.18326
-76.19,-4.5669
-76.17,-3.95303
-76.17,-3.3413
-76.17,-2.73136
-76.18,-2.12289
-76.17,-1.51555
-76.16,-0.90901
-76.15,-0.30295
-74.01,0.302949
-74.01,0.909006
-73.99,1.515545
-73.99,2.122888
-73.99,2.731362
-74.0,3.341297
-74.0,3.953028
-74.01,4.566898
-74.0,5.183259
-73.97,5.802471
-73.98,6.424907
-73.98,7.050952
-73.98,7.681006
-73.96,8.315488
-73.95,8.954834
-73.93,9.599501
-73.92,10.24997
-73.91,10.90676
-73.89,11.5704
-73.87,12.24148
-73.84,12.92059
-73.83,13.60841
-73.83,14.30563
-73.83,15.01303
-76.3,15.73141
-76.31,16.46168
-76.33,17.20481
-76.34,17.96188
-76.34,18.73404
-76.36,19.5226
-76.35,20.32899
-76.34,21.15481
-76.35,22.00185
-76.37,22.87213
-76.39,23.76793
-76.39,24.69184
-76.41,25.64687
-76.43,26.63647
-76.43,27.66467
-76.55,28.73624
-76.33,29.85687
-76.51,31.03341
-76.53,32.27427
-76.62,33.58996
-76.68,34.99383
-76.41,36.50335
-76.41,38.14207
-76.41,39.94304
-74.45,-39.943
-74.47,-38.1421
-74.49,-36.5034
-74.45,-34.9938
-74.58,-33.59
-74.56,-32.2743
-74.57,-31.0334
-74.57,-29.8569
-74.59,-28.7362
-74.55,-27.6647
-74.56,-26.6365
-74.57,-25.6469
-74.57,-24.6918
-74.58,-23.7679
-74.57,-22.8721
-74.57,-22.0019
-74.57,-21.1548
-74.57,-20.329
-74.55,-19.5226
-74.56,-18.734
-74.55,-17.9619
-74.54,-17.2048
-74.54,-16.4617
-74.54,-15.7314
-76.97,-15.013
-76.94,-14.3056
-76.91,-13.6084
-76.88,-12.9206
-76.86,-12.2415
-76.85,-11.5704
-76.82,-10.9068
-76.8,-10.25
-76.79,-9.5995
-76.79,-8.95483
-76.78,-8.31549
-76.76,-7.68101
-76.75,-7.05095
-76.74,-6.42491
-76.73,-5.80247
-76.73,-5.18326
-76.71,-4.5669
-76.69,-3.95303
-76.69,-3.3413
-76.69,-2.73136
-76.7,-2.12289
-76.69,-1.51555
-76.68,-0.90901
-76.67,-0.30295
-74.53,0.302949
-74.53,0.909006
-74.51,1.515545
-74.51,2.122888
-74.51,2.731362
-74.52,3.341297
-74.52,3.953028
-74.53,4.566898
-74.52,5.183259
-74.49,5.802471
-74.5,6.424907
-74.5,7.050952
-74.5,7.681006
-74.48,8.315488
-74.47,8.954834
-74.45,9.599501
-74.44,10.24997
-74.43,10.90676
-74.41,11.5704
-74.39,12.24148
-74.36,12.92059
-74.35,13.60841
-74.35,14.30563
-74.35,15.01303
-76.82,15.73141
-76.83,16.46168
-76.85,17.20481
-76.86,17.96188
-76.86,18.73404
-76.88,19.5226
-76.87,20.32899
-76.86,21.15481
-76.87,22.00185
-76.89,22.87213
-76.91,23.76793
-76.91,24.69184
-76.93,25.64687
-76.95,26.63647
-76.95,27.66467
-77.07,28.73624
-76.85,29.85687
-77.03,31.03341
-77.05,32.27427
-77.14,33.58996
-77.2,34.99383
-76.93,36.50335
-76.93,38.14207
-76.93,39.94304
-74.96,-39.943
-74.98,-38.1421
-75.0,-36.5034
-74.96,-34.9938
-75.09,-33.59
-75.07,-32.2743
-75.08,-31.0334
-75.08,-29.8569
-75.1,-28.7362
-75.06,-27.6647
-75.07,-26.6365
-75.08,-25.6469
-75.08,-24.6918
-75.09,-23.7679
-75.08,-22.8721
-75.08,-22.0019
-75.08,-21.1548
-75.08,-20.329
-75.06,-19.5226
-75.07,-18.734
-75.06,-17.9619
-75.05,-17.2048
-75.05,-16.4617
-75.05,-15.7314
-77.48,-15.013
-77.45,-14.3056
-77.42,-13.6084
-77.39,-12.9206
-77.37,-12.2415
-77.36,-11.5704
-77.33,-10.9068
-77.31,-10.25
-77.3,-9.5995
-77.3,-8.95483
-77.29,-8.31549
-77.27,-7.68101
-77.26,-7.05095
-77.25,-6.42491
-77.24,-5.80247
-77.24,-5.18326
-77.22,-4.5669
-77.2,-3.95303
-77.2,-3.3413
-77.2,-2.73136
-77.21,-2.12289
-77.2,-1.51555
-77.19,-0.90901
-77.18,-0.30295
-75.04,0.302949
-75.04,0.909006
-75.02,1.515545
-75.02,2.122888
-75.02,2.731362
-75.03,3.341297
-75.03,3.953028
-75.04,4.566898
-75.03,5.183259
-75.0,5.802471
-75.01,6.424907
-75.01,7.050952
-75.01,7.681006
-74.99,8.315488
-74.98,8.954834
-74.96,9.599501
-74.95,10.24997
-74.94,10.90676
-74.92,11.5704
-74.9,12.24148
-74.87,12.92059
-74.86,13.60841
-74.86,14.30563
-74.86,15.01303
-77.33,15.73141
-77.34,16.46168
-77.36,17.20481
-77.37,17.96188
-77.37,18.73404
-77.39,19.5226
-77.38,20.32899
-77.37,21.15481
-77.38,22.00185
-77.4,22.87213
-77.42,23.76793
-77.42,24.69184
-77.44,25.64687
-77.46,26.63647
-77.46,27.66467
-77.58,28.73624
-77.36,29.85687
-77.54,31.03341
-77.56,32.27427
-77.65,33.58996
-77.71,34.99383
-77.44,36.50335
-77.44,38.14207
-77.44,39.94304
-75.48,-39.943
-75.5,-38.1421
-75.52,-36.5034
-75.48,-34.9938
-75.61,-33.59
-75.59,-32.2743
-75.6,-31.0334
-75.6,-29.8569
-75.62,-28.7362
-75.58,-27.6647
-75.59,-26.6365
-75.6,-25.6469
-75.6,-24.6918
-75.61,-23.7679
-75.6,-22.8721
-75.6,-22.0019
-75.6,-21.1548
-75.6,-20.329
-75.58,-19.5226
-75.59,-18.734
-75.58,-17.9619
-75.57,-17.2048
-75.57,-16.4617
-75.57,-15.7314
-78.0,-15.013
-77.97,-14.3056
-77.94,-13.6084
-77.91,-12.9206
-77.89,-12.2415
-77.88,-11.5704
-77.85,-10.9068
-77.83,-10.25
-77.82,-9.5995
-77.82,-8.95483
-77.81,-8.31549
-77.79,-7.68101
-77.78,-7.05095
-77.77,-6.42491
-77.76,-5.80247
-77.76,-5.18326
-77.74,-4.5669
-77.72,-3.95303
-77.72,-3.3413
-77.72,-2.73136
-77.73,-2.12289
-77.72,-1.51555
-77.71,-0.90901
-77.7,-0.30295
-75.56,0.302949
-75.56,0.909006
-75.54,1.515545
-75.54,2.122888
-75.54,2.731362
-75.55,3.341297
-75.55,3.953028
-75.56,4.566898
-75.55,5.183259
-75.52,5.802471
-75.53,6.424907
-75.53,7.050952
-75.53,7.681006
-75.51,8.315488
-75.5,8.954834
-75.48,9.599501
-75.47,10.24997
-75.46,10.90676
-75.44,11.5704
-75.42,12.24148
-75.39,12.92059
-75.38,13.60841
-75.38,14.30563
-75.38,15.01303
-77.85,15.73141
-77.86,16.46168
-77.88,17.20481
-77.89,17.96188
-77.89,18.73404
-77.91,19.5226
-77.9,20.32899
-77.89,21.15481
-77.9,22.00185
-77.92,22.87213
-77.94,23.76793
-77.94,24.69184
-77.96,25.64687
-77.98,26.63647
-77.98,27.66467
-78.1,28.73624
-77.88,29.85687
-78.06,31.03341
-78.08,32.27427
-78.17,33.58996
-78.23,34.99383
-77.96,36.50335
-77.96,38.14207
-77.96,39.94304
-76.0,-39.943
-76.02,-38.1421
-76.04,-36.5034
-76.0,-34.9938
-76.13,-33.59
-76.11,-32.2743
-76.12,-31.0334
-76.12,-29.8569
-76.14,-28.7362
-76.1,-27.6647
-76.11,-26.6365
-76.12,-25.6469
-76.12,-24.6918
-76.13,-23.7679
-76.12,-22.8721
-76.12,-22.0019
-76.12,-21.1548
-76.12,-20.329
-76.1,-19.5226
-76.11,-18.734
-76.1,-17.9619
-76.09,-17.2048
-76.09,-16.4617
-76.09,-15.7314
-78.52,-15.013
-78.49,-14.3056
-78.46,-13.6084
-78.43,-12.9206
-78.41,-12.2415
-78.4,-11.5704
-78.37,-10.9068
-78.35,-10.25
-78.34,-9.5995
-78.34,-8.95483
-78.33,-8.31549
-78.31,-7.68101
-78.3,-7.05095
-78.29,-6.42491
-78.28,-5.80247
-78.28,-5.18326
-78.26,-4.5669
-78.24,-3.95303
-78.24,-3.3413
-78.24,-2.73136
-78.25,-2.12289
-78.24,-1.51555
-78.23,-0.90901
-78.22,-0.30295
-76.08,0.302949
-76.08,0.909006
-76.06,1.515545
-76.06,2.122888
-76.06,2.731362
-76.07,3.341297
-76.07,3.953028
-76.08,4.566898
-76.07,5.183259
-76.04,5.802471
-76.05,6.424907
-76.05,7.050952
-76.05,7.681006
-76.03,8.315488
-76.02,8.954834
-76.0,9.599501
-75.99,10.24997
-75.98,10.90676
-75.96,11.5704
-75.94,12.24148
-75.91,12.92059
-75.9,13.60841
-75.9,14.30563
-75.9,15.01303
-78.37,15.73141
-78.38,16.46168
-78.4,17.20481
-78.41,17.96188
-78.41,18.73404
-78.43,19.5226
-78.42,20.32899
-78.41,21.15481
-78.42,22.00185
-78.44,22.87213
-78.46,23.76793
-78.46,24.69184
-78.48,25.64687
-78.5,26.63647
-78.5,27.66467
-78.62,28.73624
-78.4,29.85687
-78.58,31.03341
-78.6,32.27427
-78.69,33.58996
-78.75,34.99383
-78.48,36.50335
-78.48,38.14207
-78.48,39.94304
-76.51,-39.943
-76.53,-38.1421
-76.55,-36.5034
-76.51,-34.9938
-76.64,-33.59
-76.62,-32.2743
-76.63,-31.0334
-76.63,-29.8569
-76.65,-28.7362
-76.61,-27.6647
-76.62,-26.6365
-76.63,-25.6469
-76.63,-24.6918
-76.64,-23.7679
-76.63,-22.8721
-76.63,-22.0019
-76.63,-21.1548
-76.63,-20.329
-76.61,-19.5226
-76.62,-18.734
-76.61,-17.9619
-76.6,-17.2048
-76.6,-16.4617
-76.6,-15.7314
-79.03,-15.013
-79.0,-14.3056
-78.97,-13.6084
-78.94,-12.9206
-78.92,-12.2415
-78.91,-11.5704
-78.88,-10.9068
-78.86,-10.25
-78.85,-9.5995
-78.85,-8.95483
-78.84,-8.31549
-78.82,-7.68101
-78.81,-7.05095
-78.8,-6.42491
-78.79,-5.80247
-78.79,-5.18326
-78.77,-4.5669
-78.75,-3.95303
-78.75,-3.3413
-78.75,-2.73136
-78.76,-2.12289
-78.75,-1.51555
-78.74,-0.90901
-78.73,-0.30295
-76.59,0.302949
-76.59,0.909006
-76.57,1.515545
-76.57,2.122888
-76.57,2.731362
-76.58,3.341297
-76.58,3.953028
-76.59,4.566898
-76.58,5.183259
-76.55,5.802471
-76.56,6.424907
-76.56,7.050952
-76.56,7.681006
-76.54,8.315488
-76.53,8.954834
-76.51,9.599501
-76.5,10.24997
-76.49,10.90676
-76.47,11.5704
-76.45,12.24148
-76.42,12.92059
-76.41,13.60841
-76.41,14.30563
-76.41,15.01303
-78.88,15.73141
-78.89,16.46168
-78.91,17.20481
-78.92,17.96188
-78.92,18.73404
-78.94,19.5226
-78.93,20.32899
-78.92,21.15481
-78.93,22.00185
-78.95,22.87213
-78.97,23.76793
-78.97,24.69184
-78.99,25.64687
-79.01,26.63647
-79.01,27.66467
-79.13,28.73624
-78.91,29.85687
-79.09,31.03341
-79.11,32.27427
-79.2,33.58996
-79.26,34.99383
-78.99,36.50335
-78.99,38.14207
-78.99,39.94304
-77.03,-39.943
-77.05,-38.1421
-77.07,-36.5034
-77.03,-34.9938
-77.16,-33.59
-77.14,-32.2743
-77.15,-31.0334
-77.15,-29.8569
-77.17,-28.7362
-77.13,-27.6647
-77.14,-26.6365
-77.15,-25.6469
-77.15,-24.6918
-77.16,-23.7679
-77.15,-22.8721
-77.15,-22.0019
-77.15,-21.1548
-77.15,-20.329
-77.13,-19.5226
-77.14,-18.734
-77.13,-17.9619
-77.12,-17.2048
-77.12,-16.4617
-77.12,-15.7314
-79.55,-15.013
-79.52,-14.3056
-79.49,-13.6084
-79.46,-12.9206
-79.44,-12.2415
-79.43,-11.5704
-79.4,-10.9068
-79.38,-10.25
-79.37,-9.5995
-79.37,-8.95483
-79.36,-8.31549
-79.34,-7.68101
-79.33,-7.05095
-79.32,-6.42491
-79.31,-5.80247
-79.31,-5.18326
-79.29,-4.5669
-79.27,-3.95303
-79.27,-3.3413
-79.27,-2.73136
-79.28,-2.12289
-79.27,-1.51555
-79.26,-0.90901
-79.25,-0.30295
-77.11,0.302949
-77.11,0.909006
-77.09,1.515545
-77.09,2.122888
-77.09,2.731362
-77.1,3.341297
-77.1,3.953028
-77.11,4.566898
-77.1,5.183259
-77.07,5.802471
-77.08,6.424907
-77.08,7.050952
-77.08,7.681006
-77.06,8.315488
-77.05,8.954834
-77.03,9.599501
-77.02,10.24997
-77.01,10.90676
-76.99,11.5704
-76.97,12.24148
-76.94,12.92059
-76.93,13.60841
-76.93,14.30563
-76.93,15.01303
-79.4,15.73141
-79.41,16.46168
-79.43,17.20481
-79.44,17.96188
-79.44,18.73404
-79.46,19.5226
-79.45,20.32899
-79.44,21.15481
-79.45,22.00185
-79.47,22.87213
-79.49,23.76793
-79.49,24.69184
-79.51,25.64687
-79.53,26.63647
-79.53,27.66467
-79.65,28.73624
-79.43,29.85687
-79.61,31.03341
-79.63,32.27427
-79.72,33.58996
-79.78,34.99383
-79.51,36.50335
-79.51,38.14207
-79.51,39.94304
-77.54,-39.943
-77.56,-38.1421
-77.58,-36.5034
-77.54,-34.9938
-77.67,-33.59
-77.65,-32.2743
-77.66,-31.0334
-77.66,-29.8569
-77.68,-28.7362
-77.64,-27.6647
-77.65,-26.6365
-77.66,-25.6469
-77.66,-24.6918
-77.67,-23.7679
-77.66,-22.8721
-77.66,-22.0019
-77.66,-21.1548
-77.66,-20.329
-77.64,-19.5226
-77.65,-18.734
-77.64,-17.9619
-77.63,-17.2048
-77.63,-16.4617
-77.63,-15.7314
-80.06,-15.013
-80.03,-14.3056
-80.0,-13.6084
-79.97,-12.9206
-79.95,-12.2415
-79.94,-11.5704
-79.91,-10.9068
-79.89,-10.25
-79.88,-9.5995
-79.88,-8.95483
-79.87,-8.31549
-79.85,-7.68101
-79.84,-7.05095
-79.83,-6.42491
-79.82,-5.80247
-79.82,-5.18326
-79.8,-4.5669
-79.78,-3.95303
-79.78,-3.3413
-79.78,-2.73136
-79.79,-2.12289
-79.78,-1.51555
-79.77,-0.90901
-79.76,-0.30295
-77.62,0.302949
-77.62,0.909006
-77.6,1.515545
-77.6,2.122888
-77.6,2.731362
-77.61,3.341297
-77.61,3.953028
-77.62,4.566898
-77.61,5.183259
-77.58,5.802471
-77.59,6.424907
-77.59,7.050952
-77.59,7.681006
-77.57,8.315488
-77.56,8.954834
-77.54,9.599501
-77.53,10.24997
-77.52,10.90676
-77.5,11.5704
-77.48,12.24148
-77.45,12.92059
-77.44,13.60841
-77.44,14.30563
-77.44,15.01303
-79.91,15.73141
-79.92,16.46168
-79.94,17.20481
-79.95,17.96188
-79.95,18.73404
-79.97,19.5226
-79.96,20.32899
-79.95,21.15481
-79.96,22.00185
-79.98,22.87213
-80.0,23.76793
-80.0,24.69184
-80.02,25.64687
-80.04,26.63647
-80.04,27.66467
-80.16,28.73624
-79.94,29.85687
-80.12,31.03341
-80.14,32.27427
-80.23,33.58996
-80.29,34.99383
-80.02,36.50335
-80.02,38.14207
-80.02,39.94304
-78.06,-39.943
-78.08,-38.1421
-78.1,-36.5034
-78.06,-34.9938
-78.19,-33.59
-78.17,-32.2743
-78.18,-31.0334
-78.18,-29.8569
-78.2,-28.7362
-78.16,-27.6647
-78.17,-26.6365
-78.18,-25.6469
-78.18,-24.6918
-78.19,-23.7679
-78.18,-22.8721
-78.18,-22.0019
-78.18,-21.1548
-78.18,-20.329
-78.16,-19.5226
-78.17,-18.734
-78.16,-17.9619
-78.15,-17.2048
-78.15,-16.4617
-78.15,-15.7314
-80.58,-15.013
-80.55,-14.3056
-80.52,-13.6084
-80.49,-12.9206
-80.47,-12.2415
-80.46,-11.5704
-80.43,-10.9068
-80.41,-10.25
-80.4,-9.5995
-80.4,-8.95483
-80.39,-8.31549
-80.37,-7.68101
-80.36,-7.05095
-80.35,-6.42491
-80.34,-5.80247
-80.34,-5.18326
-80.32,-4.5669
-80.3,-3.95303
-80.3,-3.3413
-80.3,-2.73136
-80.31,-2.12289
-80.3,-1.51555
-80.29,-0.90901
-80.28,-0.30295
-78.14,0.302949
-78.14,0.909006
-78.12,1.515545
-78.12,2.122888
-78.12,2.731362
-78.13,3.341297
-78.13,3.953028
-78.14,4.566898
-78.13,5.183259
-78.1,5.802471
-78.11,6.424907
-78.11,7.050952
-78.11,7.681006
-78.09,8.315488
-78.08,8.954834
-78.06,9.599501
-78.05,10.24997
-78.04,10.90676
-78.02,11.5704
-78.0,12.24148
-77.97,12.92059
-77.96,13.60841
-77.96,14.30563
-77.96,15.01303
-80.43,15.73141
-80.44,16.46168
-80.46,17.20481
-80.47,17.96188
-80.47,18.73404
-80.49,19.5226
-80.48,20.32899
-80.47,21.15481
-80.48,22.00185
-80.5,22.87213
-80.52,23.76793
-80.52,24.69184
-80.54,25.64687
-80.56,26.63647
-80.56,27.66467
-80.68,28.73624
-80.46,29.85687
-80.64,31.03341
-80.66,32.27427
-80.75,33.58996
-80.81,34.99383
-80.54,36.50335
-80.54,38.14207
-80.54,39.94304
-78.58,-39.943
-78.6,-38.1421
-78.62,-36.5034
-78.58,-34.9938
-78.71,-33.59
-78.69,-32.2743
-78.7,-31.0334
-78.7,-29.8569
-78.72,-28.7362
-78.68,-27.6647
-78.69,-26.6365
-78.7,-25.6469
-78.7,-24.6918
-78.71,-23.7679
-78.7,-22.8721
-78.7,-22.0019
-78.7,-21.1548
-78.7,-20.329
-78.68,-19.5226
-78.69,-18.734
-78.68,-17.9619
-78.67,-17.2048
-78.67,-16.4617
-78.67,-15.7314
-81.1,-15.013
-81.07,-14.3056
-81.04,-13.6084
-81.01,-12.9206
-80.99,-12.2415
-80.98,-11.5704
-80.95,-10.9068
-80.93,-10.25
-80.92,-9.5995
-80.92,-8.95483
-80.91,-8.31549
-80.89,-7.68101
-80.88,-7.05095
-80.87,-6.42491
-80.86,-5.80247
-80.86,-5.18326
-80.84,-4.5669
-80.82,-3.95303
-80.82,-3.3413
-80.82,-2.73136
-80.83,-2.12289
-80.82,-1.51555
-80.81,-0.90901
-80.8,-0.30295
-78.66,0.302949
-78.66,0.909006
-78.64,1.515545
-78.64,2.122888
-78.64,2.731362
-78.65,3.341297
-78.65,3.953028
-78.66,4.566898
-78.65,5.183259
-78.62,5.802471
-78.63,6.424907
-78.63,7.050952
-78.63,7.681006
-78.61,8.315488
-78.6,8.954834
-78.58,9.599501
-78.57,10.24997
-78.56,10.90676
-78.54,11.5704
-78.52,12.24148
-78.49,12.92059
-78.48,13.60841
-78.48,14.30563
-78.48,15.01303
-80.95,15.73141
-80.96,16.46168
-80.98,17.20481
-80.99,17.96188
-80.99,18.73404
-81.01,19.5226
-81.0,20.32899
-80.99,21.15481
-81.0,22.00185
-81.02,22.87213
-81.04,23.76793
-81.04,24.69184
-81.06,25.64687
-81.08,26.63647
-81.08,27.66467
-81.2,28.73624
-80.98,29.85687
-81.16,31.03341
-81.18,32.27427
-81.27,33.58996
-81.33,34.99383
-81.06,36.50335
-81.06,38.14207
-81.06,39.94304
-79.09,-39.943
-79.11,-38.1421
-79.13,-36.5034
-79.09,-34.9938
-79.22,-33.59
-79.2,-32.2743
-79.21,-31.0334
-79.21,-29.8569
-79.23,-28.7362
-79.19,-27.6647
-79.2,-26.6365
-79.21,-25.6469
-79.21,-24.6918
-79.22,-23.7679
-79.21,-22.8721
-79.21,-22.0019
-79.21,-21.1548
-79.21,-20.329
-79.19,-19.5226
-79.2,-18.734
-79.19,-17.9619
-79.18,-17.2048
-79.18,-16.4617
-79.18,-15.7314
-81.61,-15.013
-81.58,-14.3056
-81.55,-13.6084
-81.52,-12.9206
-81.5,-12.2415
-81.49,-11.5704
-81.46,-10.9068
-81.44,-10.25
-81.43,-9.5995
-81.43,-8.95483
-81.42,-8.31549
-81.4,-7.68101
-81.39,-7.05095
-81.38,-6.42491
-81.37,-5.80247
-81.37,-5.18326
-81.35,-4.5669
-81.33,-3.95303
-81.33,-3.3413
-81.33,-2.73136
-81.34,-2.12289
-81.33,-1.51555
-81.32,-0.90901
-81.31,-0.30295
-79.17,0.302949
-79.17,0.909006
-79.15,1.515545
-79.15,2.122888
-79.15,2.731362
-79.16,3.341297
-79.16,3.953028
-79.17,4.566898
-79.16,5.183259
-79.13,5.802471
-79.14,6.424907
-79.14,7.050952
-79.14,7.681006
-79.12,8.315488
-79.11,8.954834
-79.09,9.599501
-79.08,10.24997
-79.07,10.90676
-79.05,11.5704
-79.03,12.24148
-79.0,12.92059
-78.99,13.60841
-78.99,14.30563
-78.99,15.01303
-81.46,15.73141
-81.47,16.46168
-81.49,17.20481
-81.5,17.96188
-81.5,18.73404
-81.52,19.5226
-81.51,20.32899
-81.5,21.15481
-81.51,22.00185
-81.53,22.87213
-81.55,23.76793
-81.55,24.69184
-81.57,25.64687
-81.59,26.63647
-81.59,27.66467
-81.71,28.73624
-81.49,29.85687
-81.67,31.03341
-81.69,32.27427
-81.78,33.58996
-81.84,34.99383
-81.57,36.50335
-81.57,38.14207
-81.57,39.94304
-79.61,-39.943
-79.63,-38.1421
-79.65,-36.5034
-79.61,-34.9938
-79.74,-33.59
-79.72,-32.2743
-79.73,-31.0334
-79.73,-29.8569
-79.75,-28.7362
-79.71,-27.6647
-79.72,-26.6365
-79.73,-25.6469
-79.73,-24.6918
-79.74,-23.7679
-79.73,-22.8721
-79.73,-22.0019
-79.73,-21.1548
-79.73,-20.329
-79.71,-19.5226
-79.72,-18.734
-79.71,-17.9619
-79.7,-17.2048
-79.7,-16.4617
-79.7,-15.7314
-82.13,-15.013
-82.1,-14.3056
-82.07,-13.6084
-82.04,-12.9206
-82.02,-12.2415
-82.01,-11.5704
-81.98,-10.9068
-81.96,-10.25
-81.95,-9.5995
-81.95,-8.95483
-81.94,-8.31549
-81.92,-7.68101
-81.91,-7.05095
-81.9,-6.42491
-81.89,-5.80247
-81.89,-5.18326
-81.87,-4.5669
-81.85,-3.95303
-81.85,-3.3413
-81.85,-2.73136
-81.86,-2.12289
-81.85,-1.51555
-81.84,-0.90901
-81.83,-0.30295
-79.69,0.302949
-79.69,0.909006
-79.67,1.515545
-79.67,2.122888
-79.67,2.731362
-79.68,3.341297
-79.68,3.953028
-79.69,4.566898
-79.68,5.183259
-79.65,5.802471
-79.66,6.424907
-79.66,7.050952
-79.66,7.681006
-79.64,8.315488
-79.63,8.954834
-79.61,9.599501
-79.6,10.24997
-79.59,10.90676
-79.57,11.5704
-79.55,12.24148
-79.52,12.92059
-79.51,13.60841
-79.51,14.30563
-79.51,15.01303
-81.98,15.73141
-81.99,16.46168
-82.01,17.20481
-82.02,17.96188
-82.02,18.73404
-82.04,19.5226
-82.03,20.32899
-82.02,21.15481
-82.03,22.00185
-82.05,22.87213
-82.07,23.76793
-82.07,24.69184
-82.09,25.64687
-82.11,26.63647
-82.11,27.66467
-82.23,28.73624
-82.01,29.85687
-82.19,31.03341
-82.21,32.27427
-82.3,33.58996
-82.36,34.99383
-82.09,36.50335
-82.09,38.14207
-82.09,39.94304
-80.12,-39.943
-80.14,-38.1421
-80.16,-36.5034
-80.12,-34.9938
-80.25,-33.59
-80.23,-32.2743
-80.24,-31.0334
-80.24,-29.8569
-80.26,-28.7362
-80.22,-27.6647
-80.23,-26.6365
-80.24,-25.6469
-80.24,-24.6918
-80.25,-23.7679
-80.24,-22.8721
-80.24,-22.0019
-80.24,-21.1548
-80.24,-20.329
-80.22,-19.5226
-80.23,-18.734
-80.22,-17.9619
-80.21,-17.2048
-80.21,-16.4617
-80.21,-15.7314
-82.64,-15.013
-82.61,-14.3056
-82.58,-13.6084
-82.55,-12.9206
-82.53,-12.2415
-82.52,-11.5704
-82.49,-10.9068
-82.47,-10.25
-82.46,-9.5995
-82.46,-8.95483
-82.45,-8.31549
-82.43,-7.68101
-82.42,-7.05095
-82.41,-6.42491
-82.4,-5.80247
-82.4,-5.18326
-82.38,-4.5669
-82.36,-3.95303
-82.36,-3.3413
-82.36,-2.73136
-82.37,-2.12289
-82.36,-1.51555
-82.35,-0.90901
-82.34,-0.30295
-80.2,0.302949
-80.2,0.909006
-80.18,1.515545
-80.18,2.122888
-80.18,2.731362
-80.19,3.341297
-80.19,3.953028
-80.2,4.566898
-80.19,5.183259
-80.16,5.802471
-80.17,6.424907
-80.17,7.050952
-80.17,7.681006
-80.15,8.315488
-80.14,8.954834
-80.12,9.599501
-80.11,10.24997
-80.1,10.90676
-80.08,11.5704
-80.06,12.24148
-80.03,12.92059
-80.02,13.60841
-80.02,14.30563
-80.02,15.01303
-82.49,15.73141
-82.5,16.46168
-82.52,17.20481
-82.53,17.96188
-82.53,18.73404
-82.55,19.5226
-82.54,20.32899
-82.53,21.15481
-82.54,22.00185
-82.56,22.87213
-82.58,23.76793
-82.58,24.69184
-82.6,25.64687
-82.62,26.63647
-82.62,27.66467
-82.74,28.73624
-82.52,29.85687
-82.7,31.03341
-82.72,32.27427
-82.81,33.58996
-82.87,34.99383
-82.6,36.50335
-82.6,38.14207
-82.6,39.94304
-80.64,-39.943
-80.66,-38.1421
-80.68,-36.5034
-80.64,-34.9938
-80.77,-33.59
-80.75,-32.2743
-80.76,-31.0334
-80.76,-29.8569
-80.78,-28.7362
-80.74,-27.6647
-80.75,-26.6365
-80.76,-25.6469
-80.76,-24.6918
-80.77,-23.7679
-80.76,-22.8721
-80.76,-22.0019
-80.76,-21.1548
-80.76,-20.329
-80.74,-19.5226
-80.75,-18.734
-80.74,-17.9619
-80.73,-17.2048
-80.73,-16.4617
-80.73,-15.7314
-83.16,-15.013
-83.13,-14.3056
-83.1,-13.6084
-83.07,-12.9206
-83.05,-12.2415
-83.04,-11.5704
-83.01,-10.9068
-82.99,-10.25
-82.98,-9.5995
-82.98,-8.95483
-82.97,-8.31549
-82.95,-7.68101
-82.94,-7.05095
-82.93,-6.42491
-82.92,-5.80247
-82.92,-5.18326
-82.9,-4.5669
-82.88,-3.95303
-82.88,-3.3413
-82.88,-2.73136
-82.89,-2.12289
-82.88,-1.51555
-82.87,-0.90901
-82.86,-0.30295
-80.72,0.302949
-80.72,0.909006
-80.7,1.515545
-80.7,2.122888
-80.7,2.731362
-80.71,3.341297
-80.71,3.953028
-80.72,4.566898
-80.71,5.183259
-80.68,5.802471
-80.69,6.424907
-80.69,7.050952
-80.69,7.681006
-80.67,8.315488
-80.66,8.954834
-80.64,9.599501
-80.63,10.24997
-80.62,10.90676
-80.6,11.5704
-80.58,12.24148
-80.55,12.92059
-80.54,13.60841
-80.54,14.30563
-80.54,15.01303
-83.01,15.73141
-83.02,16.46168
-83.04,17.20481
-83.05,17.96188
-83.05,18.73404
-83.07,19.5226
-83.06,20.32899
-83.05,21.15481
-83.06,22.00185
-83.08,22.87213
-83.1,23.76793
-83.1,24.69184
-83.12,25.64687
-83.14,26.63647
-83.14,27.66467
-83.26,28.73624
-83.04,29.85687
-83.22,31.03341
-83.24,32.27427
-83.33,33.58996
-83.39,34.99383
-83.12,36.50335
-83.12,38.14207
-83.12,39.94304
-81.16,-39.943
-81.18,-38.1421
-81.2,-36.5034
-81.16,-34.9938
-81.29,-33.59
-81.27,-32.2743
-81.28,-31.0334
-81.28,-29.8569
-81.3,-28.7362
-81.26,-27.6647
-81.27,-26.6365
-81.28,-25.6469
-81.28,-24.6918
-81.29,-23.7679
-81.28,-22.8721
-81.28,-22.0019
-81.28,-21.1548
-81.28,-20.329
-81.26,-19.5226
-81.27,-18.734
-81.26,-17.9619
-81.25,-17.2048
-81.25,-16.4617
-81.25,-15.7314
-83.68,-15.013
-83.65,-14.3056
-83.62,-13.6084
-83.59,-12.9206
-83.57,-12.2415
-83.56,-11.5704
-83.53,-10.9068
-83.51,-10.25
-83.5,-9.5995
-83.5,-8.95483
-83.49,-8.31549
-83.47,-7.68101
-83.46,-7.05095
-83.45,-6.42491
-83.44,-5.80247
-83.44,-5.18326
-83.42,-4.5669
-83.4,-3.95303
-83.4,-3.3413
-83.4,-2.73136
-83.41,-2.12289
-83.4,-1.51555
-83.39,-0.90901
-83.38,-0.30295
-81.24,0.302949
-81.24,0.909006
-81.22,1.515545
-81.22,2.122888
-81.22,2.731362
-81.23,3.341297
-81.23,3.953028
-81.24,4.566898
-81.23,5.183259
-81.2,5.802471
-81.21,6.424907
-81.21,7.050952
-81.21,7.681006
-81.19,8.315488
-81.18,8.954834
-81.16,9.599501
-81.15,10.24997
-81.14,10.90676
-81.12,11.5704
-81.1,12.24148
-81.07,12.92059
-81.06,13.60841
-81.06,14.30563
-81.06,15.01303
-83.53,15.73141
-83.54,16.46168
-83.56,17.20481
-83.57,17.96188
-83.57,18.73404
-83.59,19.5226
-83.58,20.32899
-83.57,21.15481
-83.58,22.00185
-83.6,22.87213
-83.62,23.76793
-83.62,24.69184
-83.64,25.64687
-83.66,26.63647
-83.66,27.66467
-83.78,28.73624
-83.56,29.85687
-83.74,31.03341
-83.76,32.27427
-83.85,33.58996
-83.91,34.99383
-83.64,36.50335
-83.64,38.14207
-83.64,39.94304
-81.67,-39.943
-81.69,-38.1421
-81.71,-36.5034
-81.67,-34.9938
-81.8,-33.59
-81.78,-32.2743
-81.79,-31.0334
-81.79,-29.8569
-81.81,-28.7362
-81.77,-27.6647
-81.78,-26.6365
-81.79,-25.6469
-81.79,-24.6918
-81.8,-23.7679
-81.79,-22.8721
-81.79,-22.0019
-81.79,-21.1548
-81.79,-20.329
-81.77,-19.5226
-81.78,-18.734
-81.77,-17.9619
-81.76,-17.2048
-81.76,-16.4617
-81.76,-15.7314
-84.19,-15.013
-84.16,-14.3056
-84.13,-13.6084
-84.1,-12.9206
-84.08,-12.2415
-84.07,-11.5704
-84.04,-10.9068
-84.02,-10.25
-84.01,-9.5995
-84.01,-8.95483
-84.0,-8.31549
-83.98,-7.68101
-83.97,-7.05095
-83.96,-6.42491
-83.95,-5.80247
-83.95,-5.18326
-83.93,-4.5669
-83.91,-3.95303
-83.91,-3.3413
-83.91,-2.73136
-83.92,-2.12289
-83.91,-1.51555
-83.9,-0.90901
-83.89,-0.30295
-81.75,0.302949
-81.75,0.909006
-81.73,1.515545
-81.73,2.122888
-81.73,2.731362
-81.74,3.341297
-81.74,3.953028
-81.75,4.566898
-81.74,5.183259
-81.71,5.802471
-81.72,6.424907
-81.72,7.050952
-81.72,7.681006
-81.7,8.315488
-81.69,8.954834
-81.67,9.599501
-81.66,10.24997
-81.65,10.90676
-81.63,11.5704
-81.61,12.24148
-81.58,12.92059
-81.57,13.60841
-81.57,14.30563
-81.57,15.01303
-84.04,15.73141
-84.05,16.46168
-84.07,17.20481
-84.08,17.96188
-84.08,18.73404
-84.1,19.5226
-84.09,20.32899
-84.08,21.15481
-84.09,22.00185
-84.11,22.87213
-84.13,23.76793
-84.13,24.69184
-84.15,25.64687
-84.17,26.63647
-84.17,27.66467
-84.29,28.73624
-84.07,29.85687
-84.25,31.03341
-84.27,32.27427
-84.36,33.58996
-84.42,34.99383
-84.15,36.50335
-84.15,38.14207
-84.15,39.94304
-82.19,-39.943
-82.21,-38.1421
-82.23,-36.5034
-82.19,-34.9938
-82.32,-33.59
-82.3,-32.2743
-82.31,-31.0334
-82.31,-29.8569
-82.33,-28.7362
-82.29,-27.6647
-82.3,-26.6365
-82.31,-25.6469
-82.31,-24.6918
-82.32,-23.7679
-82.31,-22.8721
-82.31,-22.0019
-82.31,-21.1548
-82.31,-20.329
-82.29,-19.5226
-82.3,-18.734
-82.29,-17.9619
-82.28,-17.2048
-82.28,-16.4617
-82.28,-15.7314
-84.71,-15.013
-84.68,-14.3056
-84.65,-13.6084
-84.62,-12.9206
-84.6,-12.2415
-84.59,-11.5704
-84.56,-10.9068
-84.54,-10.25
-84.53,-9.5995
-84.53,-8.95483
-84.52,-8.31549
-84.5,-7.68101
-84.49,-7.05095
-84.48,-6.42491
-84.47,-5.80247
-84.47,-5.18326
-84.45,-4.5669
-84.43,-3.95303
-84.43,-3.3413
-84.43,-2.73136
-84.44,-2.12289
-84.43,-1.51555
-84.42,-0.90901
-84.41,-0.30295
-82.27,0.302949
-82.27,0.909006
-82.25,1.515545
-82.25,2.122888
-82.25,2.731362
-82.26,3.341297
-82.26,3.953028
-82.27,4.566898
-82.26,5.183259
-82.23,5.802471
-82.24,6.424907
-82.24,7.050952
-82.24,7.681006
-82.22,8.315488
-82.21,8.954834
-82.19,9.599501
-82.18,10.24997
-82.17,10.90676
-82.15,11.5704
-82.13,12.24148
-82.1,12.92059
-82.09,13.60841
-82.09,14.30563
-82.09,15.01303
-84.56,15.73141
-84.57,16.46168
-84.59,17.20481
-84.6,17.96188
-84.6,18.73404
-84.62,19.5226
-84.61,20.32899
-84.6,21.15481
-84.61,22.00185
-84.63,22.87213
-84.65,23.76793
-84.65,24.69184
-84.67,25.64687
-84.69,26.63647
-84.69,27.66467
-84.81,28.73624
-84.59,29.85687
-84.77,31.03341
-84.79,32.27427
-84.88,33.58996
-84.94,34.99383
-84.67,36.50335
-84.67,38.14207
-84.67,39.94304
-82.7,-39.943
-82.72,-38.1421
-82.74,-36.5034
-82.7,-34.9938
-82.83,-33.59
-82.81,-32.2743
-82.82,-31.0334
-82.82,-29.8569
-82.84,-28.7362
-82.8,-27.6647
-82.81,-26.6365
-82.82,-25.6469
-82.82,-24.6918
-82.83,-23.7679
-82.82,-22.8721
-82.82,-22.0019
-82.82,-21.1548
-82.82,-20.329
-82.8,-19.5226
-82.81,-18.734
-82.8,-17.9619
-82.79,-17.2048
-82.79,-16.4617
-82.79,-15.7314
-85.22,-15.013
-85.19,-14.3056
-85.16,-13.6084
-85.13,-12.9206
-85.11,-12.2415
-85.1,-11.5704
-85.07,-10.9068
-85.05,-10.25
-85.04,-9.5995
-85.04,-8.95483
-85.03,-8.31549
-85.01,-7.68101
-85.0,-7.05095
-84.99,-6.42491
-84.98,-5.80247
-84.98,-5.18326
-84.96,-4.5669
-84.94,-3.95303
-84.94,-3.3413
-84.94,-2.73136
-84.95,-2.12289
-84.94,-1.51555
-84.93,-0.90901
-84.92,-0.30295
-82.78,0.302949
-82.78,0.909006
-82.76,1.515545
-82.76,2.122888
-82.76,2.731362
-82.77,3.341297
-82.77,3.953028
-82.78,4.566898
-82.77,5.183259
-82.74,5.802471
-82.75,6.424907
-82.75,7.050952
-82.75,7.681006
-82.73,8.315488
-82.72,8.954834
-82.7,9.599501
-82.69,10.24997
-82.68,10.90676
-82.66,11.5704
-82.64,12.24148
-82.61,12.92059
-82.6,13.60841
-82.6,14.30563
-82.6,15.01303
-85.07,15.73141
-85.08,16.46168
-85.1,17.20481
-85.11,17.96188
-85.11,18.73404
-85.13,19.5226
-85.12,20.32899
-85.11,21.15481
-85.12,22.00185
-85.14,22.87213
-85.16,23.76793
-85.16,24.69184
-85.18,25.64687
-85.2,26.63647
-85.2,27.66467
-85.32,28.73624
-85.1,29.85687
-85.28,31.03341
-85.3,32.27427
-85.39,33.58996
-85.45,34.99383
-85.18,36.50335
-85.18,38.14207
-85.18,39.94304
-83.22,-39.943
-83.24,-38.1421
-83.26,-36.5034
-83.22,-34.9938
-83.35,-33.59
-83.33,-32.2743
-83.34,-31.0334
-83.34,-29.8569
-83.36,-28.7362
-83.32,-27.6647
-83.33,-26.6365
-83.34,-25.6469
-83.34,-24.6918
-83.35,-23.7679
-83.34,-22.8721
-83.34,-22.0019
-83.34,-21.1548
-83.34,-20.329
-83.32,-19.5226
-83.33,-18.734
-83.32,-17.9619
-83.31,-17.2048
-83.31,-16.4617
-83.31,-15.7314
-85.74,-15.013
-85.71,-14.3056
-85.68,-13.6084
-85.65,-12.9206
-85.63,-12.2415
-85.62,-11.5704
-85.59,-10.9068
-85.57,-10.25
-85.56,-9.5995
-85.56,-8.95483
-85.55,-8.31549
-85.53,-7.68101
-85.52,-7.05095
-85.51,-6.42491
-85.5,-5.80247
-85.5,-5.18326
-85.48,-4.5669
-85.46,-3.95303
-85.46,-3.3413
-85.46,-2.73136
-85.47,-2.12289
-85.46,-1.51555
-85.45,-0.90901
-85.44,-0.30295
-83.3,0.302949
-83.3,0.909006
-83.28,1.515545
-83.28,2.122888
-83.28,2.731362
-83.29,3.341297
-83.29,3.953028
-83.3,4.566898
-83.29,5.183259
-83.26,5.802471
-83.27,6.424907
-83.27,7.050952
-83.27,7.681006
-83.25,8.315488
-83.24,8.954834
-83.22,9.599501
-83.21,10.24997
-83.2,10.90676
-83.18,11.5704
-83.16,12.24148
-83.13,12.92059
-83.12,13.60841
-83.12,14.30563
-83.12,15.01303
-85.59,15.73141
-85.6,16.46168
-85.62,17.20481
-85.63,17.96188
-85.63,18.73404
-85.65,19.5226
-85.64,20.32899
-85.63,21.15481
-85.64,22.00185
-85.66,22.87213
-85.68,23.76793
-85.68,24.69184
-85.7,25.64687
-85.72,26.63647
-85.72,27.66467
-85.84,28.73624
-85.62,29.85687
-85.8,31.03341
-85.82,32.27427
-85.91,33.58996
-85.97,34.99383
-85.7,36.50335
-85.7,38.14207
-85.7,39.94304
-83.74,-39.943
-83.76,-38.1421
-83.78,-36.5034
-83.74,-34.9938
-83.87,-33.59
-83.85,-32.2743
-83.86,-31.0334
-83.86,-29.8569
-83.88,-28.7362
-83.84,-27.6647
-83.85,-26.6365
-83.86,-25.6469
-83.86,-24.6918
-83.87,-23.7679
-83.86,-22.8721
-83.86,-22.0019
-83.86,-21.1548
-83.86,-20.329
-83.84,-19.5226
-83.85,-18.734
-83.84,-17.9619
-83.83,-17.2048
-83.83,-16.4617
-83.83,-15.7314
-86.26,-15.013
-86.23,-14.3056
-86.2,-13.6084
-86.17,-12.9206
-86.15,-12.2415
-86.14,-11.5704
-86.11,-10.9068
-86.09,-10.25
-86.08,-9.5995
-86.08,-8.95483
-86.07,-8.31549
-86.05,-7.68101
-86.04,-7.05095
-86.03,-6.42491
-86.02,-5.80247
-86.02,-5.18326
-86.0,-4.5669
-85.98,-3.95303
-85.98,-3.3413
-85.98,-2.73136
-85.99,-2.12289
-85.98,-1.51555
-85.97,-0.90901
-85.96,-0.30295
-83.82,0.302949
-83.82,0.909006
-83.8,1.515545
-83.8,2.122888
-83.8,2.731362
-83.81,3.341297
-83.81,3.953028
-83.82,4.566898
-83.81,5.183259
-83.78,5.802471
-83.79,6.424907
-83.79,7.050952
-83.79,7.681006
-83.77,8.315488
-83.76,8.954834
-83.74,9.599501
-83.73,10.24997
-83.72,10.90676
-83.7,11.5704
-83.68,12.24148
-83.65,12.92059
-83.64,13.60841
-83.64,14.30563
-83.64,15.01303
-86.11,15.73141
-86.12,16.46168
-86.14,17.20481
-86.15,17.96188
-86.15,18.73404
-86.17,19.5226
-86.16,20.32899
-86.15,21.15481
-86.16,22.00185
-86.18,22.87213
-86.2,23.76793
-86.2,24.69184
-86.22,25.64687
-86.24,26.63647
-86.24,27.66467
-86.36,28.73624
-86.14,29.85687
-86.32,31.03341
-86.34,32.27427
-86.43,33.58996
-86.49,34.99383
-86.22,36.50335
-86.22,38.14207
-86.22,39.94304
-84.25,-39.943
-84.27,-38.1421
-84.29,-36.5034
-84.25,-34.9938
-84.38,-33.59
-84.36,-32.2743
-84.37,-31.0334
-84.37,-29.8569
-84.39,-28.7362
-84.35,-27.6647
-84.36,-26.6365
-84.37,-25.6469
-84.37,-24.6918
-84.38,-23.7679
-84.37,-22.8721
-84.37,-22.0019
-84.37,-21.1548
-84.37,-20.329
-84.35,-19.5226
-84.36,-18.734
-84.35,-17.9619
-84.34,-17.2048
-84.34,-16.4617
-84.34,-15.7314
-86.77,-15.013
-86.74,-14.3056
-86.71,-13.6084
-86.68,-12.9206
-86.66,-12.2415
-86.65,-11.5704
-86.62,-10.9068
-86.6,-10.25
-86.59,-9.5995
-86.59,-8.95483
-86.58,-8.31549
-86.56,-7.68101
-86.55,-7.05095
-86.54,-6.42491
-86.53,-5.80247
-86.53,-5.18326
-86.51,-4.5669
-86.49,-3.95303
-86.49,-3.3413
-86.49,-2.73136
-86.5,-2.12289
-86.49,-1.51555
-86.48,-0.90901
-86.47,-0.30295
-84.33,0.302949
-84.33,0.909006
-84.31,1.515545
-84.31,2.122888
-84.31,2.731362
-84.32,3.341297
-84.32,3.953028
-84.33,4.566898
-84.32,5.183259
-84.29,5.802471
-84.3,6.424907
-84.3,7.050952
-84.3,7.681006
-84.28,8.315488
-84.27,8.954834
-84.25,9.599501
-84.24,10.24997
-84.23,10.90676
-84.21,11.5704
-84.19,12.24148
-84.16,12.92059
-84.15,13.60841
-84.15,14.30563
-84.15,15.01303
-86.62,15.73141
-86.63,16.46168
-86.65,17.20481
-86.66,17.96188
-86.66,18.73404
-86.68,19.5226
-86.67,20.32899
-86.66,21.15481
-86.67,22.00185
-86.69,22.87213
-86.71,23.76793
-86.71,24.69184
-86.73,25.64687
-86.75,26.63647
-86.75,27.66467
-86.87,28.73624
-86.65,29.85687
-86.83,31.03341
-86.85,32.27427
-86.94,33.58996
-87.0,34.99383
-86.73,36.50335
-86.73,38.14207
-86.73,39.94304
-84.77,-39.943
-84.79,-38.1421
-84.81,-36.5034
-84.77,-34.9938
-84.9,-33.59
-84.88,-32.2743
-84.89,-31.0334
-84.89,-29.8569
-84.91,-28.7362
-84.87,-27.6647
-84.88,-26.6365
-84.89,-25.6469
-84.89,-24.6918
-84.9,-23.7679
-84.89,-22.8721
-84.89,-22.0019
-84.89,-21.1548
-84.89,-20.329
-84.87,-19.5226
-84.88,-18.734
-84.87,-17.9619
-84.86,-17.2048
-84.86,-16.4617
-84.86,-15.7314
-87.29,-15.013
-87.26,-14.3056
-87.23,-13.6084
-87.2,-12.9206
-87.18,-12.2415
-87.17,-11.5704
-87.14,-10.9068
-87.12,-10.25
-87.11,-9.5995
-87.11,-8.95483
-87.1,-8.31549
-87.08,-7.68101
-87.07,-7.05095
-87.06,-6.42491
-87.05,-5.80247
-87.05,-5.18326
-87.03,-4.5669
-87.01,-3.95303
-87.01,-3.3413
-87.01,-2.73136
-87.02,-2.12289
-87.01,-1.51555
-87.0,-0.90901
-86.99,-0.30295
-84.85,0.302949
-84.85,0.909006
-84.83,1.515545
-84.83,2.122888
-84.83,2.731362
-84.84,3.341297
-84.84,3.953028
-84.85,4.566898
-84.84,5.183259
-84.81,5.802471
-84.82,6.424907
-84.82,7.050952
-84.82,7.681006
-84.8,8.315488
-84.79,8.954834
-84.77,9.599501
-84.76,10.24997
-84.75,10.90676
-84.73,11.5704
-84.71,12.24148
-84.68,12.92059
-84.67,13.60841
-84.67,14.30563
-84.67,15.01303
-87.14,15.73141
-87.15,16.46168
-87.17,17.20481
-87.18,17.96188
-87.18,18.73404
-87.2,19.5226
-87.19,20.32899
-87.18,21.15481
-87.19,22.00185
-87.21,22.87213
-87.23,23.76793
-87.23,24.69184
-87.25,25.64687
-87.27,26.63647
-87.27,27.66467
-87.39,28.73624
-87.17,29.85687
-87.35,31.03341
-87.37,32.27427
-87.46,33.58996
-87.52,34.99383
-87.25,36.50335
-87.25,38.14207
-87.25,39.94304
-85.28,-39.943
-85.3,-38.1421
-85.32,-36.5034
-85.28,-34.9938
-85.41,-33.59
-85.39,-32.2743
-85.4,-31.0334
-85.4,-29.8569
-85.42,-28.7362
-85.38,-27.6647
-85.39,-26.6365
-85.4,-25.6469
-85.4,-24.6918
-85.41,-23.7679
-85.4,-22.8721
-85.4,-22.0019
-85.4,-21.1548
-85.4,-20.329
-85.38,-19.5226
-85.39,-18.734
-85.38,-17.9619
-85.37,-17.2048
-85.37,-16.4617
-85.37,-15.7314
-87.8,-15.013
-87.77,-14.3056
-87.74,-13.6084
-87.71,-12.9206
-87.69,-12.2415
-87.68,-11.5704
-87.65,-10.9068
-87.63,-10.25
-87.62,-9.5995
-87.62,-8.95483
-87.61,-8.31549
-87.59,-7.68101
-87.58,-7.05095
-87.57,-6.42491
-87.56,-5.80247
-87.56,-5.18326
-87.54,-4.5669
-87.52,-3.95303
-87.52,-3.3413
-87.52,-2.73136
-87.53,-2.12289
-87.52,-1.51555
-87.51,-0.90901
-87.5,-0.30295
-85.36,0.302949
-85.36,0.909006
-85.34,1.515545
-85.34,2.122888
-85.34,2.731362
-85.35,3.341297
-85.35,3.953028
-85.36,4.566898
-85.35,5.183259
-85.32,5.802471
-85.33,6.424907
-85.33,7.050952
-85.33,7.681006
-85.31,8.315488
-85.3,8.954834
-85.28,9.599501
-85.27,10.24997
-85.26,10.90676
-85.24,11.5704
-85.22,12.24148
-85.19,12.92059
-85.18,13.60841
-85.18,14.30563
-85.18,15.01303
-87.65,15.73141
-87.66,16.46168
-87.68,17.20481
-87.69,17.96188
-87.69,18.73404
-87.71,19.5226
-87.7,20.32899
-87.69,21.15481
-87.7,22.00185
-87.72,22.87213
-87.74,23.76793
-87.74,24.69184
-87.76,25.64687
-87.78,26.63647
-87.78,27.66467
-87.9,28.73624
-87.68,29.85687
-87.86,31.03341
-87.88,32.27427
-87.97,33.58996
-88.03,34.99383
-87.76,36.50335
-87.76,38.14207
-87.76,39.94304
-85.8,-39.943
-85.82,-38.1421
-85.84,-36.5034
-85.8,-34.9938
-85.93,-33.59
-85.91,-32.2743
-85.92,-31.0334
-85.92,-29.8569
-85.94,-28.7362
-85.9,-27.6647
-85.91,-26.6365
-85.92,-25.6469
-85.92,-24.6918
-85.93,-23.7679
-85.92,-22.8721
-85.92,-22.0019
-85.92,-21.1548
-85.92,-20.329
-85.9,-19.5226
-85.91,-18.734
-85.9,-17.9619
-85.89,-17.2048
-85.89,-16.4617
-85.89,-15.7314
-88.32,-15.013
-88.29,-14.3056
-88.26,-13.6084
-88.23,-12.9206
-88.21,-12.2415
-88.2,-11.5704
-88.17,-10.9068
-88.15,-10.25
-88.14,-9.5995
-88.14,-8.95483
-88.13,-8.31549
-88.11,-7.68101
-88.1,-7.05095
-88.09,-6.42491
-88.08,-5.80247
-88.08,-5.18326
-88.06,-4.5669
-88.04,-3.95303
-88.04,-3.3413
-88.04,-2.73136
-88.05,-2.12289
-88.04,-1.51555
-88.03,-0.90901
-88.02,-0.30295
-85.88,0.302949
-85.88,0.909006
-85.86,1.515545
-85.86,2.122888
-85.86,2.731362
-85.87,3.341297
-85.87,3.953028
-85.88,4.566898
-85.87,5.183259
-85.84,5.802471
-85.85,6.424907
-85.85,7.050952
-85.85,7.681006
-85.83,8.315488
-85.82,8.954834
-85.8,9.599501
-85.79,10.24997
-85.78,10.90676
-85.76,11.5704
-85.74,12.24148
-85.71,12.92059
-85.7,13.60841
-85.7,14.30563
-85.7,15.01303
-88.17,15.73141
-88.18,16.46168
-88.2,17.20481
-88.21,17.96188
-88.21,18.73404
-88.23,19.5226
-88.22,20.32899
-88.21,21.15481
-88.22,22.00185
-88.24,22.87213
-88.26,23.76793
-88.26,24.69184
-88.28,25.64687
-88.3,26.63647
-88.3,27.66467
-88.42,28.73624
-88.2,29.85687
-88.38,31.03341
-88.4,32.27427
-88.49,33.58996
-88.55,34.99383
-88.28,36.50335
-88.28,38.14207
-88.28,39.94304
-86.32,-39.943
-86.34,-38.1421
-86.36,-36.5034
-86.32,-34.9938
-86.45,-33.59
-86.43,-32.2743
-86.44,-31.0334
-86.44,-29.8569
-86.46,-28.7362
-86.42,-27.6647
-86.43,-26.6365
-86.44,-25.6469
-86.44,-24.6918
-86.45,-23.7679
-86.44,-22.8721
-86.44,-22.0019
-86.44,-21.1548
-86.44,-20.329
-86.42,-19.5226
-86.43,-18.734
-86.42,-17.9619
-86.41,-17.2048
-86.41,-16.4617
-86.41,-15.7314
-88.84,-15.013
-88.81,-14.3056
-88.78,-13.6084
-88.75,-12.9206
-88.73,-12.2415
-88.72,-11.5704
-88.69,-10.9068
-88.67,-10.25
-88.66,-9.5995
-88.66,-8.95483
-88.65,-8.31549
-88.63,-7.68101
-88.62,-7.05095
-88.61,-6.42491
-88.6,-5.80247
-88.6,-5.18326
-88.58,-4.5669
-88.56,-3.95303
-88.56,-3.3413
-88.56,-2.73136
-88.57,-2.12289
-88.56,-1.51555
-88.55,-0.90901
-88.54,-0.30295
-86.4,0.302949
-86.4,0.909006
-86.38,1.515545
-86.38,2.122888
-86.38,2.731362
-86.39,3.341297
-86.39,3.953028
-86.4,4.566898
-86.39,5.183259
-86.36,5.802471
-86.37,6.424907
-86.37,7.050952
-86.37,7.681006
-86.35,8.315488
-86.34,8.954834
-86.32,9.599501
-86.31,10.24997
-86.3,10.90676
-86.28,11.5704
-86.26,12.24148
-86.23,12.92059
-86.22,13.60841
-86.22,14.30563
-86.22,15.01303
-88.69,15.73141
-88.7,16.46168
-88.72,17.20481
-88.73,17.96188
-88.73,18.73404
-88.75,19.5226
-88.74,20.32899
-88.73,21.15481
-88.74,22.00185
-88.76,22.87213
-88.78,23.76793
-88.78,24.69184
-88.8,25.64687
-88.82,26.63647
-88.82,27.66467
-88.94,28.73624
-88.72,29.85687
-88.9,31.03341
-88.92,32.27427
-89.01,33.58996
-89.07,34.99383
-88.8,36.50335
-88.8,38.14207
-88.8,39.94304
-86.83,-39.943
-86.85,-38.1421
-86.87,-36.5034
-86.83,-34.9938
-86.96,-33.59
-86.94,-32.2743
-86.95,-31.0334
-86.95,-29.8569
-86.97,-28.7362
-86.93,-27.6647
-86.94,-26.6365
-86.95,-25.6469
-86.95,-24.6918
-86.96,-23.7679
-86.95,-22.8721
-86.95,-22.0019
-86.95,-21.1548
-86.95,-20.329
-86.93,-19.5226
-86.94,-18.734
-86.93,-17.9619
-86.92,-17.2048
-86.92,-16.4617
-86.92,-15.7314
-89.35,-15.013
-89.32,-14.3056
-89.29,-13.6084
-89.26,-12.9206
-89.24,-12.2415
-89.23,-11.5704
-89.2,-10.9068
-89.18,-10.25
-89.17,-9.5995
-89.17,-8.95483
-89.16,-8.31549
-89.14,-7.68101
-89.13,-7.05095
-89.12,-6.42491
-89.11,-5.80247
-89.11,-5.18326
-89.09,-4.5669
-89.07,-3.95303
-89.07,-3.3413
-89.07,-2.73136
-89.08,-2.12289
-89.07,-1.51555
-89.06,-0.90901
-89.05,-0.30295
-86.91,0.302949
-86.91,0.909006
-86.89,1.515545
-86.89,2.122888
-86.89,2.731362
-86.9,3.341297
-86.9,3.953028
-86.91,4.566898
-86.9,5.183259
-86.87,5.802471
-86.88,6.424907
-86.88,7.050952
-86.88,7.681006
-86.86,8.315488
-86.85,8.954834
-86.83,9.599501
-86.82,10.24997
-86.81,10.90676
-86.79,11.5704
-86.77,12.24148
-86.74,12.92059
-86.73,13.60841
-86.73,14.30563
-86.73,15.01303
-89.2,15.73141
-89.21,16.46168
-89.23,17.20481
-89.24,17.96188
-89.24,18.73404
-89.26,19.5226
-89.25,20.32899
-89.24,21.15481
-89.25,22.00185
-89.27,22.87213
-89.29,23.76793
-89.29,24.69184
-89.31,25.64687
-89.33,26.63647
-89.33,27.66467
-89.45,28.73624
-89.23,29.85687
-89.41,31.03341
-89.43,32.27427
-89.52,33.58996
-89.58,34.99383
-89.31,36.50335
-89.31,38.14207
-89.31,39.94304
-87.35,-39.943
-87.37,-38.1421
-87.39,-36.5034
-87.35,-34.9938
-87.48,-33.59
-87.46,-32.2743
-87.47,-31.0334
-87.47,-29.8569
-87.49,-28.7362
-87.45,-27.6647
-87.46,-26.6365
-87.47,-25.6469
-87.47,-24.6918
-87.48,-23.7679
-87.47,-22.8721
-87.47,-22.0019
-87.47,-21.1548
-87.47,-20.329
-87.45,-19.5226
-87.46,-18.734
-87.45,-17.9619
-87.44,-17.2048
-87.44,-16.4617
-87.44,-15.7314
-89.87,-15.013
-89.84,-14.3056
-89.81,-13.6084
-89.78,-12.9206
-89.76,-12.2415
-89.75,-11.5704
-89.72,-10.9068
-89.7,-10.25
-89.69,-9.5995
-89.69,-8.95483
-89.68,-8.31549
-89.66,-7.68101
-89.65,-7.05095
-89.64,-6.42491
-89.63,-5.80247
-89.63,-5.18326
-89.61,-4.5669
-89.59,-3.95303
-89.59,-3.3413
-89.59,-2.73136
-89.6,-2.12289
-89.59,-1.51555
-89.58,-0.90901
-89.57,-0.30295
-87.43,0.302949
-87.43,0.909006
-87.41,1.515545
-87.41,2.122888
-87.41,2.731362
-87.42,3.341297
-87.42,3.953028
-87.43,4.566898
-87.42,5.183259
-87.39,5.802471
-87.4,6.424907
-87.4,7.050952
-87.4,7.681006
-87.38,8.315488
-87.37,8.954834
-87.35,9.599501
-87.34,10.24997
-87.33,10.90676
-87.31,11.5704
-87.29,12.24148
-87.26,12.92059
-87.25,13.60841
-87.25,14.30563
-87.25,15.01303
-89.72,15.73141
-89.73,16.46168
-89.75,17.20481
-89.76,17.96188
-89.76,18.73404
-89.78,19.5226
-89.77,20.32899
-89.76,21.15481
-89.77,22.00185
-89.79,22.87213
-89.81,23.76793
-89.81,24.69184
-89.83,25.64687
-89.85,26.63647
-89.85,27.66467
-89.97,28.73624
-89.75,29.85687
-89.93,31.03341
-89.95,32.27427
-90.04,33.58996
-90.1,34.99383
-89.83,36.50335
-89.83,38.14207
-89.83,39.94304
-87.86,-39.943
-87.88,-38.1421
-87.9,-36.5034
-87.86,-34.9938
-87.99,-33.59
-87.97,-32.2743
-87.98,-31.0334
-87.98,-29.8569
-88.0,-28.7362
-87.96,-27.6647
-87.97,-26.6365
-87.98,-25.6469
-87.98,-24.6918
-87.99,-23.7679
-87.98,-22.8721
-87.98,-22.0019
-87.98,-21.1548
-87.98,-20.329
-87.96,-19.5226
-87.97,-18.734
-87.96,-17.9619
-87.95,-17.2048
-87.95,-16.4617
-87.95,-15.7314
-90.38,-15.013
-90.35,-14.3056
-90.32,-13.6084
-90.29,-12.9206
-90.27,-12.2415
-90.26,-11.5704
-90.23,-10.9068
-90.21,-10.25
-90.2,-9.5995
-90.2,-8.95483
-90.19,-8.31549
-90.17,-7.68101
-90.16,-7.05095
-90.15,-6.42491
-90.14,-5.80247
-90.14,-5.18326
-90.12,-4.5669
-90.1,-3.95303
-90.1,-3.3413
-90.1,-2.73136
-90.11,-2.12289
-90.1,-1.51555
-90.09,-0.90901
-90.08,-0.30295
-87.94,0.302949
-87.94,0.909006
-87.92,1.515545
-87.92,2.122888
-87.92,2.731362
-87.93,3.341297
-87.93,3.953028
-87.94,4.566898
-87.93,5.183259
-87.9,5.802471
-87.91,6.424907
-87.91,7.050952
-87.91,7.681006
-87.89,8.315488
-87.88,8.954834
-87.86,9.599501
-87.85,10.24997
-87.84,10.90676
-87.82,11.5704
-87.8,12.24148
-87.77,12.92059
-87.76,13.60841
-87.76,14.30563
-87.76,15.01303
-90.23,15.73141
-90.24,16.46168
-90.26,17.20481
-90.27,17.96188
-90.27,18.73404
-90.29,19.5226
-90.28,20.32899
-90.27,21.15481
-90.28,22.00185
-90.3,22.87213
-90.32,23.76793
-90.32,24.69184
-90.34,25.64687
-90.36,26.63647
-90.36,27.66467
-90.48,28.73624
-90.26,29.85687
-90.44,31.03341
-90.46,32.27427
-90.55,33.58996
-90.61,34.99383
-90.34,36.50335
-90.34,38.14207
-90.34,39.94304
-88.38,-39.943
-88.4,-38.1421
-88.42,-36.5034
-88.38,-34.9938
-88.51,-33.59
-88.49,-32.2743
-88.5,-31.0334
-88.5,-29.8569
-88.52,-28.7362
-88.48,-27.6647
-88.49,-26.6365
-88.5,-25.6469
-88.5,-24.6918
-88.51,-23.7679
-88.5,-22.8721
-88.5,-22.0019
-88.5,-21.1548
-88.5,-20.329
-88.48,-19.5226
-88.49,-18.734
-88.48,-17.9619
-88.47,-17.2048
-88.47,-16.4617
-88.47,-15.7314
-90.9,-15.013
-90.87,-14.3056
-90.84,-13.6084
-90.81,-12.9206
-90.79,-12.2415
-90.78,-11.5704
-90.75,-10.9068
-90.73,-10.25
-90.72,-9.5995
-90.72,-8.95483
-90.71,-8.31549
-90.69,-7.68101
-90.68,-7.05095
-90.67,-6.42491
-90.66,-5.80247
-90.66,-5.18326
-90.64,-4.5669
-90.62,-3.95303
-90.62,-3.3413
-90.62,-2.73136
-90.63,-2.12289
-90.62,-1.51555
-90.61,-0.90901
-90.6,-0.30295
-88.46,0.302949
-88.46,0.909006
-88.44,1.515545
-88.44,2.122888
-88.44,2.731362
-88.45,3.341297
-88.45,3.953028
-88.46,4.566898
-88.45,5.183259
-88.42,5.802471
-88.43,6.424907
-88.43,7.050952
-88.43,7.681006
-88.41,8.315488
-88.4,8.954834
-88.38,9.599501
-88.37,10.24997
-88.36,10.90676
-88.34,11.5704
-88.32,12.24148
-88.29,12.92059
-88.28,13.60841
-88.28,14.30563
-88.28,15.01303
-90.75,15.73141
-90.76,16.46168
-90.78,17.20481
-90.79,17.96188
-90.79,18.73404
-90.81,19.5226
-90.8,20.32899
-90.79,21.15481
-90.8,22.00185
-90.82,22.87213
-90.84,23.76793
-90.84,24.69184
-90.86,25.64687
-90.88,26.63647
-90.88,27.66467
-91.0,28.73624
-90.78,29.85687
-90.96,31.03341
-90.98,32.27427
-91.07,33.58996
-91.13,34.99383
-90.86,36.50335
-90.86,38.14207
-90.86,39.94304
-88.9,-39.943
-88.92,-38.1421
-88.94,-36.5034
-88.9,-34.9938
-89.03,-33.59
-89.01,-32.2743
-89.02,-31.0334
-89.02,-29.8569
-89.04,-28.7362
-89.0,-27.6647
-89.01,-26.6365
-89.02,-25.6469
-89.02,-24.6918
-89.03,-23.7679
-89.02,-22.8721
-89.02,-22.0019
-89.02,-21.1548
-89.02,-20.329
-89.0,-19.5226
-89.01,-18.734
-89.0,-17.9619
-88.99,-17.2048
-88.99,-16.4617
-88.99,-15.7314
-91.42,-15.013
-91.39,-14.3056
-91.36,-13.6084
-91.33,-12.9206
-91.31,-12.2415
-91.3,-11.5704
-91.27,-10.9068
-91.25,-10.25
-91.24,-9.5995
-91.24,-8.95483
-91.23,-8.31549
-91.21,-7.68101
-91.2,-7.05095
-91.19,-6.42491
-91.18,-5.80247
-91.18,-5.18326
-91.16,-4.5669
-91.14,-3.95303
-91.14,-3.3413
-91.14,-2.73136
-91.15,-2.12289
-91.14,-1.51555
-91.13,-0.90901
-91.12,-0.30295
-88.98,0.302949
-88.98,0.909006
-88.96,1.515545
-88.96,2.122888
-88.96,2.731362
-88.97,3.341297
-88.97,3.953028
-88.98,4.566898
-88.97,5.183259
-88.94,5.802471
-88.95,6.424907
-88.95,7.050952
-88.95,7.681006
-88.93,8.315488
-88.92,8.954834
-88.9,9.599501
-88.89,10.24997
-88.88,10.90676
-88.86,11.5704
-88.84,12.24148
-88.81,12.92059
-88.8,13.60841
-88.8,14.30563
-88.8,15.01303
-91.27,15.73141
-91.28,16.46168
-91.3,17.20481
-91.31,17.96188
-91.31,18.73404
-91.33,19.5226
-91.32,20.32899
-91.31,21.15481
-91.32,22.00185
-91.34,22.87213
-91.36,23.76793
-91.36,24.69184
-91.38,25.64687
-91.4,26.63647
-91.4,27.66467
-91.52,28.73624
-91.3,29.85687
-91.48,31.03341
-91.5,32.27427
-91.59,33.58996
-91.65,34.99383
-91.38,36.50335
-91.38,38.14207
-91.38,39.94304
-89.41,-39.943
-89.43,-38.1421
-89.45,-36.5034
-89.41,-34.9938
-89.54,-33.59
-89.52,-32.2743
-89.53,-31.0334
-89.53,-29.8569
-89.55,-28.7362
-89.51,-27.6647
-89.52,-26.6365
-89.53,-25.6469
-89.53,-24.6918
-89.54,-23.7679
-89.53,-22.8721
-89.53,-22.0019
-89.53,-21.1548
-89.53,-20.329
-89.51,-19.5226
-89.52,-18.734
-89.51,-17.9619
-89.5,-17.2048
-89.5,-16.4617
-89.5,-15.7314
-91.93,-15.013
-91.9,-14.3056
-91.87,-13.6084
-91.84,-12.9206
-91.82,-12.2415
-91.81,-11.5704
-91.78,-10.9068
-91.76,-10.25
-91.75,-9.5995
-91.75,-8.95483
-91.74,-8.31549
-91.72,-7.68101
-91.71,-7.05095
-91.7,-6.42491
-91.69,-5.80247
-91.69,-5.18326
-91.67,-4.5669
-91.65,-3.95303
-91.65,-3.3413
-91.65,-2.73136
-91.66,-2.12289
-91.65,-1.51555
-91.64,-0.90901
-91.63,-0.30295
-89.49,0.302949
-89.49,0.909006
-89.47,1.515545
-89.47,2.122888
-89.47,2.731362
-89.48,3.341297
-89.48,3.953028
-89.49,4.566898
-89.48,5.183259
-89.45,5.802471
-89.46,6.424907
-89.46,7.050952
-89.46,7.681006
-89.44,8.315488
-89.43,8.954834
-89.41,9.599501
-89.4,10.24997
-89.39,10.90676
-89.37,11.5704
-89.35,12.24148
-89.32,12.92059
-89.31,13.60841
-89.31,14.30563
-89.31,15.01303
-91.78,15.73141
-91.79,16.46168
-91.81,17.20481
-91.82,17.96188
-91.82,18.73404
-91.84,19.5226
-91.83,20.32899
-91.82,21.15481
-91.83,22.00185
-91.85,22.87213
-91.87,23.76793
-91.87,24.69184
-91.89,25.64687
-91.91,26.63647
-91.91,27.66467
-92.03,28.73624
-91.81,29.85687
-91.99,31.03341
-92.01,32.27427
-92.1,33.58996
-92.16,34.99383
-91.89,36.50335
-91.89,38.14207
-91.89,39.94304
-89.93,-39.943
-89.95,-38.1421
-89.97,-36.5034
-89.93,-34.9938
-90.06,-33.59
-90.04,-32.2743
-90.05,-31.0334
-90.05,-29.8569
-90.07,-28.7362
-90.03,-27.6647
-90.04,-26.6365
-90.05,-25.6469
-90.05,-24.6918
-90.06,-23.7679
-90.05,-22.8721
-90.05,-22.0019
-90.05,-21.1548
-90.05,-20.329
-90.03,-19.5226
-90.04,-18.734
-90.03,-17.9619
-90.02,-17.2048
-90.02,-16.4617
-90.02,-15.7314
-92.45,-15.013
-92.42,-14.3056
-92.39,-13.6084
-92.36,-12.9206
-92.34,-12.2415
-92.33,-11.5704
-92.3,-10.9068
-92.28,-10.25
-92.27,-9.5995
-92.27,-8.95483
-92.26,-8.31549
-92.24,-7.68101
-92.23,-7.05095
-92.22,-6.42491
-92.21,-5.80247
-92.21,-5.18326
-92.19,-4.5669
-92.17,-3.95303
-92.17,-3.3413
-92.17,-2.73136
-92.18,-2.12289
-92.17,-1.51555
-92.16,-0.90901
-92.15,-0.30295
-90.01,0.302949
-90.01,0.909006
-89.99,1.515545
-89.99,2.122888
-89.99,2.731362
-90.0,3.341297
-90.0,3.953028
-90.01,4.566898
-90.0,5.183259
-89.97,5.802471
-89.98,6.424907
-89.98,7.050952
-89.98,7.681006
-89.96,8.315488
-89.95,8.954834
-89.93,9.599501
-89.92,10.24997
-89.91,10.90676
-89.89,11.5704
-89.87,12.24148
-89.84,12.92059
-89.83,13.60841
-89.83,14.30563
-89.83,15.01303
-92.3,15.73141
-92.31,16.46168
-92.33,17.20481
-92.34,17.96188
-92.34,18.73404
-92.36,19.5226
-92.35,20.32899
-92.34,21.15481
-92.35,22.00185
-92.37,22.87213
-92.39,23.76793
-92.39,24.69184
-92.41,25.64687
-92.43,26.63647
-92.43,27.66467
-92.55,28.73624
-92.33,29.85687
-92.51,31.03341
-92.53,32.27427
-92.62,33.58996
-92.68,34.99383
-92.41,36.50335
-92.41,38.14207
-92.41,39.94304
-90.45,-39.943
-90.47,-38.1421
-90.49,-36.5034
-90.45,-34.9938
-90.58,-33.59
-90.56,-32.2743
-90.57,-31.0334
-90.57,-29.8569
-90.59,-28.7362
-90.55,-27.6647
-90.56,-26.6365
-90.57,-25.6469
-90.57,-24.6918
-90.58,-23.7679
-90.57,-22.8721
-90.57,-22.0019
-90.57,-21.1548
-90.57,-20.329
-90.55,-19.5226
-90.56,-18.734
-90.55,-17.9619
-90.54,-17.2048
-90.54,-16.4617
-90.54,-15.7314
-92.97,-15.013
-92.94,-14.3056
-92.91,-13.6084
-92.88,-12.9206
-92.86,-12.2415
-92.85,-11.5704
-92.82,-10.9068
-92.8,-10.25
-92.79,-9.5995
-92.79,-8.95483
-92.78,-8.31549
-92.76,-7.68101
-92.75,-7.05095
-92.74,-6.42491
-92.73,-5.80247
-92.73,-5.18326
-92.71,-4.5669
-92.69,-3.95303
-92.69,-3.3413
-92.69,-2.73136
-92.7,-2.12289
-92.69,-1.51555
-92.68,-0.90901
-92.67,-0.30295
-90.53,0.302949
-90.53,0.909006
-90.51,1.515545
-90.51,2.122888
-90.51,2.731362
-90.52,3.341297
-90.52,3.953028
-90.53,4.566898
-90.52,5.183259
-90.49,5.802471
-90.5,6.424907
-90.5,7.050952
-90.5,7.681006
-90.48,8.315488
-90.47,8.954834
-90.45,9.599501
-90.44,10.24997
-90.43,10.90676
-90.41,11.5704
-90.39,12.24148
-90.36,12.92059
-90.35,13.60841
-90.35,14.30563
-90.35,15.01303
-92.82,15.73141
-92.83,16.46168
-92.85,17.20481
-92.86,17.96188
-92.86,18.73404
-92.88,19.5226
-92.87,20.32899
-92.86,21.15481
-92.87,22.00185
-92.89,22.87213
-92.91,23.76793
-92.91,24.69184
-92.93,25.64687
-92.95,26.63647
-92.95,27.66467
-93.07,28.73624
-92.85,29.85687
-93.03,31.03341
-93.05,32.27427
-93.14,33.58996
-93.2,34.99383
-92.93,36.50335
-92.93,38.14207
-92.93,39.94304
-90.96,-39.943
-90.98,-38.1421
-91.0,-36.5034
-90.96,-34.9938
-91.09,-33.59
-91.07,-32.2743
-91.08,-31.0334
-91.08,-29.8569
-91.1,-28.7362
-91.06,-27.6647
-91.07,-26.6365
-91.08,-25.6469
-91.08,-24.6918
-91.09,-23.7679
-91.08,-22.8721
-91.08,-22.0019
-91.08,-21.1548
-91.08,-20.329
-91.06,-19.5226
-91.07,-18.734
-91.06,-17.9619
-91.05,-17.2048
-91.05,-16.4617
-91.05,-15.7314
-93.48,-15.013
-93.45,-14.3056
-93.42,-13.6084
-93.39,-12.9206
-93.37,-12.2415
-93.36,-11.5704
-93.33,-10.9068
-93.31,-10.25
-93.3,-9.5995
-93.3,-8.95483
-93.29,-8.31549
-93.27,-7.68101
-93.26,-7.05095
-93.25,-6.42491
-93.24,-5.80247
-93.24,-5.18326
-93.22,-4.5669
-93.2,-3.95303
-93.2,-3.3413
-93.2,-2.73136
-93.21,-2.12289
-93.2,-1.51555
-93.19,-0.90901
-93.18,-0.30295
-91.04,0.302949
-91.04,0.909006
-91.02,1.515545
-91.02,2.122888
-91.02,2.731362
-91.03,3.341297
-91.03,3.953028
-91.04,4.566898
-91.03,5.183259
-91.0,5.802471
-91.01,6.424907
-91.01,7.050952
-91.01,7.681006
-90.99,8.315488
-90.98,8.954834
-90.96,9.599501
-90.95,10.24997
-90.94,10.90676
-90.92,11.5704
-90.9,12.24148
-90.87,12.92059
-90.86,13.60841
-90.86,14.30563
-90.86,15.01303
-93.33,15.73141
-93.34,16.46168
-93.36,17.20481
-93.37,17.96188
-93.37,18.73404
-93.39,19.5226
-93.38,20.32899
-93.37,21.15481
-93.38,22.00185
-93.4,22.87213
-93.42,23.76793
-93.42,24.69184
-93.44,25.64687
-93.46,26.63647
-93.46,27.66467
-93.58,28.73624
-93.36,29.85687
-93.54,31.03341
-93.56,32.27427
-93.65,33.58996
-93.71,34.99383
-93.44,36.50335
-93.44,38.14207
-93.44,39.94304
-91.48,-39.943
-91.5,-38.1421
-91.52,-36.5034
-91.48,-34.9938
-91.61,-33.59
-91.59,-32.2743
-91.6,-31.0334
-91.6,-29.8569
-91.62,-28.7362
-91.58,-27.6647
-91.59,-26.6365
-91.6,-25.6469
-91.6,-24.6918
-91.61,-23.7679
-91.6,-22.8721
-91.6,-22.0019
-91.6,-21.1548
-91.6,-20.329
-91.58,-19.5226
-91.59,-18.734
-91.58,-17.9619
-91.57,-17.2048
-91.57,-16.4617
-91.57,-15.7314
-94.0,-15.013
-93.97,-14.3056
-93.94,-13.6084
-93.91,-12.9206
-93.89,-12.2415
-93.88,-11.5704
-93.85,-10.9068
-93.83,-10.25
-93.82,-9.5995
-93.82,-8.95483
-93.81,-8.31549
-93.79,-7.68101
-93.78,-7.05095
-93.77,-6.42491
-93.76,-5.80247
-93.76,-5.18326
-93.74,-4.5669
-93.72,-3.95303
-93.72,-3.3413
-93.72,-2.73136
-93.73,-2.12289
-93.72,-1.51555
-93.71,-0.90901
-93.7,-0.30295
-91.56,0.302949
-91.56,0.909006
-91.54,1.515545
-91.54,2.122888
-91.54,2.731362
-91.55,3.341297
-91.55,3.953028
-91.56,4.566898
-91.55,5.183259
-91.52,5.802471
-91.53,6.424907
-91.53,7.050952
-91.53,7.681006
-91.51,8.315488
-91.5,8.954834
-91.48,9.599501
-91.47,10.24997
-91.46,10.90676
-91.44,11.5704
-91.42,12.24148
-91.39,12.92059
-91.38,13.60841
-91.38,14.30563
-91.38,15.01303
-93.85,15.73141
-93.86,16.46168
-93.88,17.20481
-93.89,17.96188
-93.89,18.73404
-93.91,19.5226
-93.9,20.32899
-93.89,21.15481
-93.9,22.00185
-93.92,22.87213
-93.94,23.76793
-93.94,24.69184
-93.96,25.64687
-93.98,26.63647
-93.98,27.66467
-94.1,28.73624
-93.88,29.85687
-94.06,31.03341
-94.08,32.27427
-94.17,33.58996
-94.23,34.99383
-93.96,36.50335
-93.96,38.14207
-93.96,39.94304
-91.99,-39.943
-92.01,-38.1421
-92.03,-36.5034
-91.99,-34.9938
-92.12,-33.59
-92.1,-32.2743
-92.11,-31.0334
-92.11,-29.8569
-92.13,-28.7362
-92.09,-27.6647
-92.1,-26.6365
-92.11,-25.6469
-92.11,-24.6918
-92.12,-23.7679
-92.11,-22.8721
-92.11,-22.0019
-92.11,-21.1548
-92.11,-20.329
-92.09,-19.5226
-92.1,-18.734
-92.09,-17.9619
-92.08,-17.2048
-92.08,-16.4617
-92.08,-15.7314
-94.51,-15.013
-94.48,-14.3056
-94.45,-13.6084
-94.42,-12.9206
-94.4,-12.2415
-94.39,-11.5704
-94.36,-10.9068
-94.34,-10.25
-94.33,-9.5995
-94.33,-8.95483
-94.32,-8.31549
-94.3,-7.68101
-94.29,-7.05095
-94.28,-6.42491
-94.27,-5.80247
-94.27,-5.18326
-94.25,-4.5669
-94.23,-3.95303
-94.23,-3.3413
-94.23,-2.73136
-94.24,-2.12289
-94.23,-1.51555
-94.22,-0.90901
-94.21,-0.30295
-92.07,0.302949
-92.07,0.909006
-92.05,1.515545
-92.05,2.122888
-92.05,2.731362
-92.06,3.341297
-92.06,3.953028
-92.07,4.566898
-92.06,5.183259
-92.03,5.802471
-92.04,6.424907
-92.04,7.050952
-92.04,7.681006
-92.02,8.315488
-92.01,8.954834
-91.99,9.599501
-91.98,10.24997
-91.97,10.90676
-91.95,11.5704
-91.93,12.24148
-91.9,12.92059
-91.89,13.60841
-91.89,14.30563
-91.89,15.01303
-94.36,15.73141
-94.37,16.46168
-94.39,17.20481
-94.4,17.96188
-94.4,18.73404
-94.42,19.5226
-94.41,20.32899
-94.4,21.15481
-94.41,22.00185
-94.43,22.87213
-94.45,23.76793
-94.45,24.69184
-94.47,25.64687
-94.49,26.63647
-94.49,27.66467
-94.61,28.73624
-94.39,29.85687
-94.57,31.03341
-94.59,32.27427
-94.68,33.58996
-94.74,34.99383
-94.47,36.50335
-94.47,38.14207
-94.47,39.94304
-92.51,-39.943
-92.53,-38.1421
-92.55,-36.5034
-92.51,-34.9938
-92.64,-33.59
-92.62,-32.2743
-92.63,-31.0334
-92.63,-29.8569
-92.65,-28.7362
-92.61,-27.6647
-92.62,-26.6365
-92.63,-25.6469
-92.63,-24.6918
-92.64,-23.7679
-92.63,-22.8721
-92.63,-22.0019
-92.63,-21.1548
-92.63,-20.329
-92.61,-19.5226
-92.62,-18.734
-92.61,-17.9619
-92.6,-17.2048
-92.6,-16.4617
-92.6,-15.7314
-95.03,-15.013
-95.0,-14.3056
-94.97,-13.6084
-94.94,-12.9206
-94.92,-12.2415
-94.91,-11.5704
-94.88,-10.9068
-94.86,-10.25
-94.85,-9.5995
-94.85,-8.95483
-94.84,-8.31549
-94.82,-7.68101
-94.81,-7.05095
-94.8,-6.42491
-94.79,-5.80247
-94.79,-5.18326
-94.77,-4.5669
-94.75,-3.95303
-94.75,-3.3413
-94.75,-2.73136
-94.76,-2.12289
-94.75,-1.51555
-94.74,-0.90901
-94.73,-0.30295
-92.59,0.302949
-92.59,0.909006
-92.57,1.515545
-92.57,2.122888
-92.57,2.731362
-92.58,3.341297
-92.58,3.953028
-92.59,4.566898
-92.58,5.183259
-92.55,5.802471
-92.56,6.424907
-92.56,7.050952
-92.56,7.681006
-92.54,8.315488
-92.53,8.954834
-92.51,9.599501
-92.5,10.24997
-92.49,10.90676
-92.47,11.5704
-92.45,12.24148
-92.42,12.92059
-92.41,13.60841
-92.41,14.30563
-92.41,15.01303
-94.88,15.73141
-94.89,16.46168
-94.91,17.20481
-94.92,17.96188
-94.92,18.73404
-94.94,19.5226
-94.93,20.32899
-94.92,21.15481
-94.93,22.00185
-94.95,22.87213
-94.97,23.76793
-94.97,24.69184
-94.99,25.64687
-95.01,26.63647
-95.01,27.66467
-95.13,28.73624
-94.91,29.85687
-95.09,31.03341
-95.11,32.27427
-95.2,33.58996
-95.26,34.99383
-94.99,36.50335
-94.99,38.14207
-94.99,39.94304
-93.03,-39.943
-93.05,-38.1421
-93.07,-36.5034
-93.03,-34.9938
-93.16,-33.59
-93.14,-32.2743
-93.15,-31.0334
-93.15,-29.8569
-93.17,-28.7362
-93.13,-27.6647
-93.14,-26.6365
-93.15,-25.6469
-93.15,-24.6918
-93.16,-23.7679
-93.15,-22.8721
-93.15,-22.0019
-93.15,-21.1548
-93.15,-20.329
-93.13,-19.5226
-93.14,-18.734
-93.13,-17.9619
-93.12,-17.2048
-93.12,-16.4617
-93.12,-15.7314
-95.55,-15.013
-95.52,-14.3056
-95.49,-13.6084
-95.46,-12.9206
-95.44,-12.2415
-95.43,-11.5704
-95.4,-10.9068
-95.38,-10.25
-95.37,-9.5995
-95.37,-8.95483
-95.36,-8.31549
-95.34,-7.68101
-95.33,-7.05095
-95.32,-6.42491
-95.31,-5.80247
-95.31,-5.18326
-95.29,-4.5669
-95.27,-3.95303
-95.27,-3.3413
-95.27,-2.73136
-95.28,-2.12289
-95.27,-1.51555
-95.26,-0.90901
-95.25,-0.30295
-93.11,0.302949
-93.11,0.909006
-93.09,1.515545
-93.09,2.122888
-93.09,2.731362
-93.1,3.341297
-93.1,3.953028
-93.11,4.566898
-93.1,5.183259
-93.07,5.802471
-93.08,6.424907
-93.08,7.050952
-93.08,7.681006
-93.06,8.315488
-93.05,8.954834
-93.03,9.599501
-93.02,10.24997
-93.01,10.90676
-92.99,11.5704
-92.97,12.24148
-92.94,12.92059
-92.93,13.60841
-92.93,14.30563
-92.93,15.01303
-95.4,15.73141
-95.41,16.46168
-95.43,17.20481
-95.44,17.96188
-95.44,18.73404
-95.46,19.5226
-95.45,20.32899
-95.44,21.15481
-95.45,22.00185
-95.47,22.87213
-95.49,23.76793
-95.49,24.69184
-95.51,25.64687
-95.53,26.63647
-95.53,27.66467
-95.65,28.73624
-95.43,29.85687
-95.61,31.03341
-95.63,32.27427
-95.72,33.58996
-95.78,34.99383
-95.51,36.50335
-95.51,38.14207
-95.51,39.94304
-93.54,-39.943
-93.56,-38.1421
-93.58,-36.5034
-93.54,-34.9938
-93.67,-33.59
-93.65,-32.2743
-93.66,-31.0334
-93.66,-29.8569
-93.68,-28.7362
-93.64,-27.6647
-93.65,-26.6365
-93.66,-25.6469
-93.66,-24.6918
-93.67,-23.7679
-93.66,-22.8721
-93.66,-22.0019
-93.66,-21.1548
-93.66,-20.329
-93.64,-19.5226
-93.65,-18.734
-93.64,-17.9619
-93.63,-17.2048
-93.63,-16.4617
-93.63,-15.7314
-96.06,-15.013
-96.03,-14.3056
-96.0,-13.6084
-95.97,-12.9206
-95.95,-12.2415
-95.94,-11.5704
-95.91,-10.9068
-95.89,-10.25
-95.88,-9.5995
-95.88,-8.95483
-95.87,-8.31549
-95.85,-7.68101
-95.84,-7.05095
-95.83,-6.42491
-95.82,-5.80247
-95.82,-5.18326
-95.8,-4.5669
-95.78,-3.95303
-95.78,-3.3413
-95.78,-2.73136
-95.79,-2.12289
-95.78,-1.51555
-95.77,-0.90901
-95.76,-0.30295
-93.62,0.302949
-93.62,0.909006
-93.6,1.515545
-93.6,2.122888
-93.6,2.731362
-93.61,3.341297
-93.61,3.953028
-93.62,4.566898
-93.61,5.183259
-93.58,5.802471
-93.59,6.424907
-93.59,7.050952
-93.59,7.681006
-93.57,8.315488
-93.56,8.954834
-93.54,9.599501
-93.53,10.24997
-93.52,10.90676
-93.5,11.5704
-93.48,12.24148
-93.45,12.92059
-93.44,13.60841
-93.44,14.30563
-93.44,15.01303
-95.91,15.73141
-95.92,16.46168
-95.94,17.20481
-95.95,17.96188
-95.95,18.73404
-95.97,19.5226
-95.96,20.32899
-95.95,21.15481
-95.96,22.00185
-95.98,22.87213
-96.0,23.76793
-96.0,24.69184
-96.02,25.64687
-96.04,26.63647
-96.04,27.66467
-96.16,28.73624
-95.94,29.85687
-96.12,31.03341
-96.14,32.27427
-96.23,33.58996
-96.29,34.99383
-96.02,36.50335
-96.02,38.14207
-96.02,39.94304
-94.06,-39.943
-94.08,-38.1421
-94.1,-36.5034
-94.06,-34.9938
-94.19,-33.59
-94.17,-32.2743
-94.18,-31.0334
-94.18,-29.8569
-94.2,-28.7362
-94.16,-27.6647
-94.17,-26.6365
-94.18,-25.6469
-94.18,-24.6918
-94.19,-23.7679
-94.18,-22.8721
-94.18,-22.0019
-94.18,-21.1548
-94.18,-20.329
-94.16,-19.5226
-94.17,-18.734
-94.16,-17.9619
-94.15,-17.2048
-94.15,-16.4617
-94.15,-15.7314
-96.58,-15.013
-96.55,-14.3056
-96.52,-13.6084
-96.49,-12.9206
-96.47,-12.2415
-96.46,-11.5704
-96.43,-10.9068
-96.41,-10.25
-96.4,-9.5995
-96.4,-8.95483
-96.39,-8.31549
-96.37,-7.68101
-96.36,-7.05095
-96.35,-6.42491
-96.34,-5.80247
-96.34,-5.18326
-96.32,-4.5669
-96.3,-3.95303
-96.3,-3.3413
-96.3,-2.73136
-96.31,-2.12289
-96.3,-1.51555
-96.29,-0.90901
-96.28,-0.30295
-94.14,0.302949
-94.14,0.909006
-94.12,1.515545
-94.12,2.122888
-94.12,2.731362
-94.13,3.341297
-94.13,3.953028
-94.14,4.566898
-94.13,5.183259
-94.1,5.802471
-94.11,6.424907
-94.11,7.050952
-94.11,7.681006
-94.09,8.315488
-94.08,8.954834
-94.06,9.599501
-94.05,10.24997
-94.04,10.90676
-94.02,11.5704
-94.0,12.24148
-93.97,12.92059
-93.96,13.60841
-93.96,14.30563
-93.96,15.01303
-96.43,15.73141
-96.44,16.46168
-96.46,17.20481
-96.47,17.96188
-96.47,18.73404
-96.49,19.5226
-96.48,20.32899
-96.47,21.15481
-96.48,22.00185
-96.5,22.87213
-96.52,23.76793
-96.52,24.69184
-96.54,25.64687
-96.56,26.63647
-96.56,27.66467
-96.68,28.73624
-96.46,29.85687
-96.64,31.03341
-96.66,32.27427
-96.75,33.58996
-96.81,34.99383
-96.54,36.50335
-96.54,38.14207
-96.54,39.94304
-94.57,-39.943
-94.59,-38.1421
-94.61,-36.5034
-94.57,-34.9938
-94.7,-33.59
-94.68,-32.2743
-94.69,-31.0334
-94.69,-29.8569
-94.71,-28.7362
-94.67,-27.6647
-94.68,-26.6365
-94.69,-25.6469
-94.69,-24.6918
-94.7,-23.7679
-94.69,-22.8721
-94.69,-22.0019
-94.69,-21.1548
-94.69,-20.329
-94.67,-19.5226
-94.68,-18.734
-94.67,-17.9619
-94.66,-17.2048
-94.66,-16.4617
-94.66,-15.7314
-97.09,-15.013
-97.06,-14.3056
-97.03,-13.6084
-97.0,-12.9206
-96.98,-12.2415
-96.97,-11.5704
-96.94,-10.9068
-96.92,-10.25
-96.91,-9.5995
-96.91,-8.95483
-96.9,-8.31549
-96.88,-7.68101
-96.87,-7.05095
-96.86,-6.42491
-96.85,-5.80247
-96.85,-5.18326
-96.83,-4.5669
-96.81,-3.95303
-96.81,-3.3413
-96.81,-2.73136
-96.82,-2.12289
-96.81,-1.51555
-96.8,-0.90901
-96.79,-0.30295
-94.65,0.302949
-94.65,0.909006
-94.63,1.515545
-94.63,2.122888
-94.63,2.731362
-94.64,3.341297
-94.64,3.953028
-94.65,4.566898
-94.64,5.183259
-94.61,5.802471
-94.62,6.424907
-94.62,7.050952
-94.62,7.681006
-94.6,8.315488
-94.59,8.954834
-94.57,9.599501
-94.56,10.24997
-94.55,10.90676
-94.53,11.5704
-94.51,12.24148
-94.48,12.92059
-94.47,13.60841
-94.47,14.30563
-94.47,15.01303
-96.94,15.73141
-96.95,16.46168
-96.97,17.20481
-96.98,17.96188
-96.98,18.73404
-97.0,19.5226
-96.99,20.32899
-96.98,21.15481
-96.99,22.00185
-97.01,22.87213
-97.03,23.76793
-97.03,24.69184
-97.05,25.64687
-97.07,26.63647
-97.07,27.66467
-97.19,28.73624
-96.97,29.85687
-97.15,31.03341
-97.17,32.27427
-97.26,33.58996
-97.32,34.99383
-97.05,36.50335
-97.05,38.14207
-97.05,39.94304
-95.09,-39.943
-95.11,-38.1421
-95.13,-36.5034
-95.09,-34.9938
-95.22,-33.59
-95.2,-32.2743
-95.21,-31.0334
-95.21,-29.8569
-95.23,-28.7362
-95.19,-27.6647
-95.2,-26.6365
-95.21,-25.6469
-95.21,-24.6918
-95.22,-23.7679
-95.21,-22.8721
-95.21,-22.0019
-95.21,-21.1548
-95.21,-20.329
-95.19,-19.5226
-95.2,-18.734
-95.19,-17.9619
-95.18,-17.2048
-95.18,-16.4617
-95.18,-15.7314
-97.61,-15.013
-97.58,-14.3056
-97.55,-13.6084
-97.52,-12.9206
-97.5,-12.2415
-97.49,-11.5704
-97.46,-10.9068
-97.44,-10.25
-97.43,-9.5995
-97.43,-8.95483
-97.42,-8.31549
-97.4,-7.68101
-97.39,-7.05095
-97.38,-6.42491
-97.37,-5.80247
-97.37,-5.18326
-97.35,-4.5669
-97.33,-3.95303
-97.33,-3.3413
-97.33,-2.73136
-97.34,-2.12289
-97.33,-1.51555
-97.32,-0.90901
-97.31,-0.30295
-95.17,0.302949
-95.17,0.909006
-95.15,1.515545
-95.15,2.122888
-95.15,2.731362
-95.16,3.341297
-95.16,3.953028
-95.17,4.566898
-95.16,5.183259
-95.13,5.802471
-95.14,6.424907
-95.14,7.050952
-95.14,7.681006
-95.12,8.315488
-95.11,8.954834
-95.09,9.599501
-95.08,10.24997
-95.07,10.90676
-95.05,11.5704
-95.03,12.24148
-95.0,12.92059
-94.99,13.60841
-94.99,14.30563
-94.99,15.01303
-97.46,15.73141
-97.47,16.46168
-97.49,17.20481
-97.5,17.96188
-97.5,18.73404
-97.52,19.5226
-97.51,20.32899
-97.5,21.15481
-97.51,22.00185
-97.53,22.87213
-97.55,23.76793
-97.55,24.69184
-97.57,25.64687
-97.59,26.63647
-97.59,27.66467
-97.71,28.73624
-97.49,29.85687
-97.67,31.03341
-97.69,32.27427
-97.78,33.58996
-97.84,34.99383
-97.57,36.50335
-97.57,38.14207
-97.57,39.94304
-95.61,-39.943
-95.63,-38.1421
-95.65,-36.5034
-95.61,-34.9938
-95.74,-33.59
-95.72,-32.2743
-95.73,-31.0334
-95.73,-29.8569
-95.75,-28.7362
-95.71,-27.6647
-95.72,-26.6365
-95.73,-25.6469
-95.73,-24.6918
-95.74,-23.7679
-95.73,-22.8721
-95.73,-22.0019
-95.73,-21.1548
-95.73,-20.329
-95.71,-19.5226
-95.72,-18.734
-95.71,-17.9619
-95.7,-17.2048
-95.7,-16.4617
-95.7,-15.7314
-98.13,-15.013
-98.1,-14.3056
-98.07,-13.6084
-98.04,-12.9206
-98.02,-12.2415
-98.01,-11.5704
-97.98,-10.9068
-97.96,-10.25
-97.95,-9.5995
-97.95,-8.95483
-97.94,-8.31549
-97.92,-7.68101
-97.91,-7.05095
-97.9,-6.42491
-97.89,-5.80247
-97.89,-5.18326
-97.87,-4.5669
-97.85,-3.95303
-97.85,-3.3413
-97.85,-2.73136
-97.86,-2.12289
-97.85,-1.51555
-97.84,-0.90901
-97.83,-0.30295
-95.69,0.302949
-95.69,0.909006
-95.67,1.515545
-95.67,2.122888
-95.67,2.731362
-95.68,3.341297
-95.68,3.953028
-95.69,4.566898
-95.68,5.183259
-95.65,5.802471
-95.66,6.424907
-95.66,7.050952
-95.66,7.681006
-95.64,8.315488
-95.63,8.954834
-95.61,9.599501
-95.6,10.24997
-95.59,10.90676
-95.57,11.5704
-95.55,12.24148
-95.52,12.92059
-95.51,13.60841
-95.51,14.30563
-95.51,15.01303
-97.98,15.73141
-97.99,16.46168
-98.01,17.20481
-98.02,17.96188
-98.02,18.73404
-98.04,19.5226
-98.03,20.32899
-98.02,21.15481
-98.03,22.00185
-98.05,22.87213
-98.07,23.76793
-98.07,24.69184
-98.09,25.64687
-98.11,26.63647
-98.11,27.66467
-98.23,28.73624
-98.01,29.85687
-98.19,31.03341
-98.21,32.27427
-98.3,33.58996
-98.36,34.99383
-98.09,36.50335
-98.09,38.14207
-98.09,39.94304
-96.12,-39.943
-96.14,-38.1421
-96.16,-36.5034
-96.12,-34.9938
-96.25,-33.59
-96.23,-32.2743
-96.24,-31.0334
-96.24,-29.8569
-96.26,-28.7362
-96.22,-27.6647
-96.23,-26.6365
-96.24,-25.6469
-96.24,-24.6918
-96.25,-23.7679
-96.24,-22.8721
-96.24,-22.0019
-96.24,-21.1548
-96.24,-20.329
-96.22,-19.5226
-96.23,-18.734
-96.22,-17.9619
-96.21,-17.2048
-96.21,-16.4617
-96.21,-15.7314
-98.64,-15.013
-98.61,-14.3056
-98.58,-13.6084
-98.55,-12.9206
-98.53,-12.2415
-98.52,-11.5704
-98.49,-10.9068
-98.47,-10.25
-98.46,-9.5995
-98.46,-8.95483
-98.45,-8.31549
-98.43,-7.68101
-98.42,-7.05095
-98.41,-6.42491
-98.4,-5.80247
-98.4,-5.18326
-98.38,-4.5669
-98.36,-3.95303
-98.36,-3.3413
-98.36,-2.73136
-98.37,-2.12289
-98.36,-1.51555
-98.35,-0.90901
-98.34,-0.30295
-96.2,0.302949
-96.2,0.909006
-96.18,1.515545
-96.18,2.122888
-96.18,2.731362
-96.19,3.341297
-96.19,3.953028
-96.2,4.566898
-96.19,5.183259
-96.16,5.802471
-96.17,6.424907
-96.17,7.050952
-96.17,7.681006
-96.15,8.315488
-96.14,8.954834
-96.12,9.599501
-96.11,10.24997
-96.1,10.90676
-96.08,11.5704
-96.06,12.24148
-96.03,12.92059
-96.02,13.60841
-96.02,14.30563
-96.02,15.01303
-98.49,15.73141
-98.5,16.46168
-98.52,17.20481
-98.53,17.96188
-98.53,18.73404
-98.55,19.5226
-98.54,20.32899
-98.53,21.15481
-98.54,22.00185
-98.56,22.87213
-98.58,23.76793
-98.58,24.69184
-98.6,25.64687
-98.62,26.63647
-98.62,27.66467
-98.74,28.73624
-98.52,29.85687
-98.7,31.03341
-98.72,32.27427
-98.81,33.58996
-98.87,34.99383
-98.6,36.50335
-98.6,38.14207
-98.6,39.94304
-96.64,-39.943
-96.66,-38.1421
-96.68,-36.5034
-96.64,-34.9938
-96.77,-33.59
-96.75,-32.2743
-96.76,-31.0334
-96.76,-29.8569
-96.78,-28.7362
-96.74,-27.6647
-96.75,-26.6365
-96.76,-25.6469
-96.76,-24.6918
-96.77,-23.7679
-96.76,-22.8721
-96.76,-22.0019
-96.76,-21.1548
-96.76,-20.329
-96.74,-19.5226
-96.75,-18.734
-96.74,-17.9619
-96.73,-17.2048
-96.73,-16.4617
-96.73,-15.7314
-99.16,-15.013
-99.13,-14.3056
-99.1,-13.6084
-99.07,-12.9206
-99.05,-12.2415
-99.04,-11.5704
-99.01,-10.9068
-98.99,-10.25
-98.98,-9.5995
-98.98,-8.95483
-98.97,-8.31549
-98.95,-7.68101
-98.94,-7.05095
-98.93,-6.42491
-98.92,-5.80247
-98.92,-5.18326
-98.9,-4.5669
-98.88,-3.95303
-98.88,-3.3413
-98.88,-2.73136
-98.89,-2.12289
-98.88,-1.51555
-98.87,-0.90901
-98.86,-0.30295
-96.72,0.302949
-96.72,0.909006
-96.7,1.515545
-96.7,2.122888
-96.7,2.731362
-96.71,3.341297
-96.71,3.953028
-96.72,4.566898
-96.71,5.183259
-96.68,5.802471
-96.69,6.424907
-96.69,7.050952
-96.69,7.681006
-96.67,8.315488
-96.66,8.954834
-96.64,9.599501
-96.63,10.24997
-96.62,10.90676
-96.6,11.5704
-96.58,12.24148
-96.55,12.92059
-96.54,13.60841
-96.54,14.30563
-96.54,15.01303
-99.01,15.73141
-99.02,16.46168
-99.04,17.20481
-99.05,17.96188
-99.05,18.73404
-99.07,19.5226
-99.06,20.32899
-99.05,21.15481
-99.06,22.00185
-99.08,22.87213
-99.1,23.76793
-99.1,24.69184
-99.12,25.64687
-99.14,26.63647
-99.14,27.66467
-99.26,28.73624
-99.04,29.85687
-99.22,31.03341
-99.24,32.27427
-99.33,33.58996
-99.39,34.99383
-99.12,36.50335
-99.12,38.14207
-99.12,39.94304
-97.15,-39.943
-97.17,-38.1421
-97.19,-36.5034
-97.15,-34.9938
-97.28,-33.59
-97.26,-32.2743
-97.27,-31.0334
-97.27,-29.8569
-97.29,-28.7362
-97.25,-27.6647
-97.26,-26.6365
-97.27,-25.6469
-97.27,-24.6918
-97.28,-23.7679
-97.27,-22.8721
-97.27,-22.0019
-97.27,-21.1548
-97.27,-20.329
-97.25,-19.5226
-97.26,-18.734
-97.25,-17.9619
-97.24,-17.2048
-97.24,-16.4617
-97.24,-15.7314
-99.67,-15.013
-99.64,-14.3056
-99.61,-13.6084
-99.58,-12.9206
-99.56,-12.2415
-99.55,-11.5704
-99.52,-10.9068
-99.5,-10.25
-99.49,-9.5995
-99.49,-8.95483
-99.48,-8.31549
-99.46,-7.68101
-99.45,-7.05095
-99.44,-6.42491
-99.43,-5.80247
-99.43,-5.18326
-99.41,-4.5669
-99.39,-3.95303
-99.39,-3.3413
-99.39,-2.73136
-99.4,-2.12289
-99.39,-1.51555
-99.38,-0.90901
-99.37,-0.30295
-97.23,0.302949
-97.23,0.909006
-97.21,1.515545
-97.21,2.122888
-97.21,2.731362
-97.22,3.341297
-97.22,3.953028
-97.23,4.566898
-97.22,5.183259
-97.19,5.802471
-97.2,6.424907
-97.2,7.050952
-97.2,7.681006
-97.18,8.315488
-97.17,8.954834
-97.15,9.599501
-97.14,10.24997
-97.13,10.90676
-97.11,11.5704
-97.09,12.24148
-97.06,12.92059
-97.05,13.60841
-97.05,14.30563
-97.05,15.01303
-99.52,15.73141
-99.53,16.46168
-99.55,17.20481
-99.56,17.96188
-99.56,18.73404
-99.58,19.5226
-99.57,20.32899
-99.56,21.15481
-99.57,22.00185
-99.59,22.87213
-99.61,23.76793
-99.61,24.69184
-99.63,25.64687
-99.65,26.63647
-99.65,27.66467
-99.77,28.73624
-99.55,29.85687
-99.73,31.03341
-99.75,32.27427
-99.84,33.58996
-99.9,34.99383
-99.63,36.50335
-99.63,38.14207
-99.63,39.94304
-97.67,-39.943
-97.69,-38.1421
-97.71,-36.5034
-97.67,-34.9938
-97.8,-33.59
-97.78,-32.2743
-97.79,-31.0334
-97.79,-29.8569
-97.81,-28.7362
-97.77,-27.6647
-97.78,-26.6365
-97.79,-25.6469
-97.79,-24.6918
-97.8,-23.7679
-97.79,-22.8721
-97.79,-22.0019
-97.79,-21.1548
-97.79,-20.329
-97.77,-19.5226
-97.78,-18.734
-97.77,-17.9619
-97.76,-17.2048
-97.76,-16.4617
-97.76,-15.7314
-100.19,-15.013
-100.16,-14.3056
-100.13,-13.6084
-100.1,-12.9206
-100.08,-12.2415
-100.07,-11.5704
-100.04,-10.9068
-100.02,-10.25
-100.01,-9.5995
-100.01,-8.95483
-100.0,-8.31549
-99.98,-7.68101
-99.97,-7.05095
-99.96,-6.42491
-99.95,-5.80247
-99.95,-5.18326
-99.93,-4.5669
-99.91,-3.95303
-99.91,-3.3413
-99.91,-2.73136
-99.92,-2.12289
-99.91,-1.51555
-99.9,-0.90901
-99.89,-0.30295
-97.75,0.302949
-97.75,0.909006
-97.73,1.515545
-97.73,2.122888
-97.73,2.731362
-97.74,3.341297
-97.74,3.953028
-97.75,4.566898
-97.74,5.183259
-97.71,5.802471
-97.72,6.424907
-97.72,7.050952
-97.72,7.681006
-97.7,8.315488
-97.69,8.954834
-97.67,9.599501
-97.66,10.24997
-97.65,10.90676
-97.63,11.5704
-97.61,12.24148
-97.58,12.92059
-97.57,13.60841
-97.57,14.30563
-97.57,15.01303
-100.04,15.73141
-100.05,16.46168
-100.07,17.20481
-100.08,17.96188
-100.08,18.73404
-100.1,19.5226
-100.09,20.32899
-100.08,21.15481
-100.09,22.00185
-100.11,22.87213
-100.13,23.76793
-100.13,24.69184
-100.15,25.64687
-100.17,26.63647
-100.17,27.66467
-100.29,28.73624
-100.07,29.85687
-100.25,31.03341
-100.27,32.27427
-100.36,33.58996
-100.42,34.99383
-100.15,36.50335
-100.15,38.14207
-100.15,39.94304
-98.19,-39.943
-98.21,-38.1421
-98.23,-36.5034
-98.19,-34.9938
-98.32,-33.59
-98.3,-32.2743
-98.31,-31.0334
-98.31,-29.8569
-98.33,-28.7362
-98.29,-27.6647
-98.3,-26.6365
-98.31,-25.6469
-98.31,-24.6918
-98.32,-23.7679
-98.31,-22.8721
-98.31,-22.0019
-98.31,-21.1548
-98.31,-20.329
-98.29,-19.5226
-98.3,-18.734
-98.29,-17.9619
-98.28,-17.2048
-98.28,-16.4617
-98.28,-15.7314
-100.71,-15.013
-100.68,-14.3056
-100.65,-13.6084
-100.62,-12.9206
-100.6,-12.2415
-100.59,-11.5704
-100.56,-10.9068
-100.54,-10.25
-100.53,-9.5995
-100.53,-8.95483
-100.52,-8.31549
-100.5,-7.68101
-100.49,-7.05095
-100.48,-6.42491
-100.47,-5.80247
-100.47,-5.18326
-100.45,-4.5669
-100.43,-3.95303
-100.43,-3.3413
-100.43,-2.73136
-100.44,-2.12289
-100.43,-1.51555
-100.42,-0.90901
-100.41,-0.30295
-98.27,0.302949
-98.27,0.909006
-98.25,1.515545
-98.25,2.122888
-98.25,2.731362
-98.26,3.341297
-98.26,3.953028
-98.27,4.566898
-98.26,5.183259
-98.23,5.802471
-98.24,6.424907
-98.24,7.050952
-98.24,7.681006
-98.22,8.315488
-98.21,8.954834
-98.19,9.599501
-98.18,10.24997
-98.17,10.90676
-98.15,11.5704
-98.13,12.24148
-98.1,12.92059
-98.09,13.60841
-98.09,14.30563
-98.09,15.01303
-100.56,15.73141
-100.57,16.46168
-100.59,17.20481
-100.6,17.96188
-100.6,18.73404
-100.62,19.5226
-100.61,20.32899
-100.6,21.15481
-100.61,22.00185
-100.63,22.87213
-100.65,23.76793
-100.65,24.69184
-100.67,25.64687
-100.69,26.63647
-100.69,27.66467
-100.81,28.73624
-100.59,29.85687
-100.77,31.03341
-100.79,32.27427
-100.88,33.58996
-100.94,34.99383
-100.67,36.50335
-100.67,38.14207
-100.67,39.94304
-98.7,-39.943
-98.72,-38.1421
-98.74,-36.5034
-98.7,-34.9938
-98.83,-33.59
-98.81,-32.2743
-98.82,-31.0334
-98.82,-29.8569
-98.84,-28.7362
-98.8,-27.6647
-98.81,-26.6365
-98.82,-25.6469
-98.82,-24.6918
-98.83,-23.7679
-98.82,-22.8721
-98.82,-22.0019
-98.82,-21.1548
-98.82,-20.329
-98.8,-19.5226
-98.81,-18.734
-98.8,-17.9619
-98.79,-17.2048
-98.79,-16.4617
-98.79,-15.7314
-101.22,-15.013
-101.19,-14.3056
-101.16,-13.6084
-101.13,-12.9206
-101.11,-12.2415
-101.1,-11.5704
-101.07,-10.9068
-101.05,-10.25
-101.04,-9.5995
-101.04,-8.95483
-101.03,-8.31549
-101.01,-7.68101
-101.0,-7.05095
-100.99,-6.42491
-100.98,-5.80247
-100.98,-5.18326
-100.96,-4.5669
-100.94,-3.95303
-100.94,-3.3413
-100.94,-2.73136
-100.95,-2.12289
-100.94,-1.51555
-100.93,-0.90901
-100.92,-0.30295
-98.78,0.302949
-98.78,0.909006
-98.76,1.515545
-98.76,2.122888
-98.76,2.731362
-98.77,3.341297
-98.77,3.953028
-98.78,4.566898
-98.77,5.183259
-98.74,5.802471
-98.75,6.424907
-98.75,7.050952
-98.75,7.681006
-98.73,8.315488
-98.72,8.954834
-98.7,9.599501
-98.69,10.24997
-98.68,10.90676
-98.66,11.5704
-98.64,12.24148
-98.61,12.92059
-98.6,13.60841
-98.6,14.30563
-98.6,15.01303
-101.07,15.73141
-101.08,16.46168
-101.1,17.20481
-101.11,17.96188
-101.11,18.73404
-101.13,19.5226
-101.12,20.32899
-101.11,21.15481
-101.12,22.00185
-101.14,22.87213
-101.16,23.76793
-101.16,24.69184
-101.18,25.64687
-101.2,26.63647
-101.2,27.66467
-101.32,28.73624
-101.1,29.85687
-101.28,31.03341
-101.3,32.27427
-101.39,33.58996
-101.45,34.99383
-101.18,36.50335
-101.18,38.14207
-101.18,39.94304
-99.22,-39.943
-99.24,-38.1421
-99.26,-36.5034
-99.22,-34.9938
-99.35,-33.59
-99.33,-32.2743
-99.34,-31.0334
-99.34,-29.8569
-99.36,-28.7362
-99.32,-27.6647
-99.33,-26.6365
-99.34,-25.6469
-99.34,-24.6918
-99.35,-23.7679
-99.34,-22.8721
-99.34,-22.0019
-99.34,-21.1548
-99.34,-20.329
-99.32,-19.5226
-99.33,-18.734
-99.32,-17.9619
-99.31,-17.2048
-99.31,-16.4617
-99.31,-15.7314
-101.74,-15.013
-101.71,-14.3056
-101.68,-13.6084
-101.65,-12.9206
-101.63,-12.2415
-101.62,-11.5704
-101.59,-10.9068
-101.57,-10.25
-101.56,-9.5995
-101.56,-8.95483
-101.55,-8.31549
-101.53,-7.68101
-101.52,-7.05095
-101.51,-6.42491
-101.5,-5.80247
-101.5,-5.18326
-101.48,-4.5669
-101.46,-3.95303
-101.46,-3.3413
-101.46,-2.73136
-101.47,-2.12289
-101.46,-1.51555
-101.45,-0.90901
-101.44,-0.30295
-99.3,0.302949
-99.3,0.909006
-99.28,1.515545
-99.28,2.122888
-99.28,2.731362
-99.29,3.341297
-99.29,3.953028
-99.3,4.566898
-99.29,5.183259
-99.26,5.802471
-99.27,6.424907
-99.27,7.050952
-99.27,7.681006
-99.25,8.315488
-99.24,8.954834
-99.22,9.599501
-99.21,10.24997
-99.2,10.90676
-99.18,11.5704
-99.16,12.24148
-99.13,12.92059
-99.12,13.60841
-99.12,14.30563
-99.12,15.01303
-101.59,15.73141
-101.6,16.46168
-101.62,17.20481
-101.63,17.96188
-101.63,18.73404
-101.65,19.5226
-101.64,20.32899
-101.63,21.15481
-101.64,22.00185
-101.66,22.87213
-101.68,23.76793
-101.68,24.69184
-101.7,25.64687
-101.72,26.63647
-101.72,27.66467
-101.84,28.73624
-101.62,29.85687
-101.8,31.03341
-101.82,32.27427
-101.91,33.58996
-101.97,34.99383
-101.7,36.50335
-101.7,38.14207
-101.7,39.94304
-99.73,-39.943
-99.75,-38.1421
-99.77,-36.5034
-99.73,-34.9938
-99.86,-33.59
-99.84,-32.2743
-99.85,-31.0334
-99.85,-29.8569
-99.87,-28.7362
-99.83,-27.6647
-99.84,-26.6365
-99.85,-25.6469
-99.85,-24.6918
-99.86,-23.7679
-99.85,-22.8721
-99.85,-22.0019
-99.85,-21.1548
-99.85,-20.329
-99.83,-19.5226
-99.84,-18.734
-99.83,-17.9619
-99.82,-17.2048
-99.82,-16.4617
-99.82,-15.7314
-102.25,-15.013
-102.22,-14.3056
-102.19,-13.6084
-102.16,-12.9206
-102.14,-12.2415
-102.13,-11.5704
-102.1,-10.9068
-102.08,-10.25
-102.07,-9.5995
-102.07,-8.95483
-102.06,-8.31549
-102.04,-7.68101
-102.03,-7.05095
-102.02,-6.42491
-102.01,-5.80247
-102.01,-5.18326
-101.99,-4.5669
-101.97,-3.95303
-101.97,-3.3413
-101.97,-2.73136
-101.98,-2.12289
-101.97,-1.51555
-101.96,-0.90901
-101.95,-0.30295
-99.81,0.302949
-99.81,0.909006
-99.79,1.515545
-99.79,2.122888
-99.79,2.731362
-99.8,3.341297
-99.8,3.953028
-99.81,4.566898
-99.8,5.183259
-99.77,5.802471
-99.78,6.424907
-99.78,7.050952
-99.78,7.681006
-99.76,8.315488
-99.75,8.954834
-99.73,9.599501
-99.72,10.24997
-99.71,10.90676
-99.69,11.5704
-99.67,12.24148
-99.64,12.92059
-99.63,13.60841
-99.63,14.30563
-99.63,15.01303
-102.1,15.73141
-102.11,16.46168
-102.13,17.20481
-102.14,17.96188
-102.14,18.73404
-102.16,19.5226
-102.15,20.32899
-102.14,21.15481
-102.15,22.00185
-102.17,22.87213
-102.19,23.76793
-102.19,24.69184
-102.21,25.64687
-102.23,26.63647
-102.23,27.66467
-102.35,28.73624
-102.13,29.85687
-102.31,31.03341
-102.33,32.27427
-102.42,33.58996
-102.48,34.99383
-102.21,36.50335
-102.21,38.14207
-102.21,39.94304
-100.25,-39.943
-100.27,-38.1421
-100.29,-36.5034
-100.25,-34.9938
-100.38,-33.59
-100.36,-32.2743
-100.37,-31.0334
-100.37,-29.8569
-100.39,-28.7362
-100.35,-27.6647
-100.36,-26.6365
-100.37,-25.6469
-100.37,-24.6918
-100.38,-23.7679
-100.37,-22.8721
-100.37,-22.0019
-100.37,-21.1548
-100.37,-20.329
-100.35,-19.5226
-100.36,-18.734
-100.35,-17.9619
-100.34,-17.2048
-100.34,-16.4617
-100.34,-15.7314
-102.77,-15.013
-102.74,-14.3056
-102.71,-13.6084
-102.68,-12.9206
-102.66,-12.2415
-102.65,-11.5704
-102.62,-10.9068
-102.6,-10.25
-102.59,-9.5995
-102.59,-8.95483
-102.58,-8.31549
-102.56,-7.68101
-102.55,-7.05095
-102.54,-6.42491
-102.53,-5.80247
-102.53,-5.18326
-102.51,-4.5669
-102.49,-3.95303
-102.49,-3.3413
-102.49,-2.73136
-102.5,-2.12289
-102.49,-1.51555
-102.48,-0.90901
-102.47,-0.30295
-100.33,0.302949
-100.33,0.909006
-100.31,1.515545
-100.31,2.122888
-100.31,2.731362
-100.32,3.341297
-100.32,3.953028
-100.33,4.566898
-100.32,5.183259
-100.29,5.802471
-100.3,6.424907
-100.3,7.050952
-100.3,7.681006
-100.28,8.315488
-100.27,8.954834
-100.25,9.599501
-100.24,10.24997
-100.23,10.90676
-100.21,11.5704
-100.19,12.24148
-100.16,12.92059
-100.15,13.60841
-100.15,14.30563
-100.15,15.01303
-102.62,15.73141
-102.63,16.46168
-102.65,17.20481
-102.66,17.96188
-102.66,18.73404
-102.68,19.5226
-102.67,20.32899
-102.66,21.15481
-102.67,22.00185
-102.69,22.87213
-102.71,23.76793
-102.71,24.69184
-102.73,25.64687
-102.75,26.63647
-102.75,27.66467
-102.87,28.73624
-102.65,29.85687
-102.83,31.03341
-102.85,32.27427
-102.94,33.58996
-103.0,34.99383
-102.73,36.50335
-102.73,38.14207
-102.73,39.94304
-100.77,-39.943
-100.79,-38.1421
-100.81,-36.5034
-100.77,-34.9938
-100.9,-33.59
-100.88,-32.2743
-100.89,-31.0334
-100.89,-29.8569
-100.91,-28.7362
-100.87,-27.6647
-100.88,-26.6365
-100.89,-25.6469
-100.89,-24.6918
-100.9,-23.7679
-100.89,-22.8721
-100.89,-22.0019
-100.89,-21.1548
-100.89,-20.329
-100.87,-19.5226
-100.88,-18.734
-100.87,-17.9619
-100.86,-17.2048
-100.86,-16.4617
-100.86,-15.7314
-103.29,-15.013
-103.26,-14.3056
-103.23,-13.6084
-103.2,-12.9206
-103.18,-12.2415
-103.17,-11.5704
-103.14,-10.9068
-103.12,-10.25
-103.11,-9.5995
-103.11,-8.95483
-103.1,-8.31549
-103.08,-7.68101
-103.07,-7.05095
-103.06,-6.42491
-103.05,-5.80247
-103.05,-5.18326
-103.03,-4.5669
-103.01,-3.95303
-103.01,-3.3413
-103.01,-2.73136
-103.02,-2.12289
-103.01,-1.51555
-103.0,-0.90901
-102.99,-0.30295
-100.85,0.302949
-100.85,0.909006
-100.83,1.515545
-100.83,2.122888
-100.83,2.731362
-100.84,3.341297
-100.84,3.953028
-100.85,4.566898
-100.84,5.183259
-100.81,5.802471
-100.82,6.424907
-100.82,7.050952
-100.82,7.681006
-100.8,8.315488
-100.79,8.954834
-100.77,9.599501
-100.76,10.24997
-100.75,10.90676
-100.73,11.5704
-100.71,12.24148
-100.68,12.92059
-100.67,13.60841
-100.67,14.30563
-100.67,15.01303
-103.14,15.73141
-103.15,16.46168
-103.17,17.20481
-103.18,17.96188
-103.18,18.73404
-103.2,19.5226
-103.19,20.32899
-103.18,21.15481
-103.19,22.00185
-103.21,22.87213
-103.23,23.76793
-103.23,24.69184
-103.25,25.64687
-103.27,26.63647
-103.27,27.66467
-103.39,28.73624
-103.17,29.85687
-103.35,31.03341
-103.37,32.27427
-103.46,33.58996
-103.52,34.99383
-103.25,36.50335
-103.25,38.14207
-103.25,39.94304
-101.28,-39.943
-101.3,-38.1421
-101.32,-36.5034
-101.28,-34.9938
-101.41,-33.59
-101.39,-32.2743
-101.4,-31.0334
-101.4,-29.8569
-101.42,-28.7362
-101.38,-27.6647
-101.39,-26.6365
-101.4,-25.6469
-101.4,-24.6918
-101.41,-23.7679
-101.4,-22.8721
-101.4,-22.0019
-101.4,-21.1548
-101.4,-20.329
-101.38,-19.5226
-101.39,-18.734
-101.38,-17.9619
-101.37,-17.2048
-101.37,-16.4617
-101.37,-15.7314
-103.8,-15.013
-103.77,-14.3056
-103.74,-13.6084
-103.71,-12.9206
-103.69,-12.2415
-103.68,-11.5704
-103.65,-10.9068
-103.63,-10.25
-103.62,-9.5995
-103.62,-8.95483
-103.61,-8.31549
-103.59,-7.68101
-103.58,-7.05095
-103.57,-6.42491
-103.56,-5.80247
-103.56,-5.18326
-103.54,-4.5669
-103.52,-3.95303
-103.52,-3.3413
-103.52,-2.73136
-103.53,-2.12289
-103.52,-1.51555
-103.51,-0.90901
-103.5,-0.30295
-101.36,0.302949
-101.36,0.909006
-101.34,1.515545
-101.34,2.122888
-101.34,2.731362
-101.35,3.341297
-101.35,3.953028
-101.36,4.566898
-101.35,5.183259
-101.32,5.802471
-101.33,6.424907
-101.33,7.050952
-101.33,7.681006
-101.31,8.315488
-101.3,8.954834
-101.28,9.599501
-101.27,10.24997
-101.26,10.90676
-101.24,11.5704
-101.22,12.24148
-101.19,12.92059
-101.18,13.60841
-101.18,14.30563
-101.18,15.01303
-103.65,15.73141
-103.66,16.46168
-103.68,17.20481
-103.69,17.96188
-103.69,18.73404
-103.71,19.5226
-103.7,20.32899
-103.69,21.15481
-103.7,22.00185
-103.72,22.87213
-103.74,23.76793
-103.74,24.69184
-103.76,25.64687
-103.78,26.63647
-103.78,27.66467
-103.9,28.73624
-103.68,29.85687
-103.86,31.03341
-103.88,32.27427
-103.97,33.58996
-104.03,34.99383
-103.76,36.50335
-103.76,38.14207
-103.76,39.94304
-101.8,-39.943
-101.82,-38.1421
-101.84,-36.5034
-101.8,-34.9938
-101.93,-33.59
-101.91,-32.2743
-101.92,-31.0334
-101.92,-29.8569
-101.94,-28.7362
-101.9,-27.6647
-101.91,-26.6365
-101.92,-25.6469
-101.92,-24.6918
-101.93,-23.7679
-101.92,-22.8721
-101.92,-22.0019
-101.92,-21.1548
-101.92,-20.329
-101.9,-19.5226
-101.91,-18.734
-101.9,-17.9619
-101.89,-17.2048
-101.89,-16.4617
-101.89,-15.7314
-104.32,-15.013
-104.29,-14.3056
-104.26,-13.6084
-104.23,-12.9206
-104.21,-12.2415
-104.2,-11.5704
-104.17,-10.9068
-104.15,-10.25
-104.14,-9.5995
-104.14,-8.95483
-104.13,-8.31549
-104.11,-7.68101
-104.1,-7.05095
-104.09,-6.42491
-104.08,-5.80247
-104.08,-5.18326
-104.06,-4.5669
-104.04,-3.95303
-104.04,-3.3413
-104.04,-2.73136
-104.05,-2.12289
-104.04,-1.51555
-104.03,-0.90901
-104.02,-0.30295
-101.88,0.302949
-101.88,0.909006
-101.86,1.515545
-101.86,2.122888
-101.86,2.731362
-101.87,3.341297
-101.87,3.953028
-101.88,4.566898
-101.87,5.183259
-101.84,5.802471
-101.85,6.424907
-101.85,7.050952
-101.85,7.681006
-101.83,8.315488
-101.82,8.954834
-101.8,9.599501
-101.79,10.24997
-101.78,10.90676
-101.76,11.5704
-101.74,12.24148
-101.71,12.92059
-101.7,13.60841
-101.7,14.30563
-101.7,15.01303
-104.17,15.73141
-104.18,16.46168
-104.2,17.20481
-104.21,17.96188
-104.21,18.73404
-104.23,19.5226
-104.22,20.32899
-104.21,21.15481
-104.22,22.00185
-104.24,22.87213
-104.26,23.76793
-104.26,24.69184
-104.28,25.64687
-104.3,26.63647
-104.3,27.66467
-104.42,28.73624
-104.2,29.85687
-104.38,31.03341
-104.4,32.27427
-104.49,33.58996
-104.55,34.99383
-104.28,36.50335
-104.28,38.14207
-104.28,39.94304
-102.31,-39.943
-102.33,-38.1421
-102.35,-36.5034
-102.31,-34.9938
-102.44,-33.59
-102.42,-32.2743
-102.43,-31.0334
-102.43,-29.8569
-102.45,-28.7362
-102.41,-27.6647
-102.42,-26.6365
-102.43,-25.6469
-102.43,-24.6918
-102.44,-23.7679
-102.43,-22.8721
-102.43,-22.0019
-102.43,-21.1548
-102.43,-20.329
-102.41,-19.5226
-102.42,-18.734
-102.41,-17.9619
-102.4,-17.2048
-102.4,-16.4617
-102.4,-15.7314
-104.83,-15.013
-104.8,-14.3056
-104.77,-13.6084
-104.74,-12.9206
-104.72,-12.2415
-104.71,-11.5704
-104.68,-10.9068
-104.66,-10.25
-104.65,-9.5995
-104.65,-8.95483
-104.64,-8.31549
-104.62,-7.68101
-104.61,-7.05095
-104.6,-6.42491
-104.59,-5.80247
-104.59,-5.18326
-104.57,-4.5669
-104.55,-3.95303
-104.55,-3.3413
-104.55,-2.73136
-104.56,-2.12289
-104.55,-1.51555
-104.54,-0.90901
-104.53,-0.30295
-102.39,0.302949
-102.39,0.909006
-102.37,1.515545
-102.37,2.122888
-102.37,2.731362
-102.38,3.341297
-102.38,3.953028
-102.39,4.566898
-102.38,5.183259
-102.35,5.802471
-102.36,6.424907
-102.36,7.050952
-102.36,7.681006
-102.34,8.315488
-102.33,8.954834
-102.31,9.599501
-102.3,10.24997
-102.29,10.90676
-102.27,11.5704
-102.25,12.24148
-102.22,12.92059
-102.21,13.60841
-102.21,14.30563
-102.21,15.01303
-104.68,15.73141
-104.69,16.46168
-104.71,17.20481
-104.72,17.96188
-104.72,18.73404
-104.74,19.5226
-104.73,20.32899
-104.72,21.15481
-104.73,22.00185
-104.75,22.87213
-104.77,23.76793
-104.77,24.69184
-104.79,25.64687
-104.81,26.63647
-104.81,27.66467
-104.93,28.73624
-104.71,29.85687
-104.89,31.03341
-104.91,32.27427
-105.0,33.58996
-105.06,34.99383
-104.79,36.50335
-104.79,38.14207
-104.79,39.94304
-102.83,-39.943
-102.85,-38.1421
-102.87,-36.5034
-102.83,-34.9938
-102.96,-33.59
-102.94,-32.2743
-102.95,-31.0334
-102.95,-29.8569
-102.97,-28.7362
-102.93,-27.6647
-102.94,-26.6365
-102.95,-25.6469
-102.95,-24.6918
-102.96,-23.7679
-102.95,-22.8721
-102.95,-22.0019
-102.95,-21.1548
-102.95,-20.329
-102.93,-19.5226
-102.94,-18.734
-102.93,-17.9619
-102.92,-17.2048
-102.92,-16.4617
-102.92,-15.7314
-105.35,-15.013
-105.32,-14.3056
-105.29,-13.6084
-105.26,-12.9206
-105.24,-12.2415
-105.23,-11.5704
-105.2,-10.9068
-105.18,-10.25
-105.17,-9.5995
-105.17,-8.95483
-105.16,-8.31549
-105.14,-7.68101
-105.13,-7.05095
-105.12,-6.42491
-105.11,-5.80247
-105.11,-5.18326
-105.09,-4.5669
-105.07,-3.95303
-105.07,-3.3413
-105.07,-2.73136
-105.08,-2.12289
-105.07,-1.51555
-105.06,-0.90901
-105.05,-0.30295
-102.91,0.302949
-102.91,0.909006
-102.89,1.515545
-102.89,2.122888
-102.89,2.731362
-102.9,3.341297
-102.9,3.953028
-102.91,4.566898
-102.9,5.183259
-102.87,5.802471
-102.88,6.424907
-102.88,7.050952
-102.88,7.681006
-102.86,8.315488
-102.85,8.954834
-102.83,9.599501
-102.82,10.24997
-102.81,10.90676
-102.79,11.5704
-102.77,12.24148
-102.74,12.92059
-102.73,13.60841
-102.73,14.30563
-102.73,15.01303
-105.2,15.73141
-105.21,16.46168
-105.23,17.20481
-105.24,17.96188
-105.24,18.73404
-105.26,19.5226
-105.25,20.32899
-105.24,21.15481
-105.25,22.00185
-105.27,22.87213
-105.29,23.76793
-105.29,24.69184
-105.31,25.64687
-105.33,26.63647
-105.33,27.66467
-105.45,28.73624
-105.23,29.85687
-105.41,31.03341
-105.43,32.27427
-105.52,33.58996
-105.58,34.99383
-105.31,36.50335
-105.31,38.14207
-105.31,39.94304
-103.35,-39.943
-103.37,-38.1421
-103.39,-36.5034
-103.35,-34.9938
-103.48,-33.59
-103.46,-32.2743
-103.47,-31.0334
-103.47,-29.8569
-103.49,-28.7362
-103.45,-27.6647
-103.46,-26.6365
-103.47,-25.6469
-103.47,-24.6918
-103.48,-23.7679
-103.47,-22.8721
-103.47,-22.0019
-103.47,-21.1548
-103.47,-20.329
-103.45,-19.5226
-103.46,-18.734
-103.45,-17.9619
-103.44,-17.2048
-103.44,-16.4617
-103.44,-15.7314
-105.87,-15.013
-105.84,-14.3056
-105.81,-13.6084
-105.78,-12.9206
-105.76,-12.2415
-105.75,-11.5704
-105.72,-10.9068
-105.7,-10.25
-105.69,-9.5995
-105.69,-8.95483
-105.68,-8.31549
-105.66,-7.68101
-105.65,-7.05095
-105.64,-6.42491
-105.63,-5.80247
-105.63,-5.18326
-105.61,-4.5669
-105.59,-3.95303
-105.59,-3.3413
-105.59,-2.73136
-105.6,-2.12289
-105.59,-1.51555
-105.58,-0.90901
-105.57,-0.30295
-103.43,0.302949
-103.43,0.909006
-103.41,1.515545
-103.41,2.122888
-103.41,2.731362
-103.42,3.341297
-103.42,3.953028
-103.43,4.566898
-103.42,5.183259
-103.39,5.802471
-103.4,6.424907
-103.4,7.050952
-103.4,7.681006
-103.38,8.315488
-103.37,8.954834
-103.35,9.599501
-103.34,10.24997
-103.33,10.90676
-103.31,11.5704
-103.29,12.24148
-103.26,12.92059
-103.25,13.60841
-103.25,14.30563
-103.25,15.01303
-105.72,15.73141
-105.73,16.46168
-105.75,17.20481
-105.76,17.96188
-105.76,18.73404
-105.78,19.5226
-105.77,20.32899
-105.76,21.15481
-105.77,22.00185
-105.79,22.87213
-105.81,23.76793
-105.81,24.69184
-105.83,25.64687
-105.85,26.63647
-105.85,27.66467
-105.97,28.73624
-105.75,29.85687
-105.93,31.03341
-105.95,32.27427
-106.04,33.58996
-106.1,34.99383
-105.83,36.50335
-105.83,38.14207
-105.83,39.94304
-103.86,-39.943
-103.88,-38.1421
-103.9,-36.5034
-103.86,-34.9938
-103.99,-33.59
-103.97,-32.2743
-103.98,-31.0334
-103.98,-29.8569
-104.0,-28.7362
-103.96,-27.6647
-103.97,-26.6365
-103.98,-25.6469
-103.98,-24.6918
-103.99,-23.7679
-103.98,-22.8721
-103.98,-22.0019
-103.98,-21.1548
-103.98,-20.329
-103.96,-19.5226
-103.97,-18.734
-103.96,-17.9619
-103.95,-17.2048
-103.95,-16.4617
-103.95,-15.7314
-106.38,-15.013
-106.35,-14.3056
-106.32,-13.6084
-106.29,-12.9206
-106.27,-12.2415
-106.26,-11.5704
-106.23,-10.9068
-106.21,-10.25
-106.2,-9.5995
-106.2,-8.95483
-106.19,-8.31549
-106.17,-7.68101
-106.16,-7.05095
-106.15,-6.42491
-106.14,-5.80247
-106.14,-5.18326
-106.12,-4.5669
-106.1,-3.95303
-106.1,-3.3413
-106.1,-2.73136
-106.11,-2.12289
-106.1,-1.51555
-106.09,-0.90901
-106.08,-0.30295
-103.94,0.302949
-103.94,0.909006
-103.92,1.515545
-103.92,2.122888
-103.92,2.731362
-103.93,3.341297
-103.93,3.953028
-103.94,4.566898
-103.93,5.183259
-103.9,5.802471
-103.91,6.424907
-103.91,7.050952
-103.91,7.681006
-103.89,8.315488
-103.88,8.954834
-103.86,9.599501
-103.85,10.24997
-103.84,10.90676
-103.82,11.5704
-103.8,12.24148
-103.77,12.92059
-103.76,13.60841
-103.76,14.30563
-103.76,15.01303
-106.23,15.73141
-106.24,16.46168
-106.26,17.20481
-106.27,17.96188
-106.27,18.73404
-106.29,19.5226
-106.28,20.32899
-106.27,21.15481
-106.28,22.00185
-106.3,22.87213
-106.32,23.76793
-106.32,24.69184
-106.34,25.64687
-106.36,26.63647
-106.36,27.66467
-106.48,28.73624
-106.26,29.85687
-106.44,31.03341
-106.46,32.27427
-106.55,33.58996
-106.61,34.99383
-106.34,36.50335
-106.34,38.14207
-106.34,39.94304
-104.38,-39.943
-104.4,-38.1421
-104.42,-36.5034
-104.38,-34.9938
-104.51,-33.59
-104.49,-32.2743
-104.5,-31.0334
-104.5,-29.8569
-104.52,-28.7362
-104.48,-27.6647
-104.49,-26.6365
-104.5,-25.6469
-104.5,-24.6918
-104.51,-23.7679
-104.5,-22.8721
-104.5,-22.0019
-104.5,-21.1548
-104.5,-20.329
-104.48,-19.5226
-104.49,-18.734
-104.48,-17.9619
-104.47,-17.2048
-104.47,-16.4617
-104.47,-15.7314
-106.9,-15.013
-106.87,-14.3056
-106.84,-13.6084
-106.81,-12.9206
-106.79,-12.2415
-106.78,-11.5704
-106.75,-10.9068
-106.73,-10.25
-106.72,-9.5995
-106.72,-8.95483
-106.71,-8.31549
-106.69,-7.68101
-106.68,-7.05095
-106.67,-6.42491
-106.66,-5.80247
-106.66,-5.18326
-106.64,-4.5669
-106.62,-3.95303
-106.62,-3.3413
-106.62,-2.73136
-106.63,-2.12289
-106.62,-1.51555
-106.61,-0.90901
-106.6,-0.30295
-104.46,0.302949
-104.46,0.909006
-104.44,1.515545
-104.44,2.122888
-104.44,2.731362
-104.45,3.341297
-104.45,3.953028
-104.46,4.566898
-104.45,5.183259
-104.42,5.802471
-104.43,6.424907
-104.43,7.050952
-104.43,7.681006
-104.41,8.315488
-104.4,8.954834
-104.38,9.599501
-104.37,10.24997
-104.36,10.90676
-104.34,11.5704
-104.32,12.24148
-104.29,12.92059
-104.28,13.60841
-104.28,14.30563
-104.28,15.01303
-106.75,15.73141
-106.76,16.46168
-106.78,17.20481
-106.79,17.96188
-106.79,18.73404
-106.81,19.5226
-106.8,20.32899
-106.79,21.15481
-106.8,22.00185
-106.82,22.87213
-106.84,23.76793
-106.84,24.69184
-106.86,25.64687
-106.88,26.63647
-106.88,27.66467
-107.0,28.73624
-106.78,29.85687
-106.96,31.03341
-106.98,32.27427
-107.07,33.58996
-107.13,34.99383
-106.86,36.50335
-106.86,38.14207
-106.86,39.94304
-104.89,-39.943
-104.91,-38.1421
-104.93,-36.5034
-104.89,-34.9938
-105.02,-33.59
-105.0,-32.2743
-105.01,-31.0334
-105.01,-29.8569
-105.03,-28.7362
-104.99,-27.6647
-105.0,-26.6365
-105.01,-25.6469
-105.01,-24.6918
-105.02,-23.7679
-105.01,-22.8721
-105.01,-22.0019
-105.01,-21.1548
-105.01,-20.329
-104.99,-19.5226
-105.0,-18.734
-104.99,-17.9619
-104.98,-17.2048
-104.98,-16.4617
-104.98,-15.7314
-107.41,-15.013
-107.38,-14.3056
-107.35,-13.6084
-107.32,-12.9206
-107.3,-12.2415
-107.29,-11.5704
-107.26,-10.9068
-107.24,-10.25
-107.23,-9.5995
-107.23,-8.95483
-107.22,-8.31549
-107.2,-7.68101
-107.19,-7.05095
-107.18,-6.42491
-107.17,-5.80247
-107.17,-5.18326
-107.15,-4.5669
-107.13,-3.95303
-107.13,-3.3413
-107.13,-2.73136
-107.14,-2.12289
-107.13,-1.51555
-107.12,-0.90901
-107.11,-0.30295
-104.97,0.302949
-104.97,0.909006
-104.95,1.515545
-104.95,2.122888
-104.95,2.731362
-104.96,3.341297
-104.96,3.953028
-104.97,4.566898
-104.96,5.183259
-104.93,5.802471
-104.94,6.424907
-104.94,7.050952
-104.94,7.681006
-104.92,8.315488
-104.91,8.954834
-104.89,9.599501
-104.88,10.24997
-104.87,10.90676
-104.85,11.5704
-104.83,12.24148
-104.8,12.92059
-104.79,13.60841
-104.79,14.30563
-104.79,15.01303
-107.26,15.73141
-107.27,16.46168
-107.29,17.20481
-107.3,17.96188
-107.3,18.73404
-107.32,19.5226
-107.31,20.32899
-107.3,21.15481
-107.31,22.00185
-107.33,22.87213
-107.35,23.76793
-107.35,24.69184
-107.37,25.64687
-107.39,26.63647
-107.39,27.66467
-107.51,28.73624
-107.29,29.85687
-107.47,31.03341
-107.49,32.27427
-107.58,33.58996
-107.64,34.99383
-107.37,36.50335
-107.37,38.14207
-107.37,39.94304
-105.41,-39.943
-105.43,-38.1421
-105.45,-36.5034
-105.41,-34.9938
-105.54,-33.59
-105.52,-32.2743
-105.53,-31.0334
-105.53,-29.8569
-105.55,-28.7362
-105.51,-27.6647
-105.52,-26.6365
-105.53,-25.6469
-105.53,-24.6918
-105.54,-23.7679
-105.53,-22.8721
-105.53,-22.0019
-105.53,-21.1548
-105.53,-20.329
-105.51,-19.5226
-105.52,-18.734
-105.51,-17.9619
-105.5,-17.2048
-105.5,-16.4617
-105.5,-15.7314
-107.93,-15.013
-107.9,-14.3056
-107.87,-13.6084
-107.84,-12.9206
-107.82,-12.2415
-107.81,-11.5704
-107.78,-10.9068
-107.76,-10.25
-107.75,-9.5995
-107.75,-8.95483
-107.74,-8.31549
-107.72,-7.68101
-107.71,-7.05095
-107.7,-6.42491
-107.69,-5.80247
-107.69,-5.18326
-107.67,-4.5669
-107.65,-3.95303
-107.65,-3.3413
-107.65,-2.73136
-107.66,-2.12289
-107.65,-1.51555
-107.64,-0.90901
-107.63,-0.30295
-105.49,0.302949
-105.49,0.909006
-105.47,1.515545
-105.47,2.122888
-105.47,2.731362
-105.48,3.341297
-105.48,3.953028
-105.49,4.566898
-105.48,5.183259
-105.45,5.802471
-105.46,6.424907
-105.46,7.050952
-105.46,7.681006
-105.44,8.315488
-105.43,8.954834
-105.41,9.599501
-105.4,10.24997
-105.39,10.90676
-105.37,11.5704
-105.35,12.24148
-105.32,12.92059
-105.31,13.60841
-105.31,14.30563
-105.31,15.01303
-107.78,15.73141
-107.79,16.46168
-107.81,17.20481
-107.82,17.96188
-107.82,18.73404
-107.84,19.5226
-107.83,20.32899
-107.82,21.15481
-107.83,22.00185
-107.85,22.87213
-107.87,23.76793
-107.87,24.69184
-107.89,25.64687
-107.91,26.63647
-107.91,27.66467
-108.03,28.73624
-107.81,29.85687
-107.99,31.03341
-108.01,32.27427
-108.1,33.58996
-108.16,34.99383
-107.89,36.50335
-107.89,38.14207
-107.89,39.94304
-105.93,-39.943
-105.95,-38.1421
-105.97,-36.5034
-105.93,-34.9938
-106.06,-33.59
-106.04,-32.2743
-106.05,-31.0334
-106.05,-29.8569
-106.07,-28.7362
-106.03,-27.6647
-106.04,-26.6365
-106.05,-25.6469
-106.05,-24.6918
-106.06,-23.7679
-106.05,-22.8721
-106.05,-22.0019
-106.05,-21.1548
-106.05,-20.329
-106.03,-19.5226
-106.04,-18.734
-106.03,-17.9619
-106.02,-17.2048
-106.02,-16.4617
-106.02,-15.7314
-108.45,-15.013
-108.42,-14.3056
-108.39,-13.6084
-108.36,-12.9206
-108.34,-12.2415
-108.33,-11.5704
-108.3,-10.9068
-108.28,-10.25
-108.27,-9.5995
-108.27,-8.95483
-108.26,-8.31549
-108.24,-7.68101
-108.23,-7.05095
-108.22,-6.42491
-108.21,-5.80247
-108.21,-5.18326
-108.19,-4.5669
-108.17,-3.95303
-108.17,-3.3413
-108.17,-2.73136
-108.18,-2.12289
-108.17,-1.51555
-108.16,-0.90901
-108.15,-0.30295
-106.01,0.302949
-106.01,0.909006
-105.99,1.515545
-105.99,2.122888
-105.99,2.731362
-106.0,3.341297
-106.0,3.953028
-106.01,4.566898
-106.0,5.183259
-105.97,5.802471
-105.98,6.424907
-105.98,7.050952
-105.98,7.681006
-105.96,8.315488
-105.95,8.954834
-105.93,9.599501
-105.92,10.24997
-105.91,10.90676
-105.89,11.5704
-105.87,12.24148
-105.84,12.92059
-105.83,13.60841
-105.83,14.30563
-105.83,15.01303
-108.3,15.73141
-108.31,16.46168
-108.33,17.20481
-108.34,17.96188
-108.34,18.73404
-108.36,19.5226
-108.35,20.32899
-108.34,21.15481
-108.35,22.00185
-108.37,22.87213
-108.39,23.76793
-108.39,24.69184
-108.41,25.64687
-108.43,26.63647
-108.43,27.66467
-108.55,28.73624
-108.33,29.85687
-108.51,31.03341
-108.53,32.27427
-108.62,33.58996
-108.68,34.99383
-108.41,36.50335
-108.41,38.14207
-108.41,39.94304
-106.44,-39.943
-106.46,-38.1421
-106.48,-36.5034
-106.44,-34.9938
-106.57,-33.59
-106.55,-32.2743
-106.56,-31.0334
-106.56,-29.8569
-106.58,-28.7362
-106.54,-27.6647
-106.55,-26.6365
-106.56,-25.6469
-106.56,-24.6918
-106.57,-23.7679
-106.56,-22.8721
-106.56,-22.0019
-106.56,-21.1548
-106.56,-20.329
-106.54,-19.5226
-106.55,-18.734
-106.54,-17.9619
-106.53,-17.2048
-106.53,-16.4617
-106.53,-15.7314
-108.96,-15.013
-108.93,-14.3056
-108.9,-13.6084
-108.87,-12.9206
-108.85,-12.2415
-108.84,-11.5704
-108.81,-10.9068
-108.79,-10.25
-108.78,-9.5995
-108.78,-8.95483
-108.77,-8.31549
-108.75,-7.68101
-108.74,-7.05095
-108.73,-6.42491
-108.72,-5.80247
-108.72,-5.18326
-108.7,-4.5669
-108.68,-3.95303
-108.68,-3.3413
-108.68,-2.73136
-108.69,-2.12289
-108.68,-1.51555
-108.67,-0.90901
-108.66,-0.30295
-106.52,0.302949
-106.52,0.909006
-106.5,1.515545
-106.5,2.122888
-106.5,2.731362
-106.51,3.341297
-106.51,3.953028
-106.52,4.566898
-106.51,5.183259
-106.48,5.802471
-106.49,6.424907
-106.49,7.050952
-106.49,7.681006
-106.47,8.315488
-106.46,8.954834
-106.44,9.599501
-106.43,10.24997
-106.42,10.90676
-106.4,11.5704
-106.38,12.24148
-106.35,12.92059
-106.34,13.60841
-106.34,14.30563
-106.34,15.01303
-108.81,15.73141
-108.82,16.46168
-108.84,17.20481
-108.85,17.96188
-108.85,18.73404
-108.87,19.5226
-108.86,20.32899
-108.85,21.15481
-108.86,22.00185
-108.88,22.87213
-108.9,23.76793
-108.9,24.69184
-108.92,25.64687
-108.94,26.63647
-108.94,27.66467
-109.06,28.73624
-108.84,29.85687
-109.02,31.03341
-109.04,32.27427
-109.13,33.58996
-109.19,34.99383
-108.92,36.50335
-108.92,38.14207
-108.92,39.94304
-106.96,-39.943
-106.98,-38.1421
-107.0,-36.5034
-106.96,-34.9938
-107.09,-33.59
-107.07,-32.2743
-107.08,-31.0334
-107.08,-29.8569
-107.1,-28.7362
-107.06,-27.6647
-107.07,-26.6365
-107.08,-25.6469
-107.08,-24.6918
-107.09,-23.7679
-107.08,-22.8721
-107.08,-22.0019
-107.08,-21.1548
-107.08,-20.329
-107.06,-19.5226
-107.07,-18.734
-107.06,-17.9619
-107.05,-17.2048
-107.05,-16.4617
-107.05,-15.7314
-109.48,-15.013
-109.45,-14.3056
-109.42,-13.6084
-109.39,-12.9206
-109.37,-12.2415
-109.36,-11.5704
-109.33,-10.9068
-109.31,-10.25
-109.3,-9.5995
-109.3,-8.95483
-109.29,-8.31549
-109.27,-7.68101
-109.26,-7.05095
-109.25,-6.42491
-109.24,-5.80247
-109.24,-5.18326
-109.22,-4.5669
-109.2,-3.95303
-109.2,-3.3413
-109.2,-2.73136
-109.21,-2.12289
-109.2,-1.51555
-109.19,-0.90901
-109.18,-0.30295
-107.04,0.302949
-107.04,0.909006
-107.02,1.515545
-107.02,2.122888
-107.02,2.731362
-107.03,3.341297
-107.03,3.953028
-107.04,4.566898
-107.03,5.183259
-107.0,5.802471
-107.01,6.424907
-107.01,7.050952
-107.01,7.681006
-106.99,8.315488
-106.98,8.954834
-106.96,9.599501
-106.95,10.24997
-106.94,10.90676
-106.92,11.5704
-106.9,12.24148
-106.87,12.92059
-106.86,13.60841
-106.86,14.30563
-106.86,15.01303
-109.33,15.73141
-109.34,16.46168
-109.36,17.20481
-109.37,17.96188
-109.37,18.73404
-109.39,19.5226
-109.38,20.32899
-109.37,21.15481
-109.38,22.00185
-109.4,22.87213
-109.42,23.76793
-109.42,24.69184
-109.44,25.64687
-109.46,26.63647
-109.46,27.66467
-109.58,28.73624
-109.36,29.85687
-109.54,31.03341
-109.56,32.27427
-109.65,33.58996
-109.71,34.99383
-109.44,36.50335
-109.44,38.14207
-109.44,39.94304
-107.47,-39.943
-107.49,-38.1421
-107.51,-36.5034
-107.47,-34.9938
-107.6,-33.59
-107.58,-32.2743
-107.59,-31.0334
-107.59,-29.8569
-107.61,-28.7362
-107.57,-27.6647
-107.58,-26.6365
-107.59,-25.6469
-107.59,-24.6918
-107.6,-23.7679
-107.59,-22.8721
-107.59,-22.0019
-107.59,-21.1548
-107.59,-20.329
-107.57,-19.5226
-107.58,-18.734
-107.57,-17.9619
-107.56,-17.2048
-107.56,-16.4617
-107.56,-15.7314
-109.99,-15.013
-109.96,-14.3056
-109.93,-13.6084
-109.9,-12.9206
-109.88,-12.2415
-109.87,-11.5704
-109.84,-10.9068
-109.82,-10.25
-109.81,-9.5995
-109.81,-8.95483
-109.8,-8.31549
-109.78,-7.68101
-109.77,-7.05095
-109.76,-6.42491
-109.75,-5.80247
-109.75,-5.18326
-109.73,-4.5669
-109.71,-3.95303
-109.71,-3.3413
-109.71,-2.73136
-109.72,-2.12289
-109.71,-1.51555
-109.7,-0.90901
-109.69,-0.30295
-107.55,0.302949
-107.55,0.909006
-107.53,1.515545
-107.53,2.122888
-107.53,2.731362
-107.54,3.341297
-107.54,3.953028
-107.55,4.566898
-107.54,5.183259
-107.51,5.802471
-107.52,6.424907
-107.52,7.050952
-107.52,7.681006
-107.5,8.315488
-107.49,8.954834
-107.47,9.599501
-107.46,10.24997
-107.45,10.90676
-107.43,11.5704
-107.41,12.24148
-107.38,12.92059
-107.37,13.60841
-107.37,14.30563
-107.37,15.01303
-109.84,15.73141
-109.85,16.46168
-109.87,17.20481
-109.88,17.96188
-109.88,18.73404
-109.9,19.5226
-109.89,20.32899
-109.88,21.15481
-109.89,22.00185
-109.91,22.87213
-109.93,23.76793
-109.93,24.69184
-109.95,25.64687
-109.97,26.63647
-109.97,27.66467
-110.09,28.73624
-109.87,29.85687
-110.05,31.03341
-110.07,32.27427
-110.16,33.58996
-110.22,34.99383
-109.95,36.50335
-109.95,38.14207
-109.95,39.94304
-107.99,-39.943
-108.01,-38.1421
-108.03,-36.5034
-107.99,-34.9938
-108.12,-33.59
-108.1,-32.2743
-108.11,-31.0334
-108.11,-29.8569
-108.13,-28.7362
-108.09,-27.6647
-108.1,-26.6365
-108.11,-25.6469
-108.11,-24.6918
-108.12,-23.7679
-108.11,-22.8721
-108.11,-22.0019
-108.11,-21.1548
-108.11,-20.329
-108.09,-19.5226
-108.1,-18.734
-108.09,-17.9619
-108.08,-17.2048
-108.08,-16.4617
-108.08,-15.7314
-110.51,-15.013
-110.48,-14.3056
-110.45,-13.6084
-110.42,-12.9206
-110.4,-12.2415
-110.39,-11.5704
-110.36,-10.9068
-110.34,-10.25
-110.33,-9.5995
-110.33,-8.95483
-110.32,-8.31549
-110.3,-7.68101
-110.29,-7.05095
-110.28,-6.42491
-110.27,-5.80247
-110.27,-5.18326
-110.25,-4.5669
-110.23,-3.95303
-110.23,-3.3413
-110.23,-2.73136
-110.24,-2.12289
-110.23,-1.51555
-110.22,-0.90901
-110.21,-0.30295
-108.07,0.302949
-108.07,0.909006
-108.05,1.515545
-108.05,2.122888
-108.05,2.731362
-108.06,3.341297
-108.06,3.953028
-108.07,4.566898
-108.06,5.183259
-108.03,5.802471
-108.04,6.424907
-108.04,7.050952
-108.04,7.681006
-108.02,8.315488
-108.01,8.954834
-107.99,9.599501
-107.98,10.24997
-107.97,10.90676
-107.95,11.5704
-107.93,12.24148
-107.9,12.92059
-107.89,13.60841
-107.89,14.30563
-107.89,15.01303
-110.36,15.73141
-110.37,16.46168
-110.39,17.20481
-110.4,17.96188
-110.4,18.73404
-110.42,19.5226
-110.41,20.32899
-110.4,21.15481
-110.41,22.00185
-110.43,22.87213
-110.45,23.76793
-110.45,24.69184
-110.47,25.64687
-110.49,26.63647
-110.49,27.66467
-110.61,28.73624
-110.39,29.85687
-110.57,31.03341
-110.59,32.27427
-110.68,33.58996
-110.74,34.99383
-110.47,36.50335
-110.47,38.14207
-110.47,39.94304
-108.51,-39.943
-108.53,-38.1421
-108.55,-36.5034
-108.51,-34.9938
-108.64,-33.59
-108.62,-32.2743
-108.63,-31.0334
-108.63,-29.8569
-108.65,-28.7362
-108.61,-27.6647
-108.62,-26.6365
-108.63,-25.6469
-108.63,-24.6918
-108.64,-23.7679
-108.63,-22.8721
-108.63,-22.0019
-108.63,-21.1548
-108.63,-20.329
-108.61,-19.5226
-108.62,-18.734
-108.61,-17.9619
-108.6,-17.2048
-108.6,-16.4617
-108.6,-15.7314
-111.03,-15.013
-111.0,-14.3056
-110.97,-13.6084
-110.94,-12.9206
-110.92,-12.2415
-110.91,-11.5704
-110.88,-10.9068
-110.86,-10.25
-110.85,-9.5995
-110.85,-8.95483
-110.84,-8.31549
-110.82,-7.68101
-110.81,-7.05095
-110.8,-6.42491
-110.79,-5.80247
-110.79,-5.18326
-110.77,-4.5669
-110.75,-3.95303
-110.75,-3.3413
-110.75,-2.73136
-110.76,-2.12289
-110.75,-1.51555
-110.74,-0.90901
-110.73,-0.30295
-108.59,0.302949
-108.59,0.909006
-108.57,1.515545
-108.57,2.122888
-108.57,2.731362
-108.58,3.341297
-108.58,3.953028
-108.59,4.566898
-108.58,5.183259
-108.55,5.802471
-108.56,6.424907
-108.56,7.050952
-108.56,7.681006
-108.54,8.315488
-108.53,8.954834
-108.51,9.599501
-108.5,10.24997
-108.49,10.90676
-108.47,11.5704
-108.45,12.24148
-108.42,12.92059
-108.41,13.60841
-108.41,14.30563
-108.41,15.01303
-110.88,15.73141
-110.89,16.46168
-110.91,17.20481
-110.92,17.96188
-110.92,18.73404
-110.94,19.5226
-110.93,20.32899
-110.92,21.15481
-110.93,22.00185
-110.95,22.87213
-110.97,23.76793
-110.97,24.69184
-110.99,25.64687
-111.01,26.63647
-111.01,27.66467
-111.13,28.73624
-110.91,29.85687
-111.09,31.03341
-111.11,32.27427
-111.2,33.58996
-111.26,34.99383
-110.99,36.50335
-110.99,38.14207
-110.99,39.94304
-109.02,-39.943
-109.04,-38.1421
-109.06,-36.5034
-109.02,-34.9938
-109.15,-33.59
-109.13,-32.2743
-109.14,-31.0334
-109.14,-29.8569
-109.16,-28.7362
-109.12,-27.6647
-109.13,-26.6365
-109.14,-25.6469
-109.14,-24.6918
-109.15,-23.7679
-109.14,-22.8721
-109.14,-22.0019
-109.14,-21.1548
-109.14,-20.329
-109.12,-19.5226
-109.13,-18.734
-109.12,-17.9619
-109.11,-17.2048
-109.11,-16.4617
-109.11,-15.7314
-111.54,-15.013
-111.51,-14.3056
-111.48,-13.6084
-111.45,-12.9206
-111.43,-12.2415
-111.42,-11.5704
-111.39,-10.9068
-111.37,-10.25
-111.36,-9.5995
-111.36,-8.95483
-111.35,-8.31549
-111.33,-7.68101
-111.32,-7.05095
-111.31,-6.42491
-111.3,-5.80247
-111.3,-5.18326
-111.28,-4.5669
-111.26,-3.95303
-111.26,-3.3413
-111.26,-2.73136
-111.27,-2.12289
-111.26,-1.51555
-111.25,-0.90901
-111.24,-0.30295
-109.1,0.302949
-109.1,0.909006
-109.08,1.515545
-109.08,2.122888
-109.08,2.731362
-109.09,3.341297
-109.09,3.953028
-109.1,4.566898
-109.09,5.183259
-109.06,5.802471
-109.07,6.424907
-109.07,7.050952
-109.07,7.681006
-109.05,8.315488
-109.04,8.954834
-109.02,9.599501
-109.01,10.24997
-109.0,10.90676
-108.98,11.5704
-108.96,12.24148
-108.93,12.92059
-108.92,13.60841
-108.92,14.30563
-108.92,15.01303
-111.39,15.73141
-111.4,16.46168
-111.42,17.20481
-111.43,17.96188
-111.43,18.73404
-111.45,19.5226
-111.44,20.32899
-111.43,21.15481
-111.44,22.00185
-111.46,22.87213
-111.48,23.76793
-111.48,24.69184
-111.5,25.64687
-111.52,26.63647
-111.52,27.66467
-111.64,28.73624
-111.42,29.85687
-111.6,31.03341
-111.62,32.27427
-111.71,33.58996
-111.77,34.99383
-111.5,36.50335
-111.5,38.14207
-111.5,39.94304
-109.54,-39.943
-109.56,-38.1421
-109.58,-36.5034
-109.54,-34.9938
-109.67,-33.59
-109.65,-32.2743
-109.66,-31.0334
-109.66,-29.8569
-109.68,-28.7362
-109.64,-27.6647
-109.65,-26.6365
-109.66,-25.6469
-109.66,-24.6918
-109.67,-23.7679
-109.66,-22.8721
-109.66,-22.0019
-109.66,-21.1548
-109.66,-20.329
-109.64,-19.5226
-109.65,-18.734
-109.64,-17.9619
-109.63,-17.2048
-109.63,-16.4617
-109.63,-15.7314
-112.06,-15.013
-112.03,-14.3056
-112.0,-13.6084
-111.97,-12.9206
-111.95,-12.2415
-111.94,-11.5704
-111.91,-10.9068
-111.89,-10.25
-111.88,-9.5995
-111.88,-8.95483
-111.87,-8.31549
-111.85,-7.68101
-111.84,-7.05095
-111.83,-6.42491
-111.82,-5.80247
-111.82,-5.18326
-111.8,-4.5669
-111.78,-3.95303
-111.78,-3.3413
-111.78,-2.73136
-111.79,-2.12289
-111.78,-1.51555
-111.77,-0.90901
-111.76,-0.30295
-109.62,0.302949
-109.62,0.909006
-109.6,1.515545
-109.6,2.122888
-109.6,2.731362
-109.61,3.341297
-109.61,3.953028
-109.62,4.566898
-109.61,5.183259
-109.58,5.802471
-109.59,6.424907
-109.59,7.050952
-109.59,7.681006
-109.57,8.315488
-109.56,8.954834
-109.54,9.599501
-109.53,10.24997
-109.52,10.90676
-109.5,11.5704
-109.48,12.24148
-109.45,12.92059
-109.44,13.60841
-109.44,14.30563
-109.44,15.01303
-111.91,15.73141
-111.92,16.46168
-111.94,17.20481
-111.95,17.96188
-111.95,18.73404
-111.97,19.5226
-111.96,20.32899
-111.95,21.15481
-111.96,22.00185
-111.98,22.87213
-112.0,23.76793
-112.0,24.69184
-112.02,25.64687
-112.04,26.63647
-112.04,27.66467
-112.16,28.73624
-111.94,29.85687
-112.12,31.03341
-112.14,32.27427
-112.23,33.58996
-112.29,34.99383
-112.02,36.50335
-112.02,38.14207
-112.02,39.94304
-110.05,-39.943
-110.07,-38.1421
-110.09,-36.5034
-110.05,-34.9938
-110.18,-33.59
-110.16,-32.2743
-110.17,-31.0334
-110.17,-29.8569
-110.19,-28.7362
-110.15,-27.6647
-110.16,-26.6365
-110.17,-25.6469
-110.17,-24.6918
-110.18,-23.7679
-110.17,-22.8721
-110.17,-22.0019
-110.17,-21.1548
-110.17,-20.329
-110.15,-19.5226
-110.16,-18.734
-110.15,-17.9619
-110.14,-17.2048
-110.14,-16.4617
-110.14,-15.7314
-112.57,-15.013
-112.54,-14.3056
-112.51,-13.6084
-112.48,-12.9206
-112.46,-12.2415
-112.45,-11.5704
-112.42,-10.9068
-112.4,-10.25
-112.39,-9.5995
-112.39,-8.95483
-112.38,-8.31549
-112.36,-7.68101
-112.35,-7.05095
-112.34,-6.42491
-112.33,-5.80247
-112.33,-5.18326
-112.31,-4.5669
-112.29,-3.95303
-112.29,-3.3413
-112.29,-2.73136
-112.3,-2.12289
-112.29,-1.51555
-112.28,-0.90901
-112.27,-0.30295
-110.13,0.302949
-110.13,0.909006
-110.11,1.515545
-110.11,2.122888
-110.11,2.731362
-110.12,3.341297
-110.12,3.953028
-110.13,4.566898
-110.12,5.183259
-110.09,5.802471
-110.1,6.424907
-110.1,7.050952
-110.1,7.681006
-110.08,8.315488
-110.07,8.954834
-110.05,9.599501
-110.04,10.24997
-110.03,10.90676
-110.01,11.5704
-109.99,12.24148
-109.96,12.92059
-109.95,13.60841
-109.95,14.30563
-109.95,15.01303
-112.42,15.73141
-112.43,16.46168
-112.45,17.20481
-112.46,17.96188
-112.46,18.73404
-112.48,19.5226
-112.47,20.32899
-112.46,21.15481
-112.47,22.00185
-112.49,22.87213
-112.51,23.76793
-112.51,24.69184
-112.53,25.64687
-112.55,26.63647
-112.55,27.66467
-112.67,28.73624
-112.45,29.85687
-112.63,31.03341
-112.65,32.27427
-112.74,33.58996
-112.8,34.99383
-112.53,36.50335
-112.53,38.14207
-112.53,39.94304
-110.57,-39.943
-110.59,-38.1421
-110.61,-36.5034
-110.57,-34.9938
-110.7,-33.59
-110.68,-32.2743
-110.69,-31.0334
-110.69,-29.8569
-110.71,-28.7362
-110.67,-27.6647
-110.68,-26.6365
-110.69,-25.6469
-110.69,-24.6918
-110.7,-23.7679
-110.69,-22.8721
-110.69,-22.0019
-110.69,-21.1548
-110.69,-20.329
-110.67,-19.5226
-110.68,-18.734
-110.67,-17.9619
-110.66,-17.2048
-110.66,-16.4617
-110.66,-15.7314
-113.09,-15.013
-113.06,-14.3056
-113.03,-13.6084
-113.0,-12.9206
-112.98,-12.2415
-112.97,-11.5704
-112.94,-10.9068
-112.92,-10.25
-112.91,-9.5995
-112.91,-8.95483
-112.9,-8.31549
-112.88,-7.68101
-112.87,-7.05095
-112.86,-6.42491
-112.85,-5.80247
-112.85,-5.18326
-112.83,-4.5669
-112.81,-3.95303
-112.81,-3.3413
-112.81,-2.73136
-112.82,-2.12289
-112.81,-1.51555
-112.8,-0.90901
-112.79,-0.30295
-110.65,0.302949
-110.65,0.909006
-110.63,1.515545
-110.63,2.122888
-110.63,2.731362
-110.64,3.341297
-110.64,3.953028
-110.65,4.566898
-110.64,5.183259
-110.61,5.802471
-110.62,6.424907
-110.62,7.050952
-110.62,7.681006
-110.6,8.315488
-110.59,8.954834
-110.57,9.599501
-110.56,10.24997
-110.55,10.90676
-110.53,11.5704
-110.51,12.24148
-110.48,12.92059
-110.47,13.60841
-110.47,14.30563
-110.47,15.01303
-112.94,15.73141
-112.95,16.46168
-112.97,17.20481
-112.98,17.96188
-112.98,18.73404
-113.0,19.5226
-112.99,20.32899
-112.98,21.15481
-112.99,22.00185
-113.01,22.87213
-113.03,23.76793
-113.03,24.69184
-113.05,25.64687
-113.07,26.63647
-113.07,27.66467
-113.19,28.73624
-112.97,29.85687
-113.15,31.03341
-113.17,32.27427
-113.26,33.58996
-113.32,34.99383
-113.05,36.50335
-113.05,38.14207
-113.05,39.94304
-111.09,-39.943
-111.11,-38.1421
-111.13,-36.5034
-111.09,-34.9938
-111.22,-33.59
-111.2,-32.2743
-111.21,-31.0334
-111.21,-29.8569
-111.23,-28.7362
-111.19,-27.6647
-111.2,-26.6365
-111.21,-25.6469
-111.21,-24.6918
-111.22,-23.7679
-111.21,-22.8721
-111.21,-22.0019
-111.21,-21.1548
-111.21,-20.329
-111.19,-19.5226
-111.2,-18.734
-111.19,-17.9619
-111.18,-17.2048
-111.18,-16.4617
-111.18,-15.7314
-113.61,-15.013
-113.58,-14.3056
-113.55,-13.6084
-113.52,-12.9206
-113.5,-12.2415
-113.49,-11.5704
-113.46,-10.9068
-113.44,-10.25
-113.43,-9.5995
-113.43,-8.95483
-113.42,-8.31549
-113.4,-7.68101
-113.39,-7.05095
-113.38,-6.42491
-113.37,-5.80247
-113.37,-5.18326
-113.35,-4.5669
-113.33,-3.95303
-113.33,-3.3413
-113.33,-2.73136
-113.34,-2.12289
-113.33,-1.51555
-113.32,-0.90901
-113.31,-0.30295
-111.17,0.302949
-111.17,0.909006
-111.15,1.515545
-111.15,2.122888
-111.15,2.731362
-111.16,3.341297
-111.16,3.953028
-111.17,4.566898
-111.16,5.183259
-111.13,5.802471
-111.14,6.424907
-111.14,7.050952
-111.14,7.681006
-111.12,8.315488
-111.11,8.954834
-111.09,9.599501
-111.08,10.24997
-111.07,10.90676
-111.05,11.5704
-111.03,12.24148
-111.0,12.92059
-110.99,13.60841
-110.99,14.30563
-110.99,15.01303
-113.46,15.73141
-113.47,16.46168
-113.49,17.20481
-113.5,17.96188
-113.5,18.73404
-113.52,19.5226
-113.51,20.32899
-113.5,21.15481
-113.51,22.00185
-113.53,22.87213
-113.55,23.76793
-113.55,24.69184
-113.57,25.64687
-113.59,26.63647
-113.59,27.66467
-113.71,28.73624
-113.49,29.85687
-113.67,31.03341
-113.69,32.27427
-113.78,33.58996
-113.84,34.99383
-113.57,36.50335
-113.57,38.14207
-113.57,39.94304
-111.6,-39.943
-111.62,-38.1421
-111.64,-36.5034
-111.6,-34.9938
-111.73,-33.59
-111.71,-32.2743
-111.72,-31.0334
-111.72,-29.8569
-111.74,-28.7362
-111.7,-27.6647
-111.71,-26.6365
-111.72,-25.6469
-111.72,-24.6918
-111.73,-23.7679
-111.72,-22.8721
-111.72,-22.0019
-111.72,-21.1548
-111.72,-20.329
-111.7,-19.5226
-111.71,-18.734
-111.7,-17.9619
-111.69,-17.2048
-111.69,-16.4617
-111.69,-15.7314
-114.12,-15.013
-114.09,-14.3056
-114.06,-13.6084
-114.03,-12.9206
-114.01,-12.2415
-114.0,-11.5704
-113.97,-10.9068
-113.95,-10.25
-113.94,-9.5995
-113.94,-8.95483
-113.93,-8.31549
-113.91,-7.68101
-113.9,-7.05095
-113.89,-6.42491
-113.88,-5.80247
-113.88,-5.18326
-113.86,-4.5669
-113.84,-3.95303
-113.84,-3.3413
-113.84,-2.73136
-113.85,-2.12289
-113.84,-1.51555
-113.83,-0.90901
-113.82,-0.30295
-111.68,0.302949
-111.68,0.909006
-111.66,1.515545
-111.66,2.122888
-111.66,2.731362
-111.67,3.341297
-111.67,3.953028
-111.68,4.566898
-111.67,5.183259
-111.64,5.802471
-111.65,6.424907
-111.65,7.050952
-111.65,7.681006
-111.63,8.315488
-111.62,8.954834
-111.6,9.599501
-111.59,10.24997
-111.58,10.90676
-111.56,11.5704
-111.54,12.24148
-111.51,12.92059
-111.5,13.60841
-111.5,14.30563
-111.5,15.01303
-113.97,15.73141
-113.98,16.46168
-114.0,17.20481
-114.01,17.96188
-114.01,18.73404
-114.03,19.5226
-114.02,20.32899
-114.01,21.15481
-114.02,22.00185
-114.04,22.87213
-114.06,23.76793
-114.06,24.69184
-114.08,25.64687
-114.1,26.63647
-114.1,27.66467
-114.22,28.73624
-114.0,29.85687
-114.18,31.03341
-114.2,32.27427
-114.29,33.58996
-114.35,34.99383
-114.08,36.50335
-114.08,38.14207
-114.08,39.94304
-112.12,-39.943
-112.14,-38.1421
-112.16,-36.5034
-112.12,-34.9938
-112.25,-33.59
-112.23,-32.2743
-112.24,-31.0334
-112.24,-29.8569
-112.26,-28.7362
-112.22,-27.6647
-112.23,-26.6365
-112.24,-25.6469
-112.24,-24.6918
-112.25,-23.7679
-112.24,-22.8721
-112.24,-22.0019
-112.24,-21.1548
-112.24,-20.329
-112.22,-19.5226
-112.23,-18.734
-112.22,-17.9619
-112.21,-17.2048
-112.21,-16.4617
-112.21,-15.7314
-114.64,-15.013
-114.61,-14.3056
-114.58,-13.6084
-114.55,-12.9206
-114.53,-12.2415
-114.52,-11.5704
-114.49,-10.9068
-114.47,-10.25
-114.46,-9.5995
-114.46,-8.95483
-114.45,-8.31549
-114.43,-7.68101
-114.42,-7.05095
-114.41,-6.42491
-114.4,-5.80247
-114.4,-5.18326
-114.38,-4.5669
-114.36,-3.95303
-114.36,-3.3413
-114.36,-2.73136
-114.37,-2.12289
-114.36,-1.51555
-114.35,-0.90901
-114.34,-0.30295
-112.2,0.302949
-112.2,0.909006
-112.18,1.515545
-112.18,2.122888
-112.18,2.731362
-112.19,3.341297
-112.19,3.953028
-112.2,4.566898
-112.19,5.183259
-112.16,5.802471
-112.17,6.424907
-112.17,7.050952
-112.17,7.681006
-112.15,8.315488
-112.14,8.954834
-112.12,9.599501
-112.11,10.24997
-112.1,10.90676
-112.08,11.5704
-112.06,12.24148
-112.03,12.92059
-112.02,13.60841
-112.02,14.30563
-112.02,15.01303
-114.49,15.73141
-114.5,16.46168
-114.52,17.20481
-114.53,17.96188
-114.53,18.73404
-114.55,19.5226
-114.54,20.32899
-114.53,21.15481
-114.54,22.00185
-114.56,22.87213
-114.58,23.76793
-114.58,24.69184
-114.6,25.64687
-114.62,26.63647
-114.62,27.66467
-114.74,28.73624
-114.52,29.85687
-114.7,31.03341
-114.72,32.27427
-114.81,33.58996
-114.87,34.99383
-114.6,36.50335
-114.6,38.14207
-114.6,39.94304
-112.64,-39.943
-112.66,-38.1421
-112.68,-36.5034
-112.64,-34.9938
-112.77,-33.59
-112.75,-32.2743
-112.76,-31.0334
-112.76,-29.8569
-112.78,-28.7362
-112.74,-27.6647
-112.75,-26.6365
-112.76,-25.6469
-112.76,-24.6918
-112.77,-23.7679
-112.76,-22.8721
-112.76,-22.0019
-112.76,-21.1548
-112.76,-20.329
-112.74,-19.5226
-112.75,-18.734
-112.74,-17.9619
-112.73,-17.2048
-112.73,-16.4617
-112.73,-15.7314
-115.16,-15.013
-115.13,-14.3056
-115.1,-13.6084
-115.07,-12.9206
-115.05,-12.2415
-115.04,-11.5704
-115.01,-10.9068
-114.99,-10.25
-114.98,-9.5995
-114.98,-8.95483
-114.97,-8.31549
-114.95,-7.68101
-114.94,-7.05095
-114.93,-6.42491
-114.92,-5.80247
-114.92,-5.18326
-114.9,-4.5669
-114.88,-3.95303
-114.88,-3.3413
-114.88,-2.73136
-114.89,-2.12289
-114.88,-1.51555
-114.87,-0.90901
-114.86,-0.30295
-112.72,0.302949
-112.72,0.909006
-112.7,1.515545
-112.7,2.122888
-112.7,2.731362
-112.71,3.341297
-112.71,3.953028
-112.72,4.566898
-112.71,5.183259
-112.68,5.802471
-112.69,6.424907
-112.69,7.050952
-112.69,7.681006
-112.67,8.315488
-112.66,8.954834
-112.64,9.599501
-112.63,10.24997
-112.62,10.90676
-112.6,11.5704
-112.58,12.24148
-112.55,12.92059
-112.54,13.60841
-112.54,14.30563
-112.54,15.01303
-115.01,15.73141
-115.02,16.46168
-115.04,17.20481
-115.05,17.96188
-115.05,18.73404
-115.07,19.5226
-115.06,20.32899
-115.05,21.15481
-115.06,22.00185
-115.08,22.87213
-115.1,23.76793
-115.1,24.69184
-115.12,25.64687
-115.14,26.63647
-115.14,27.66467
-115.26,28.73624
-115.04,29.85687
-115.22,31.03341
-115.24,32.27427
-115.33,33.58996
-115.39,34.99383
-115.12,36.50335
-115.12,38.14207
-115.12,39.94304
-113.15,-39.943
-113.17,-38.1421
-113.19,-36.5034
-113.15,-34.9938
-113.28,-33.59
-113.26,-32.2743
-113.27,-31.0334
-113.27,-29.8569
-113.29,-28.7362
-113.25,-27.6647
-113.26,-26.6365
-113.27,-25.6469
-113.27,-24.6918
-113.28,-23.7679
-113.27,-22.8721
-113.27,-22.0019
-113.27,-21.1548
-113.27,-20.329
-113.25,-19.5226
-113.26,-18.734
-113.25,-17.9619
-113.24,-17.2048
-113.24,-16.4617
-113.24,-15.7314
-115.67,-15.013
-115.64,-14.3056
-115.61,-13.6084
-115.58,-12.9206
-115.56,-12.2415
-115.55,-11.5704
-115.52,-10.9068
-115.5,-10.25
-115.49,-9.5995
-115.49,-8.95483
-115.48,-8.31549
-115.46,-7.68101
-115.45,-7.05095
-115.44,-6.42491
-115.43,-5.80247
-115.43,-5.18326
-115.41,-4.5669
-115.39,-3.95303
-115.39,-3.3413
-115.39,-2.73136
-115.4,-2.12289
-115.39,-1.51555
-115.38,-0.90901
-115.37,-0.30295
-113.23,0.302949
-113.23,0.909006
-113.21,1.515545
-113.21,2.122888
-113.21,2.731362
-113.22,3.341297
-113.22,3.953028
-113.23,4.566898
-113.22,5.183259
-113.19,5.802471
-113.2,6.424907
-113.2,7.050952
-113.2,7.681006
-113.18,8.315488
-113.17,8.954834
-113.15,9.599501
-113.14,10.24997
-113.13,10.90676
-113.11,11.5704
-113.09,12.24148
-113.06,12.92059
-113.05,13.60841
-113.05,14.30563
-113.05,15.01303
-115.52,15.73141
-115.53,16.46168
-115.55,17.20481
-115.56,17.96188
-115.56,18.73404
-115.58,19.5226
-115.57,20.32899
-115.56,21.15481
-115.57,22.00185
-115.59,22.87213
-115.61,23.76793
-115.61,24.69184
-115.63,25.64687
-115.65,26.63647
-115.65,27.66467
-115.77,28.73624
-115.55,29.85687
-115.73,31.03341
-115.75,32.27427
-115.84,33.58996
-115.9,34.99383
-115.63,36.50335
-115.63,38.14207
-115.63,39.94304
-113.67,-39.943
-113.69,-38.1421
-113.71,-36.5034
-113.67,-34.9938
-113.8,-33.59
-113.78,-32.2743
-113.79,-31.0334
-113.79,-29.8569
-113.81,-28.7362
-113.77,-27.6647
-113.78,-26.6365
-113.79,-25.6469
-113.79,-24.6918
-113.8,-23.7679
-113.79,-22.8721
-113.79,-22.0019
-113.79,-21.1548
-113.79,-20.329
-113.77,-19.5226
-113.78,-18.734
-113.77,-17.9619
-113.76,-17.2048
-113.76,-16.4617
-113.76,-15.7314
-116.19,-15.013
-116.16,-14.3056
-116.13,-13.6084
-116.1,-12.9206
-116.08,-12.2415
-116.07,-11.5704
-116.04,-10.9068
-116.02,-10.25
-116.01,-9.5995
-116.01,-8.95483
-116.0,-8.31549
-115.98,-7.68101
-115.97,-7.05095
-115.96,-6.42491
-115.95,-5.80247
-115.95,-5.18326
-115.93,-4.5669
-115.91,-3.95303
-115.91,-3.3413
-115.91,-2.73136
-115.92,-2.12289
-115.91,-1.51555
-115.9,-0.90901
-115.89,-0.30295
-113.75,0.302949
-113.75,0.909006
-113.73,1.515545
-113.73,2.122888
-113.73,2.731362
-113.74,3.341297
-113.74,3.953028
-113.75,4.566898
-113.74,5.183259
-113.71,5.802471
-113.72,6.424907
-113.72,7.050952
-113.72,7.681006
-113.7,8.315488
-113.69,8.954834
-113.67,9.599501
-113.66,10.24997
-113.65,10.90676
-113.63,11.5704
-113.61,12.24148
-113.58,12.92059
-113.57,13.60841
-113.57,14.30563
-113.57,15.01303
-116.04,15.73141
-116.05,16.46168
-116.07,17.20481
-116.08,17.96188
-116.08,18.73404
-116.1,19.5226
-116.09,20.32899
-116.08,21.15481
-116.09,22.00185
-116.11,22.87213
-116.13,23.76793
-116.13,24.69184
-116.15,25.64687
-116.17,26.63647
-116.17,27.66467
-116.29,28.73624
-116.07,29.85687
-116.25,31.03341
-116.27,32.27427
-116.36,33.58996
-116.42,34.99383
-116.15,36.50335
-116.15,38.14207
-116.15,39.94304
-114.18,-39.943
-114.2,-38.1421
-114.22,-36.5034
-114.18,-34.9938
-114.31,-33.59
-114.29,-32.2743
-114.3,-31.0334
-114.3,-29.8569
-114.32,-28.7362
-114.28,-27.6647
-114.29,-26.6365
-114.3,-25.6469
-114.3,-24.6918
-114.31,-23.7679
-114.3,-22.8721
-114.3,-22.0019
-114.3,-21.1548
-114.3,-20.329
-114.28,-19.5226
-114.29,-18.734
-114.28,-17.9619
-114.27,-17.2048
-114.27,-16.4617
-114.27,-15.7314
-116.7,-15.013
-116.67,-14.3056
-116.64,-13.6084
-116.61,-12.9206
-116.59,-12.2415
-116.58,-11.5704
-116.55,-10.9068
-116.53,-10.25
-116.52,-9.5995
-116.52,-8.95483
-116.51,-8.31549
-116.49,-7.68101
-116.48,-7.05095
-116.47,-6.42491
-116.46,-5.80247
-116.46,-5.18326
-116.44,-4.5669
-116.42,-3.95303
-116.42,-3.3413
-116.42,-2.73136
-116.43,-2.12289
-116.42,-1.51555
-116.41,-0.90901
-116.4,-0.30295
-114.26,0.302949
-114.26,0.909006
-114.24,1.515545
-114.24,2.122888
-114.24,2.731362
-114.25,3.341297
-114.25,3.953028
-114.26,4.566898
-114.25,5.183259
-114.22,5.802471
-114.23,6.424907
-114.23,7.050952
-114.23,7.681006
-114.21,8.315488
-114.2,8.954834
-114.18,9.599501
-114.17,10.24997
-114.16,10.90676
-114.14,11.5704
-114.12,12.24148
-114.09,12.92059
-114.08,13.60841
-114.08,14.30563
-114.08,15.01303
-116.55,15.73141
-116.56,16.46168
-116.58,17.20481
-116.59,17.96188
-116.59,18.73404
-116.61,19.5226
-116.6,20.32899
-116.59,21.15481
-116.6,22.00185
-116.62,22.87213
-116.64,23.76793
-116.64,24.69184
-116.66,25.64687
-116.68,26.63647
-116.68,27.66467
-116.8,28.73624
-116.58,29.85687
-116.76,31.03341
-116.78,32.27427
-116.87,33.58996
-116.93,34.99383
-116.66,36.50335
-116.66,38.14207
-116.66,39.94304
-114.7,-39.943
-114.72,-38.1421
-114.74,-36.5034
-114.7,-34.9938
-114.83,-33.59
-114.81,-32.2743
-114.82,-31.0334
-114.82,-29.8569
-114.84,-28.7362
-114.8,-27.6647
-114.81,-26.6365
-114.82,-25.6469
-114.82,-24.6918
-114.83,-23.7679
-114.82,-22.8721
-114.82,-22.0019
-114.82,-21.1548
-114.82,-20.329
-114.8,-19.5226
-114.81,-18.734
-114.8,-17.9619
-114.79,-17.2048
-114.79,-16.4617
-114.79,-15.7314
-117.22,-15.013
-117.19,-14.3056
-117.16,-13.6084
-117.13,-12.9206
-117.11,-12.2415
-117.1,-11.5704
-117.07,-10.9068
-117.05,-10.25
-117.04,-9.5995
-117.04,-8.95483
-117.03,-8.31549
-117.01,-7.68101
-117.0,-7.05095
-116.99,-6.42491
-116.98,-5.80247
-116.98,-5.18326
-116.96,-4.5669
-116.94,-3.95303
-116.94,-3.3413
-116.94,-2.73136
-116.95,-2.12289
-116.94,-1.51555
-116.93,-0.90901
-116.92,-0.30295
-114.78,0.302949
-114.78,0.909006
-114.76,1.515545
-114.76,2.122888
-114.76,2.731362
-114.77,3.341297
-114.77,3.953028
-114.78,4.566898
-114.77,5.183259
-114.74,5.802471
-114.75,6.424907
-114.75,7.050952
-114.75,7.681006
-114.73,8.315488
-114.72,8.954834
-114.7,9.599501
-114.69,10.24997
-114.68,10.90676
-114.66,11.5704
-114.64,12.24148
-114.61,12.92059
-114.6,13.60841
-114.6,14.30563
-114.6,15.01303
-117.07,15.73141
-117.08,16.46168
-117.1,17.20481
-117.11,17.96188
-117.11,18.73404
-117.13,19.5226
-117.12,20.32899
-117.11,21.15481
-117.12,22.00185
-117.14,22.87213
-117.16,23.76793
-117.16,24.69184
-117.18,25.64687
-117.2,26.63647
-117.2,27.66467
-117.32,28.73624
-117.1,29.85687
-117.28,31.03341
-117.3,32.27427
-117.39,33.58996
-117.45,34.99383
-117.18,36.50335
-117.18,38.14207
-117.18,39.94304
-115.22,-39.943
-115.24,-38.1421
-115.26,-36.5034
-115.22,-34.9938
-115.35,-33.59
-115.33,-32.2743
-115.34,-31.0334
-115.34,-29.8569
-115.36,-28.7362
-115.32,-27.6647
-115.33,-26.6365
-115.34,-25.6469
-115.34,-24.6918
-115.35,-23.7679
-115.34,-22.8721
-115.34,-22.0019
-115.34,-21.1548
-115.34,-20.329
-115.32,-19.5226
-115.33,-18.734
-115.32,-17.9619
-115.31,-17.2048
-115.31,-16.4617
-115.31,-15.7314
-117.74,-15.013
-117.71,-14.3056
-117.68,-13.6084
-117.65,-12.9206
-117.63,-12.2415
-117.62,-11.5704
-117.59,-10.9068
-117.57,-10.25
-117.56,-9.5995
-117.56,-8.95483
-117.55,-8.31549
-117.53,-7.68101
-117.52,-7.05095
-117.51,-6.42491
-117.5,-5.80247
-117.5,-5.18326
-117.48,-4.5669
-117.46,-3.95303
-117.46,-3.3413
-117.46,-2.73136
-117.47,-2.12289
-117.46,-1.51555
-117.45,-0.90901
-117.44,-0.30295
-115.3,0.302949
-115.3,0.909006
-115.28,1.515545
-115.28,2.122888
-115.28,2.731362
-115.29,3.341297
-115.29,3.953028
-115.3,4.566898
-115.29,5.183259
-115.26,5.802471
-115.27,6.424907
-115.27,7.050952
-115.27,7.681006
-115.25,8.315488
-115.24,8.954834
-115.22,9.599501
-115.21,10.24997
-115.2,10.90676
-115.18,11.5704
-115.16,12.24148
-115.13,12.92059
-115.12,13.60841
-115.12,14.30563
-115.12,15.01303
-117.59,15.73141
-117.6,16.46168
-117.62,17.20481
-117.63,17.96188
-117.63,18.73404
-117.65,19.5226
-117.64,20.32899
-117.63,21.15481
-117.64,22.00185
-117.66,22.87213
-117.68,23.76793
-117.68,24.69184
-117.7,25.64687
-117.72,26.63647
-117.72,27.66467
-117.84,28.73624
-117.62,29.85687
-117.8,31.03341
-117.82,32.27427
-117.91,33.58996
-117.97,34.99383
-117.7,36.50335
-117.7,38.14207
-117.7,39.94304
-115.73,-39.943
-115.75,-38.1421
-115.77,-36.5034
-115.73,-34.9938
-115.86,-33.59
-115.84,-32.2743
-115.85,-31.0334
-115.85,-29.8569
-115.87,-28.7362
-115.83,-27.6647
-115.84,-26.6365
-115.85,-25.6469
-115.85,-24.6918
-115.86,-23.7679
-115.85,-22.8721
-115.85,-22.0019
-115.85,-21.1548
-115.85,-20.329
-115.83,-19.5226
-115.84,-18.734
-115.83,-17.9619
-115.82,-17.2048
-115.82,-16.4617
-115.82,-15.7314
-118.25,-15.013
-118.22,-14.3056
-118.19,-13.6084
-118.16,-12.9206
-118.14,-12.2415
-118.13,-11.5704
-118.1,-10.9068
-118.08,-10.25
-118.07,-9.5995
-118.07,-8.95483
-118.06,-8.31549
-118.04,-7.68101
-118.03,-7.05095
-118.02,-6.42491
-118.01,-5.80247
-118.01,-5.18326
-117.99,-4.5669
-117.97,-3.95303
-117.97,-3.3413
-117.97,-2.73136
-117.98,-2.12289
-117.97,-1.51555
-117.96,-0.90901
-117.95,-0.30295
-115.81,0.302949
-115.81,0.909006
-115.79,1.515545
-115.79,2.122888
-115.79,2.731362
-115.8,3.341297
-115.8,3.953028
-115.81,4.566898
-115.8,5.183259
-115.77,5.802471
-115.78,6.424907
-115.78,7.050952
-115.78,7.681006
-115.76,8.315488
-115.75,8.954834
-115.73,9.599501
-115.72,10.24997
-115.71,10.90676
-115.69,11.5704
-115.67,12.24148
-115.64,12.92059
-115.63,13.60841
-115.63,14.30563
-115.63,15.01303
-118.1,15.73141
-118.11,16.46168
-118.13,17.20481
-118.14,17.96188
-118.14,18.73404
-118.16,19.5226
-118.15,20.32899
-118.14,21.15481
-118.15,22.00185
-118.17,22.87213
-118.19,23.76793
-118.19,24.69184
-118.21,25.64687
-118.23,26.63647
-118.23,27.66467
-118.35,28.73624
-118.13,29.85687
-118.31,31.03341
-118.33,32.27427
-118.42,33.58996
-118.48,34.99383
-118.21,36.50335
-118.21,38.14207
-118.21,39.94304
-116.25,-39.943
-116.27,-38.1421
-116.29,-36.5034
-116.25,-34.9938
-116.38,-33.59
-116.36,-32.2743
-116.37,-31.0334
-116.37,-29.8569
-116.39,-28.7362
-116.35,-27.6647
-116.36,-26.6365
-116.37,-25.6469
-116.37,-24.6918
-116.38,-23.7679
-116.37,-22.8721
-116.37,-22.0019
-116.37,-21.1548
-116.37,-20.329
-116.35,-19.5226
-116.36,-18.734
-116.35,-17.9619
-116.34,-17.2048
-116.34,-16.4617
-116.34,-15.7314
-118.77,-15.013
-118.74,-14.3056
-118.71,-13.6084
-118.68,-12.9206
-118.66,-12.2415
-118.65,-11.5704
-118.62,-10.9068
-118.6,-10.25
-118.59,-9.5995
-118.59,-8.95483
-118.58,-8.31549
-118.56,-7.68101
-118.55,-7.05095
-118.54,-6.42491
-118.53,-5.80247
-118.53,-5.18326
-118.51,-4.5669
-118.49,-3.95303
-118.49,-3.3413
-118.49,-2.73136
-118.5,-2.12289
-118.49,-1.51555
-118.48,-0.90901
-118.47,-0.30295
-116.33,0.302949
-116.33,0.909006
-116.31,1.515545
-116.31,2.122888
-116.31,2.731362
-116.32,3.341297
-116.32,3.953028
-116.33,4.566898
-116.32,5.183259
-116.29,5.802471
-116.3,6.424907
-116.3,7.050952
-116.3,7.681006
-116.28,8.315488
-116.27,8.954834
-116.25,9.599501
-116.24,10.24997
-116.23,10.90676
-116.21,11.5704
-116.19,12.24148
-116.16,12.92059
-116.15,13.60841
-116.15,14.30563
-116.15,15.01303
-118.62,15.73141
-118.63,16.46168
-118.65,17.20481
-118.66,17.96188
-118.66,18.73404
-118.68,19.5226
-118.67,20.32899
-118.66,21.15481
-118.67,22.00185
-118.69,22.87213
-118.71,23.76793
-118.71,24.69184
-118.73,25.64687
-118.75,26.63647
-118.75,27.66467
-118.87,28.73624
-118.65,29.85687
-118.83,31.03341
-118.85,32.27427
-118.94,33.58996
-119.0,34.99383
-118.73,36.50335
-118.73,38.14207
-118.73,39.94304
-116.76,-39.943
-116.78,-38.1421
-116.8,-36.5034
-116.76,-34.9938
-116.89,-33.59
-116.87,-32.2743
-116.88,-31.0334
-116.88,-29.8569
-116.9,-28.7362
-116.86,-27.6647
-116.87,-26.6365
-116.88,-25.6469
-116.88,-24.6918
-116.89,-23.7679
-116.88,-22.8721
-116.88,-22.0019
-116.88,-21.1548
-116.88,-20.329
-116.86,-19.5226
-116.87,-18.734
-116.86,-17.9619
-116.85,-17.2048
-116.85,-16.4617
-116.85,-15.7314
-119.28,-15.013
-119.25,-14.3056
-119.22,-13.6084
-119.19,-12.9206
-119.17,-12.2415
-119.16,-11.5704
-119.13,-10.9068
-119.11,-10.25
-119.1,-9.5995
-119.1,-8.95483
-119.09,-8.31549
-119.07,-7.68101
-119.06,-7.05095
-119.05,-6.42491
-119.04,-5.80247
-119.04,-5.18326
-119.02,-4.5669
-119.0,-3.95303
-119.0,-3.3413
-119.0,-2.73136
-119.01,-2.12289
-119.0,-1.51555
-118.99,-0.90901
-118.98,-0.30295
-116.84,0.302949
-116.84,0.909006
-116.82,1.515545
-116.82,2.122888
-116.82,2.731362
-116.83,3.341297
-116.83,3.953028
-116.84,4.566898
-116.83,5.183259
-116.8,5.802471
-116.81,6.424907
-116.81,7.050952
-116.81,7.681006
-116.79,8.315488
-116.78,8.954834
-116.76,9.599501
-116.75,10.24997
-116.74,10.90676
-116.72,11.5704
-116.7,12.24148
-116.67,12.92059
-116.66,13.60841
-116.66,14.30563
-116.66,15.01303
-119.13,15.73141
-119.14,16.46168
-119.16,17.20481
-119.17,17.96188
-119.17,18.73404
-119.19,19.5226
-119.18,20.32899
-119.17,21.15481
-119.18,22.00185
-119.2,22.87213
-119.22,23.76793
-119.22,24.69184
-119.24,25.64687
-119.26,26.63647
-119.26,27.66467
-119.38,28.73624
-119.16,29.85687
-119.34,31.03341
-119.36,32.27427
-119.45,33.58996
-119.51,34.99383
-119.24,36.50335
-119.24,38.14207
-119.24,39.94304
-117.28,-39.943
-117.3,-38.1421
-117.32,-36.5034
-117.28,-34.9938
-117.41,-33.59
-117.39,-32.2743
-117.4,-31.0334
-117.4,-29.8569
-117.42,-28.7362
-117.38,-27.6647
-117.39,-26.6365
-117.4,-25.6469
-117.4,-24.6918
-117.41,-23.7679
-117.4,-22.8721
-117.4,-22.0019
-117.4,-21.1548
-117.4,-20.329
-117.38,-19.5226
-117.39,-18.734
-117.38,-17.9619
-117.37,-17.2048
-117.37,-16.4617
-117.37,-15.7314
-119.8,-15.013
-119.77,-14.3056
-119.74,-13.6084
-119.71,-12.9206
-119.69,-12.2415
-119.68,-11.5704
-119.65,-10.9068
-119.63,-10.25
-119.62,-9.5995
-119.62,-8.95483
-119.61,-8.31549
-119.59,-7.68101
-119.58,-7.05095
-119.57,-6.42491
-119.56,-5.80247
-119.56,-5.18326
-119.54,-4.5669
-119.52,-3.95303
-119.52,-3.3413
-119.52,-2.73136
-119.53,-2.12289
-119.52,-1.51555
-119.51,-0.90901
-119.5,-0.30295
-117.36,0.302949
-117.36,0.909006
-117.34,1.515545
-117.34,2.122888
-117.34,2.731362
-117.35,3.341297
-117.35,3.953028
-117.36,4.566898
-117.35,5.183259
-117.32,5.802471
-117.33,6.424907
-117.33,7.050952
-117.33,7.681006
-117.31,8.315488
-117.3,8.954834
-117.28,9.599501
-117.27,10.24997
-117.26,10.90676
-117.24,11.5704
-117.22,12.24148
-117.19,12.92059
-117.18,13.60841
-117.18,14.30563
-117.18,15.01303
-119.65,15.73141
-119.66,16.46168
-119.68,17.20481
-119.69,17.96188
-119.69,18.73404
-119.71,19.5226
-119.7,20.32899
-119.69,21.15481
-119.7,22.00185
-119.72,22.87213
-119.74,23.76793
-119.74,24.69184
-119.76,25.64687
-119.78,26.63647
-119.78,27.66467
-119.9,28.73624
-119.68,29.85687
-119.86,31.03341
-119.88,32.27427
-119.97,33.58996
-120.03,34.99383
-119.76,36.50335
-119.76,38.14207
-119.76,39.94304
-117.8,-39.943
-117.82,-38.1421
-117.84,-36.5034
-117.8,-34.9938
-117.93,-33.59
-117.91,-32.2743
-117.92,-31.0334
-117.92,-29.8569
-117.94,-28.7362
-117.9,-27.6647
-117.91,-26.6365
-117.92,-25.6469
-117.92,-24.6918
-117.93,-23.7679
-117.92,-22.8721
-117.92,-22.0019
-117.92,-21.1548
-117.92,-20.329
-117.9,-19.5226
-117.91,-18.734
-117.9,-17.9619
-117.89,-17.2048
-117.89,-16.4617
-117.89,-15.7314
-120.32,-15.013
-120.29,-14.3056
-120.26,-13.6084
-120.23,-12.9206
-120.21,-12.2415
-120.2,-11.5704
-120.17,-10.9068
-120.15,-10.25
-120.14,-9.5995
-120.14,-8.95483
-120.13,-8.31549
-120.11,-7.68101
-120.1,-7.05095
-120.09,-6.42491
-120.08,-5.80247
-120.08,-5.18326
-120.06,-4.5669
-120.04,-3.95303
-120.04,-3.3413
-120.04,-2.73136
-120.05,-2.12289
-120.04,-1.51555
-120.03,-0.90901
-120.02,-0.30295
-117.88,0.302949
-117.88,0.909006
-117.86,1.515545
-117.86,2.122888
-117.86,2.731362
-117.87,3.341297
-117.87,3.953028
-117.88,4.566898
-117.87,5.183259
-117.84,5.802471
-117.85,6.424907
-117.85,7.050952
-117.85,7.681006
-117.83,8.315488
-117.82,8.954834
-117.8,9.599501
-117.79,10.24997
-117.78,10.90676
-117.76,11.5704
-117.74,12.24148
-117.71,12.92059
-117.7,13.60841
-117.7,14.30563
-117.7,15.01303
-120.17,15.73141
-120.18,16.46168
-120.2,17.20481
-120.21,17.96188
-120.21,18.73404
-120.23,19.5226
-120.22,20.32899
-120.21,21.15481
-120.22,22.00185
-120.24,22.87213
-120.26,23.76793
-120.26,24.69184
-120.28,25.64687
-120.3,26.63647
-120.3,27.66467
-120.42,28.73624
-120.2,29.85687
-120.38,31.03341
-120.4,32.27427
-120.49,33.58996
-120.55,34.99383
-120.28,36.50335
-120.28,38.14207
-120.28,39.94304
-118.31,-39.943
-118.33,-38.1421
-118.35,-36.5034
-118.31,-34.9938
-118.44,-33.59
-118.42,-32.2743
-118.43,-31.0334
-118.43,-29.8569
-118.45,-28.7362
-118.41,-27.6647
-118.42,-26.6365
-118.43,-25.6469
-118.43,-24.6918
-118.44,-23.7679
-118.43,-22.8721
-118.43,-22.0019
-118.43,-21.1548
-118.43,-20.329
-118.41,-19.5226
-118.42,-18.734
-118.41,-17.9619
-118.4,-17.2048
-118.4,-16.4617
-118.4,-15.7314
-120.83,-15.013
-120.8,-14.3056
-120.77,-13.6084
-120.74,-12.9206
-120.72,-12.2415
-120.71,-11.5704
-120.68,-10.9068
-120.66,-10.25
-120.65,-9.5995
-120.65,-8.95483
-120.64,-8.31549
-120.62,-7.68101
-120.61,-7.05095
-120.6,-6.42491
-120.59,-5.80247
-120.59,-5.18326
-120.57,-4.5669
-120.55,-3.95303
-120.55,-3.3413
-120.55,-2.73136
-120.56,-2.12289
-120.55,-1.51555
-120.54,-0.90901
-120.53,-0.30295
-118.39,0.302949
-118.39,0.909006
-118.37,1.515545
-118.37,2.122888
-118.37,2.731362
-118.38,3.341297
-118.38,3.953028
-118.39,4.566898
-118.38,5.183259
-118.35,5.802471
-118.36,6.424907
-118.36,7.050952
-118.36,7.681006
-118.34,8.315488
-118.33,8.954834
-118.31,9.599501
-118.3,10.24997
-118.29,10.90676
-118.27,11.5704
-118.25,12.24148
-118.22,12.92059
-118.21,13.60841
-118.21,14.30563
-118.21,15.01303
-120.68,15.73141
-120.69,16.46168
-120.71,17.20481
-120.72,17.96188
-120.72,18.73404
-120.74,19.5226
-120.73,20.32899
-120.72,21.15481
-120.73,22.00185
-120.75,22.87213
-120.77,23.76793
-120.77,24.69184
-120.79,25.64687
-120.81,26.63647
-120.81,27.66467
-120.93,28.73624
-120.71,29.85687
-120.89,31.03341
-120.91,32.27427
-121.0,33.58996
-121.06,34.99383
-120.79,36.50335
-120.79,38.14207
-120.79,39.94304
-118.83,-39.943
-118.85,-38.1421
-118.87,-36.5034
-118.83,-34.9938
-118.96,-33.59
-118.94,-32.2743
-118.95,-31.0334
-118.95,-29.8569
-118.97,-28.7362
-118.93,-27.6647
-118.94,-26.6365
-118.95,-25.6469
-118.95,-24.6918
-118.96,-23.7679
-118.95,-22.8721
-118.95,-22.0019
-118.95,-21.1548
-118.95,-20.329
-118.93,-19.5226
-118.94,-18.734
-118.93,-17.9619
-118.92,-17.2048
-118.92,-16.4617
-118.92,-15.7314
-121.35,-15.013
-121.32,-14.3056
-121.29,-13.6084
-121.26,-12.9206
-121.24,-12.2415
-121.23,-11.5704
-121.2,-10.9068
-121.18,-10.25
-121.17,-9.5995
-121.17,-8.95483
-121.16,-8.31549
-121.14,-7.68101
-121.13,-7.05095
-121.12,-6.42491
-121.11,-5.80247
-121.11,-5.18326
-121.09,-4.5669
-121.07,-3.95303
-121.07,-3.3413
-121.07,-2.73136
-121.08,-2.12289
-121.07,-1.51555
-121.06,-0.90901
-121.05,-0.30295
-118.91,0.302949
-118.91,0.909006
-118.89,1.515545
-118.89,2.122888
-118.89,2.731362
-118.9,3.341297
-118.9,3.953028
-118.91,4.566898
-118.9,5.183259
-118.87,5.802471
-118.88,6.424907
-118.88,7.050952
-118.88,7.681006
-118.86,8.315488
-118.85,8.954834
-118.83,9.599501
-118.82,10.24997
-118.81,10.90676
-118.79,11.5704
-118.77,12.24148
-118.74,12.92059
-118.73,13.60841
-118.73,14.30563
-118.73,15.01303
-121.2,15.73141
-121.21,16.46168
-121.23,17.20481
-121.24,17.96188
-121.24,18.73404
-121.26,19.5226
-121.25,20.32899
-121.24,21.15481
-121.25,22.00185
-121.27,22.87213
-121.29,23.76793
-121.29,24.69184
-121.31,25.64687
-121.33,26.63647
-121.33,27.66467
-121.45,28.73624
-121.23,29.85687
-121.41,31.03341
-121.43,32.27427
-121.52,33.58996
-121.58,34.99383
-121.31,36.50335
-121.31,38.14207
-121.31,39.94304
-119.34,-39.943
-119.36,-38.1421
-119.38,-36.5034
-119.34,-34.9938
-119.47,-33.59
-119.45,-32.2743
-119.46,-31.0334
-119.46,-29.8569
-119.48,-28.7362
-119.44,-27.6647
-119.45,-26.6365
-119.46,-25.6469
-119.46,-24.6918
-119.47,-23.7679
-119.46,-22.8721
-119.46,-22.0019
-119.46,-21.1548
-119.46,-20.329
-119.44,-19.5226
-119.45,-18.734
-119.44,-17.9619
-119.43,-17.2048
-119.43,-16.4617
-119.43,-15.7314
-121.86,-15.013
-121.83,-14.3056
-121.8,-13.6084
-121.77,-12.9206
-121.75,-12.2415
-121.74,-11.5704
-121.71,-10.9068
-121.69,-10.25
-121.68,-9.5995
-121.68,-8.95483
-121.67,-8.31549
-121.65,-7.68101
-121.64,-7.05095
-121.63,-6.42491
-121.62,-5.80247
-121.62,-5.18326
-121.6,-4.5669
-121.58,-3.95303
-121.58,-3.3413
-121.58,-2.73136
-121.59,-2.12289
-121.58,-1.51555
-121.57,-0.90901
-121.56,-0.30295
-119.42,0.302949
-119.42,0.909006
-119.4,1.515545
-119.4,2.122888
-119.4,2.731362
-119.41,3.341297
-119.41,3.953028
-119.42,4.566898
-119.41,5.183259
-119.38,5.802471
-119.39,6.424907
-119.39,7.050952
-119.39,7.681006
-119.37,8.315488
-119.36,8.954834
-119.34,9.599501
-119.33,10.24997
-119.32,10.90676
-119.3,11.5704
-119.28,12.24148
-119.25,12.92059
-119.24,13.60841
-119.24,14.30563
-119.24,15.01303
-121.71,15.73141
-121.72,16.46168
-121.74,17.20481
-121.75,17.96188
-121.75,18.73404
-121.77,19.5226
-121.76,20.32899
-121.75,21.15481
-121.76,22.00185
-121.78,22.87213
-121.8,23.76793
-121.8,24.69184
-121.82,25.64687
-121.84,26.63647
-121.84,27.66467
-121.96,28.73624
-121.74,29.85687
-121.92,31.03341
-121.94,32.27427
-122.03,33.58996
-122.09,34.99383
-121.82,36.50335
-121.82,38.14207
-121.82,39.94304
-119.86,-39.943
-119.88,-38.1421
-119.9,-36.5034
-119.86,-34.9938
-119.99,-33.59
-119.97,-32.2743
-119.98,-31.0334
-119.98,-29.8569
-120.0,-28.7362
-119.96,-27.6647
-119.97,-26.6365
-119.98,-25.6469
-119.98,-24.6918
-119.99,-23.7679
-119.98,-22.8721
-119.98,-22.0019
-119.98,-21.1548
-119.98,-20.329
-119.96,-19.5226
-119.97,-18.734
-119.96,-17.9619
-119.95,-17.2048
-119.95,-16.4617
-119.95,-15.7314
-122.38,-15.013
-122.35,-14.3056
-122.32,-13.6084
-122.29,-12.9206
-122.27,-12.2415
-122.26,-11.5704
-122.23,-10.9068
-122.21,-10.25
-122.2,-9.5995
-122.2,-8.95483
-122.19,-8.31549
-122.17,-7.68101
-122.16,-7.05095
-122.15,-6.42491
-122.14,-5.80247
-122.14,-5.18326
-122.12,-4.5669
-122.1,-3.95303
-122.1,-3.3413
-122.1,-2.73136
-122.11,-2.12289
-122.1,-1.51555
-122.09,-0.90901
-122.08,-0.30295
-119.94,0.302949
-119.94,0.909006
-119.92,1.515545
-119.92,2.122888
-119.92,2.731362
-119.93,3.341297
-119.93,3.953028
-119.94,4.566898
-119.93,5.183259
-119.9,5.802471
-119.91,6.424907
-119.91,7.050952
-119.91,7.681006
-119.89,8.315488
-119.88,8.954834
-119.86,9.599501
-119.85,10.24997
-119.84,10.90676
-119.82,11.5704
-119.8,12.24148
-119.77,12.92059
-119.76,13.60841
-119.76,14.30563
-119.76,15.01303
-122.23,15.73141
-122.24,16.46168
-122.26,17.20481
-122.27,17.96188
-122.27,18.73404
-122.29,19.5226
-122.28,20.32899
-122.27,21.15481
-122.28,22.00185
-122.3,22.87213
-122.32,23.76793
-122.32,24.69184
-122.34,25.64687
-122.36,26.63647
-122.36,27.66467
-122.48,28.73624
-122.26,29.85687
-122.44,31.03341
-122.46,32.27427
-122.55,33.58996
-122.61,34.99383
-122.34,36.50335
-122.34,38.14207
-122.34,39.94304
-120.38,-39.943
-120.4,-38.1421
-120.42,-36.5034
-120.38,-34.9938
-120.51,-33.59
-120.49,-32.2743
-120.5,-31.0334
-120.5,-29.8569
-120.52,-28.7362
-120.48,-27.6647
-120.49,-26.6365
-120.5,-25.6469
-120.5,-24.6918
-120.51,-23.7679
-120.5,-22.8721
-120.5,-22.0019
-120.5,-21.1548
-120.5,-20.329
-120.48,-19.5226
-120.49,-18.734
-120.48,-17.9619
-120.47,-17.2048
-120.47,-16.4617
-120.47,-15.7314
-122.9,-15.013
-122.87,-14.3056
-122.84,-13.6084
-122.81,-12.9206
-122.79,-12.2415
-122.78,-11.5704
-122.75,-10.9068
-122.73,-10.25
-122.72,-9.5995
-122.72,-8.95483
-122.71,-8.31549
-122.69,-7.68101
-122.68,-7.05095
-122.67,-6.42491
-122.66,-5.80247
-122.66,-5.18326
-122.64,-4.5669
-122.62,-3.95303
-122.62,-3.3413
-122.62,-2.73136
-122.63,-2.12289
-122.62,-1.51555
-122.61,-0.90901
-122.6,-0.30295
-120.46,0.302949
-120.46,0.909006
-120.44,1.515545
-120.44,2.122888
-120.44,2.731362
-120.45,3.341297
-120.45,3.953028
-120.46,4.566898
-120.45,5.183259
-120.42,5.802471
-120.43,6.424907
-120.43,7.050952
-120.43,7.681006
-120.41,8.315488
-120.4,8.954834
-120.38,9.599501
-120.37,10.24997
-120.36,10.90676
-120.34,11.5704
-120.32,12.24148
-120.29,12.92059
-120.28,13.60841
-120.28,14.30563
-120.28,15.01303
-122.75,15.73141
-122.76,16.46168
-122.78,17.20481
-122.79,17.96188
-122.79,18.73404
-122.81,19.5226
-122.8,20.32899
-122.79,21.15481
-122.8,22.00185
-122.82,22.87213
-122.84,23.76793
-122.84,24.69184
-122.86,25.64687
-122.88,26.63647
-122.88,27.66467
-123.0,28.73624
-122.78,29.85687
-122.96,31.03341
-122.98,32.27427
-123.07,33.58996
-123.13,34.99383
-122.86,36.50335
-122.86,38.14207
-122.86,39.94304
-120.89,-39.943
-120.91,-38.1421
-120.93,-36.5034
-120.89,-34.9938
-121.02,-33.59
-121.0,-32.2743
-121.01,-31.0334
-121.01,-29.8569
-121.03,-28.7362
-120.99,-27.6647
-121.0,-26.6365
-121.01,-25.6469
-121.01,-24.6918
-121.02,-23.7679
-121.01,-22.8721
-121.01,-22.0019
-121.01,-21.1548
-121.01,-20.329
-120.99,-19.5226
-121.0,-18.734
-120.99,-17.9619
-120.98,-17.2048
-120.98,-16.4617
-120.98,-15.7314
-123.41,-15.013
-123.38,-14.3056
-123.35,-13.6084
-123.32,-12.9206
-123.3,-12.2415
-123.29,-11.5704
-123.26,-10.9068
-123.24,-10.25
-123.23,-9.5995
-123.23,-8.95483
-123.22,-8.31549
-123.2,-7.68101
-123.19,-7.05095
-123.18,-6.42491
-123.17,-5.80247
-123.17,-5.18326
-123.15,-4.5669
-123.13,-3.95303
-123.13,-3.3413
-123.13,-2.73136
-123.14,-2.12289
-123.13,-1.51555
-123.12,-0.90901
-123.11,-0.30295
-120.97,0.302949
-120.97,0.909006
-120.95,1.515545
-120.95,2.122888
-120.95,2.731362
-120.96,3.341297
-120.96,3.953028
-120.97,4.566898
-120.96,5.183259
-120.93,5.802471
-120.94,6.424907
-120.94,7.050952
-120.94,7.681006
-120.92,8.315488
-120.91,8.954834
-120.89,9.599501
-120.88,10.24997
-120.87,10.90676
-120.85,11.5704
-120.83,12.24148
-120.8,12.92059
-120.79,13.60841
-120.79,14.30563
-120.79,15.01303
-123.26,15.73141
-123.27,16.46168
-123.29,17.20481
-123.3,17.96188
-123.3,18.73404
-123.32,19.5226
-123.31,20.32899
-123.3,21.15481
-123.31,22.00185
-123.33,22.87213
-123.35,23.76793
-123.35,24.69184
-123.37,25.64687
-123.39,26.63647
-123.39,27.66467
-123.51,28.73624
-123.29,29.85687
-123.47,31.03341
-123.49,32.27427
-123.58,33.58996
-123.64,34.99383
-123.37,36.50335
-123.37,38.14207
-123.37,39.94304
-121.41,-39.943
-121.43,-38.1421
-121.45,-36.5034
-121.41,-34.9938
-121.54,-33.59
-121.52,-32.2743
-121.53,-31.0334
-121.53,-29.8569
-121.55,-28.7362
-121.51,-27.6647
-121.52,-26.6365
-121.53,-25.6469
-121.53,-24.6918
-121.54,-23.7679
-121.53,-22.8721
-121.53,-22.0019
-121.53,-21.1548
-121.53,-20.329
-121.51,-19.5226
-121.52,-18.734
-121.51,-17.9619
-121.5,-17.2048
-121.5,-16.4617
-121.5,-15.7314
-123.93,-15.013
-123.9,-14.3056
-123.87,-13.6084
-123.84,-12.9206
-123.82,-12.2415
-123.81,-11.5704
-123.78,-10.9068
-123.76,-10.25
-123.75,-9.5995
-123.75,-8.95483
-123.74,-8.31549
-123.72,-7.68101
-123.71,-7.05095
-123.7,-6.42491
-123.69,-5.80247
-123.69,-5.18326
-123.67,-4.5669
-123.65,-3.95303
-123.65,-3.3413
-123.65,-2.73136
-123.66,-2.12289
-123.65,-1.51555
-123.64,-0.90901
-123.63,-0.30295
-121.49,0.302949
-121.49,0.909006
-121.47,1.515545
-121.47,2.122888
-121.47,2.731362
-121.48,3.341297
-121.48,3.953028
-121.49,4.566898
-121.48,5.183259
-121.45,5.802471
-121.46,6.424907
-121.46,7.050952
-121.46,7.681006
-121.44,8.315488
-121.43,8.954834
-121.41,9.599501
-121.4,10.24997
-121.39,10.90676
-121.37,11.5704
-121.35,12.24148
-121.32,12.92059
-121.31,13.60841
-121.31,14.30563
-121.31,15.01303
-123.78,15.73141
-123.79,16.46168
-123.81,17.20481
-123.82,17.96188
-123.82,18.73404
-123.84,19.5226
-123.83,20.32899
-123.82,21.15481
-123.83,22.00185
-123.85,22.87213
-123.87,23.76793
-123.87,24.69184
-123.89,25.64687
-123.91,26.63647
-123.91,27.66467
-124.03,28.73624
-123.81,29.85687
-123.99,31.03341
-124.01,32.27427
-124.1,33.58996
-124.16,34.99383
-123.89,36.50335
-123.89,38.14207
-123.89,39.94304